TVNJX0RPX1lPVV9BR1JFRQ==,Vm9jw6ogZGVzZWphIGFzc2lzdGlyIG8gUmVwbGF5Pw==
TVNJX1NFUlZFUl9DT05ORUNUSU9OX0ZBSUxFRA==,TsOjbyBmb2kgcG9zc8OtdmVsIGNvbmVjdGFyLXNlIGFvIHNlcnZpZG9yLg==
TVNJX1VOQUJMRV9UT19DT05ORUNUX1NFUlZFUg==,RGVzY29uZWN0YWRvIGRvIHNlcnZpZG9yLg==
TVNJX0JBTk5FRA==,RGVzY29uZWN0YWRvIGRvIHNlcnZpZG9yLg==
TVNJX1NFUlZFUl9PRkY=,U2Vydmlkb3IgZGVzbGlnYWRvLCBhZ3VhcmRlIHJlbGlnYcOnw6NvLg==
TVNJX0RPVUJMRV9MT0dJTl9QUk9ISUJJVEVE,QWxndcOpbSBqw6EgZXN0w6EgdXRpbGl6YW5kbyBlc3RhIGNvbnRhLg==
TVNJX0lOQ09SUkVDVF9VU0VSSUQ=,Q29udGEgbsOjbyByZWdpc3RyYWRhLiBDZXJ0aWZpcXVlLXNlIGRlIHF1ZSByZWdpc3Ryb3UgY29ycmV0YW1lbnRlLg==
TVNJX0lOQ09SUkVDVF9QQVNTV09SRA==,U2VuaGEgaW5jb3JyZXRhLiBUZW50ZSBub3ZhbWVudGUu
TVNJX0lEX0VYUElSRUQ=,RXN0YSBjb250YSBleHBpcm91IGUgbsOjbyDDqSBtYWlzIHbDoWxpZGEu
TVNJX0FDQ0VTU19ERU5JRUQ=,UmVjdXNhZG8gcGVsbyBzZXJ2aWRvci4=
TVNJX0NIQVJBQ1RFUl9OQU1FX0FMUkVBRFlfRVhJU1RT,SsOhIGV4aXN0ZSB1bSBwZXJzb25hZ2VtIGNvbSBlc3RlIG5vbWUu
TVNJX0NIQVJBQ1RFUl9DUkVBVElPTl9ERU5JRUQ=,Q3JpYcOnw6NvIGRlIHBlcnNvbmFnZW0gbmVnYWRhLg==
TVNJX0NBTk5PVF9ERUxFVEVfQ0hBUkFDVEVS,VGVudGF0aXZhIGRlIGRlbGV0YXIgcGVyc29uYWdlbSBuZWdhZGEu
TVNJX0VOVEVSX1JPT01fVElUTEU=,RGlnaXRlIG8gbm9tZSBkZSBzdWEgc2FsYS4=
TVNJX0JBRF9TRU5UQU5HRQ==,Vm91IGxhdmFyIHN1YSBib2NhIGNvbSBzYWLDo28h
TVNJX0VOVEVSX1BBU1NXT1JE,RGlnaXRlIHN1YSBzZW5oYS4=
TVNJX0VudGVyX1Bhc3N3b3JkX21vcmVfdGhhbl80X2NoYXI=,RGlnaXRlIHN1YSBzZW5oYS4gQSBzZW5oYSBkZXZlIHRlciBwZWxvIG1lbm9zIDQgY2FyYWN0ZXJlcy4=
TVNJX0RPX1lPVV9SRUFMTFlfV0FOVF9UT19RVUlU,VGVtIGNlcnRlemEgcXVlIGRlc2VqYSBzYWlyPw==
TVNJX05BTUVfTVVTVF9FWENFRURfNF9DSEFS,QXMgc2VuaGFzIGRldmVtIHRlciBwZWxvIG1lbm9zIDQgY2FyYWN0ZXJlcy4gIFRlbnRlIG5vdmFtZW50ZS4=
TVNJX0RFTEVURV9DSEFSQUNURVI=,VGVtIGNlcnRlemEgcXVlIGRlc2VqYSBkZWxldGFyIGVzdGUgcGVyc29uYWdlbT8=
TVNJX0JBRF9OQU1F,Vm91IGxhdmFyIHN1YSBib2NhIGNvbSBzYWLDo28h
TVNJX0VOVEVSX05BTUVfTU9SRV9USEFOXzRfQ0hBUg==,TyBub21lIGRvIHBlcnNvbmFnZW0gZGV2ZSB0ZXIgcGVsbyBtZW5vcyA0IGNhcmFjdGVyZXMu
TVNJX0xJU1RfQ09NTUFORA==,TGlzdGEgZGUgY29tYW5kb3M6IC9o
TVNJX0VGRkVDVF9PTg==,RWZlaXRvcyBMaWdhZG9z
TVNJX0VGRkVDVF9PRkY=,RWZlaXRvcyBEZXNsaWdhZG9z
TVNJX1ZPTFVNRV9PRl9TT1VORA==,Vm9sdW1lIGRlIFNvbQ==
TVNJX1ZPTFVNRV9PRl9CR00=,Vm9sdW1lIGRlIE3DunNpY2EgZGUgRnVuZG8=
TVNJX1NPVU5EX09O,RWZlaXRvcyBTb25vcm9zIExpZ2Fkb3M=
TVNJX1NPVU5EX09GRg==,RWZlaXRvcyBTb25vcm9zIERlc2xpZ2Fkb3M=
TVNJX0ZSQU1FX1NLSVBfT04=,UHVsYXIgRnJhbWVzIExpZ2Fkbw==
TVNJX0ZSQU1FX1NLSVBfT0ZG,UHVsYXIgRnJhbWVzIERlc2xpZ2Fkbw==
TVNJX0JHTV9PTg==,TcO6c2ljYSBkZSBGdW5kbyBMaWdhZGE=
TVNJX0JHTV9PRkY=,TcO6c2ljYSBkZSBGdW5kbyBEZXNsaWdhZGE=
TVNJX0VYUExBSU5fSEVMUA==,L2ggb3UgL2hlbHA6IE1vc3RyYSBhIGxpc3RhIGRlIGNvbWFuZG9zLg==
TVNJX0VYUExBSU5fV0hP,L3cgb3IgL3dobzogIEV4aWJlIG8gbsO6bWVybyBkZSBwZXJzb25hZ2VucyBjb25lY3RhZG9zLg==
TVNJX0VYUExBSU5fTVVTSUM=,L211c2ljOiBMaWdhIG91IERlc2xpZ2EgYSBNw7pzaWNhIGRlIEZ1bmRv
TVNJX0VYUExBSU5fU09VTkQ=,L3NvdW5kOiBMaWdhIG91IERlc2xpZ2Egb3MgRWZlaXRvcyBTb25vcm9z
TVNJX0VYUExBSU5fRUZGRUNU,L2VmZmVjdDogTGlnYSBvdSBEZXNsaWdhIGFsZ3VucyBFZmVpdG9zIEdyw6FmaWNvcw==
TVNJX0VYUExBSU5fUE9T,L3doZXJlOiBNb3N0cmEgc3VhIGxvY2FsaXphw6fDo28gYXR1YWwgY29tIGFzIGNvb3JkZW5hZGFzIGRvIG1hcGE=
TVNJX0VYUExBSU5fRlJBTUVTS0lQ,L3NraXA6IExpZ2Egb3UgRGVzbGlnYSBhIG9ww6fDo28gZGUgUHVsYXIgRnJhbWVz
TVNJX0VYUExBSU5fU09VTkRWT0xVTUU=,L3YgKDB+MTI3KTogQ29udHJvbGEgbyB2b2x1bWUgZG9zIEVmZWl0b3MgU29ub3Jvcw==
TVNJX0VYUExBSU5fQkdNVk9MVU1F,L2J2ICgwfjEyNyk6IENvbnRyb2xhIG8gdm9sdW1lIGRhIE3DunNpY2EgZGUgRnVuZG8=
TVNJX0VYUExBSU5fU0FZSVNPTEFUSU9O,L2V4IDxOb21lIGRlIHVtIFBlcnNvbmFnZW0+OiBCbG9xdWVpYSBtZW5zYWdlbnMgcGFydGljdWxhcmVzIGRlIHVtIHBlcnNvbmFnZW0=
TVNJX0VYUExBSU5fTElTVF9TQVlJU09MQVRJT05fQ0hBUg==,L2V4OiBNb3N0cmEgYSBsaXN0YSBkZSBwZXJzb25hZ2VucyBibG9xdWVhZG9z
TVNJX0VYUExBSU5fU0FZX1BFUk1JVA==,L2luIDxOb21lIGRlIHVtIFBlcnNvbmFnZW0+OiBEZXNibG9xdWVpYSBhcyBtZW5zYWdlbnMgcGFydGljdWxhcmVzIGRlIHVtIHBlcnNvbmFnZW0=
TVNJX0VYUExBSU5fU0FZX1BFUk1JVEFMTA==,L2luYWxsOiBEZXNibG9xdWVpYSB0b2RhcyBhcyBtZW5zYWdlbnMgcGFydGljdWxhcmVz
TVNJX0VYUExBSU5fU0FZX0lTT0xBVEVBTEw=,L2V4YWxsOiBCbG9xdWVpYSB0b2RhcyBhcyBtZW5zYWdlbnMgcGFydGljdWxhcmVz
TVNJX0VYUExBSU5fVElQMQ==,Q2xpcXVlIGNvbSBvIGJvdMOjbyBkaXJlaXRvIGRvIG1vdXNlIGVtIHVtIHBlcnNvbmFnZW0gZSBzZWxlY2lvbmUgIlJlZ2lzdHJhciBjb21vIENvbnRhdG8iIHBhcmEgYWRpY2lvbsOhLWxvIGEgc3VhIExpc3RhIGRlIENvbnRhdG9zLg==
TVNJX0VYUExBSU5fVElQMg==,RjEyIC0gTW9zdHJhIHVtYSB0ZWxhIGRlIGF0YWxobyBxdWUgcGVybWl0ZSBxdWUgdm9jw6ogYXJyYXN0ZSBJdGVucywgRXF1aXBhbWVudG9zLCBlL291IEhhYmlsaWRhZGVzIHBhcmEgdW0gYWNlc3NvIG1haXMgcsOhcGlkby4=
TVNJX05PX1NBTUVfU0VOVEFOQ0U=,Vm9jw6ogbsOjbyBwb2RlIGRpZ2l0YXIgYSBtZXNtYSBwYWxhdnJhL2ZyYXNlIG1haXMgZG8gcXVlIDMgdmV6ZXMu
TVNJX05PX1NFTkRfQkVDQVVTRV9JTlNVTFQ=,Vm91IGxhdmFyIHN1YSBib2NhIGNvbSBzYWLDo28h
TVNJX0NBTl9EUkFHX0lURU1fT0xOWV9PTkVUSU1F,Vm9jw6ogbsOjbyBwb2RlIHNvYnJlcG9yIHVtIHRpcG8gZGUgaXRlbSBuYSBqYW5lbGEu
TVNJX0NBTlRfR0VUX0lURU1fQkVDQVVTRV9XRUlHSFQ=,Vm9jw6ogbsOjbyBwb2RlIGNhcnJlZ2FyIG1haXMgaXRlbnMgcG9ycXVlIGVzdMOhIGNvbSBwZXNvIGVtIGV4Y2Vzc28u
TVNJX0NBTlRfR0VUX0lURU0=,RXN0ZSBpdGVtIG7Do28gbGhlIMOpIGRlIGRpcmVpdG8u
TVNJX0RFQUxfU0VDQ0VTUw==,QSBuZWdvY2lhw6fDo28gZm9pIGNvbXBsZXRhZGEgY29tIHN1Y2Vzc28u
TVNJX0lOU1VGRklDSUVOVF9NT05FWQ==,Vm9jw6ogbsOjbyB0ZW0gWmVueSBzdWZpY2llbnRlLg==
TVNJX09WRVJfV0VJR0hU,Vm9jw6ogZXN0w6EgY29tIHBlc28gYWNpbWEgZG8gcGVybWl0aWRvLg==
TVNJX0RFQUxfRkFJTA==,QSBuZWdvY2lhw6fDo28gZmFsaG91Lg==
TVNJX1JFRlVTRV9IRUFSX0FMTA==,Vm9jw6ogYmxvcXVlb3UgYXMgbWVuc2FnZW5zIHBhcnRpY3VsYXJlcy4=
TVNJX1JFUV9SRUZVU0VfSEVBUl9BTExfRkFJTA==,Vm9jw6ogbsOjbyBjb25zZWd1aXUgYmxvcXVlYXIgYXMgbWVuc2FnZW5zIHBhcnRpY3VsYXJlcy4=
TVNJX0hFQVJfQUxM,Vm9jw6ogZGVzYmxvcXVlb3UgYXMgbWVuc2FnZW5zIHBhcnRpY3VsYXJlcy4=
TVNJX1JFUV9IRUFSX0FMTF9GQUlM,Vm9jw6ogbsOjbyBjb25zZWd1aXUgZGVzYmxvcXVlYXIgYXMgbWVuc2FnZW5zIHBhcnRpY3VsYXJlcy4=
TVNJX05PX1JFRlVTRV9IRUFSX0xJU1Q=,Vm9jw6ogbsOjbyB0ZW0gTGlzdGEgZGUgQmxvcXVlYWRvcy4=
TVNJX1JFRlVTRV9IRUFSX0xJU1Q=,LUxpc3RhIGRlIFBlcnNvbmFnZW5zIEJsb3F1ZWFkb3Mt
TVNJX1JPT01fSVNfTUFERQ==,U2FsYSBjcmlhZGEgY29tIHN1Y2Vzc28u
TVNJX1RPT19NQU5ZX1JPT00=,QWzDqW0gZG8gbGltaXRlIGRhIHNhbGEu
TVNJX1NBTUVfUk9PTV9USVRMRQ==,SsOhIGV4aXN0ZSBlc3RhIHNhbGEu
TVNJX1RPT19NQU5ZX1BFT1BMRV9JTl9ST09N,QSBTYWxhIGVzdMOhIGxvdGFkYS4=
TVNJX1lPVV9IQVZFX0JBTk5FRF9GUk9NX1RIRV9ST09N,Vm9jw6ogZm9pIHJldGlyYWRvIGRhIHNhbGEu
TVNJX1JFSkVDVF9ERUFM,QSBuZWdvY2lhw6fDo28gZm9pIHJlY3VzYWRhLg==
TVNJX1RPT19GQVJfVE9fREVBTA==,Vm9jw6ogZXN0w6EgbXVpdG8gZGlzdGFudGUgZGEgcGVzc29hIHBhcmEgdHJvY2FyLg==
TVNJX0NIQVJBQ1RFUl9JU19OT1RfRVhJU1Q=,TyBwZXJzb25hZ2VtIG7Do28gZXN0w6Egb24tbGluZSBvdSBuw6NvIGV4aXN0ZS4=
TVNJX0NIQVJBQ1RFUl9JU19ERUFMSU5H,QSBwZXNzb2EgZXN0w6EgZW0gb3V0cmEgbmVnb2NpYcOnw6NvLg==
TVNJX0NIQVJBQ1RFUl9JU19PVkVSX1dFSUdIVA==,QSBwZXNzb2EgZXN0w6EgY29tIGV4Y2Vzc28gZGUgY2FyZ2EsIGVsYSBuw6NvIHBvZGUgcmVhbGl6YXIgYSB0cm9jYS4=
TVNJX0RFQUxfSVNfQ0FOQ0VMRUQ=,QSBuZWdvY2lhw6fDo28gZm9pIGNhbmNlbGFkYS4=
TVNJX0RFQUxfU1VDQ0VTUw==,QSBuZWdvY2lhw6fDo28gZm9pIGNvbXBsZXRhZGEgY29tIHN1Y2Vzc28u
TVNJX0RFQUxfRkFJTEVE,QSBuZWdvY2lhw6fDo28gZmFsaG91Lg==
TVNJX1BBUlRZX01BS0VfU1VDQ0VFRA==,R3J1cG8gY3JpYWRvIGNvbSBzdWNlc3NvLg==
TVNJX1NBTUVfUEFSVFlfTkFNRQ==,SsOhIGV4aXN0ZSB1bSBncnVwbyBjb20gZXN0ZSBub21lLg==
TVNJX1lPVV9BUkVfQUxSRUFEWV9JTl9QQVJUWQ==,TyBwZXJzb25hZ2VtIGrDoSBlc3TDoSBlbSB1bSBncnVwby4=
TVNJX0NIQVJBQ1RFUl9JU19BTFJFQURZX0lOX1BBUlRZ,TyBwZXJzb25hZ2VtIGrDoSBlbnRyb3UgcGFyYSBvdXRybyBncnVwby4=
TVNJX0NIQVJBQ1RFUl9SRUpFQ1RfSk9JTg==,Q29udml0ZSBwYXJhIGdydXBvIHJlY3VzYWRvLg==
TVNJX0NIQVJBQ1RFUl9BQ0NFUFRfSk9JTg==,Q29udml0ZSBwYXJhIGdydXBvIGFjZWl0by4=
TVNJX1RPT19NQU5ZX1BFT1BMRV9JTl9QQVJUWQ==,R3J1cG8gYWNpbWEgZGEgY2FwYWNpZGFkZSBkZSBwZXNzb2FzLg==
TVNJX1lPVV9MRUFWRV9GUk9NX1BBUlRZ,Vm9jw6ogc2FpdSBkbyBncnVwby4=
TVNJX1NFTkRfVE9fQUxM,RW52aWFyIHAvIHRvZG9z
TVNJX1NFTkRfVE9fUEFSVFk=,RW52aWFyIHAvIGdydXBv
TVNJX1JFUV9ERUFMX1dJVEg=,UHJvcG9yIHVtYSBuZWdvY2lhw6fDo28gY29tICU=
TVNJX1JFUV9KT0lOX1BBUlRZ,Q29udmlkYXIgJSBwYXJhIG8gZ3J1cG8=
TVNJX1JPT01fUFJJVkFURQ==,UGFyOg==
TVNJX1JPT01fUFVCTElD,UMO6Yjo=
TVNJX1JFU1RBUlRfTVNH,QXBlcnRlICJSZWluaWNpYXIiIHBhcmEgdm9sdGFyIGEgc2V1IHBvbnRvIGRlIHJldG9ybm8gb3UgYXBlcnRlICJTYWlyIiBwYXJhIHNlbGVjaW9uYXIgb3V0cm8gcGVyc29uYWdlbS4=
TVNJX1NFTEVDVF9ERUFMX1RZUEU=,U2VsZWNpb25lIG8gdGlwbyBkZSBuZWdvY2lhw6fDo28u
TVNJX1NVR0dFU1RfREVBTA==,cHJvcMO1ZSB1bWEgbmVnb2NpYcOnw6NvLg==
TVNJX1NVR0dFU1RfSk9JTl9QQVJUWQ==,ZXN0w6EgcmVjcnV0YW5kbyB2b2PDqi4gQWNlaXRhIGVudHJhciBuZXNzZSBncnVwbz8=
TVNJX0lOVkFMSURfQ09NTUFORA==,Q29tYW5kbyBpbnbDoWxpZG8=
TVNJX0xFQVZFX1BBUlRZ,RGVpeGFyIGdydXBv
TVNJX0VYUEVM,RXhjbHVpciBkbyBncnVwbw==
TVNJX01TRw==,RW52aWFyIG1lbnNhZ2Vucw==
TVNJXzFPTjE=,TWVuc2FnZW0gUGFydGljdWxhcg==
TVNJX0NIQVJBQ1RFUl9JTkZP,SW5mb3JtYcOnw7Vlcw==
TVNJX1BBUlRZX1NFVFRJTkc=,Q29uZmlndXJhciBHcnVwbw==
TVNJX0ZSSUVORA==,QW1pZ29z
TVNJX1BBUlRZ,R3J1cG8=
TVNJX0VRVUlQRURfSVRFTQ==,RXF1aXBhbWVudG9z
TVNJX1NUQVRVUw==,QXRyaWJ1dG9z
TVNJX0lURU0=,SW52ZW50w6FyaW8=
TVNJX0VYUExBSU5fUEFSVFk=,L29yZ2FuaXplICJOb21lIGRvIEdydXBvIjogUGFyYSBvcmdhbml6YXIgdW0gZ3J1cG8uICBEaWdpdGUgIi9sZWF2ZSIgcGFyYSBkZWl4YXIgbyBncnVwby4=
TVNJX0VYUExBSU5fVElQMw==,U2Ugdm9jw6ogZm9yIG8gbMOtZGVyIGRvIGdydXBvLCB2b2PDqiBwb2RlIGNvbnZpZGFyIGFsZ3XDqW0gcGFyYSBzZXUgZ3J1cG8sIGNsaWNhbmRvIGNvbSBvIGJvdMOjbyBkaXJlaXRvIGRvIG1vdXNlIG5vIHBlcnNvbmFnZW0u
TVNJX1JFU1RPUkU=,UmVjdXBlcmFy
TVNJX0FUVEFDSw==,QXRhY2Fy
TVNJX1NVUFBPUlQ=,QXBvaWFy
TVNJX0FMTA==,SW50ZWlybw==
TVNJX1dFQVBPTg==,QXJtYQ==
TVNJX0RFRkVOQ0U=,RGVmZXNh
TVNJX1dBVEVS,w4FndWE=
TVNJX0VBUlRI,VGVycmE=
TVNJX0ZJUkU=,Rm9nbw==
TVNJX1dJTkQ=,VmVudG8=
TVNJX0VRVUlQSVRFTV9PTE5ZX09ORQ==,RXZpdGUgY29tcHJhciAyIGl0ZW5zIGRvIG1lc21vIHRpcG8gYW8gbWVzbW8gdGVtcG8u
TVNJX09OTFlfMTZCSVRfV0hFTl9XSU5ET1dNT0RF,TXVkZSBhICJDb2xvciBEZXB0aCIgZGUgc3VhIMOhcmVhIGRlIHRyYWJhbGhvIHBhcmEgMTYtYml0cyBxdWFuZG8gZXN0aXZlciB1dGlsaXphbmRvIG8gUmFnbmFyb2sgT24tbGluZSBjb21vIGphbmVsYS4=
TVNJX1BMRUFTRV9CRV9QQVRJRU5U,UG9yIGZhdm9yLCBhZ3VhcmRlLg==
TVNJX1dBSVRJTkdfUkVTUE9OU0VfRlJPTV9TRVJWRVI=,UG9yIGZhdm9yLCBhZ3VhcmRlLg==
TVNJX01BS0lOR19DSEFSQUNURVI=,UG9yIGZhdm9yLCBhZ3VhcmRlLg==
TVNJX0RFTEVUSU5HX0NIQVJBQ1RFUg==,UG9yIGZhdm9yLCBhZ3VhcmRlLg==
TVNJX01BS0lOR19ST09N,UGFyYSBjcmlhciB1bWEgc2FsYQ==
TVNJX0NIQU5HRV9ST09NX1NFVFRJTkc=,UGFyYSBwcmVwYXJhciB1bWEgc2FsYQ==
TVNJX0JBTg==,UGFyYSByZXRpcmFyIHVtIHBlcnNvbmFnZW0gZGEgc2FsYQ==
TVNJX0dJVkVfR0lWRV9ST09NX1BPV0VS,UGFyYSBkYXIgQXV0b3JpZGFkZSBNw6F4aW1h
TVNJX1NFRV9JTkZPUk1BVElPTl9PRl9DSEFSQUNURVI=,UGFyYSB2ZXIgSW5mb3JtYcOnw7Vlcw==
TVNJX0NIQVRfUk9PTQ==,U2FsYSBkZSBDaGF0
TVNJX0NPVU5UX1VOSVRfT0ZfUEVPUExF,UEVT
TVNJX0VYUExBSU5fU0lU,L3NpdDogIFNlbnRhLiAgU2UgasOhIGVzdGl2ZXIgc2VudGFkbywgbGV2YW50YS4=
TVNJX0VYUExBSU5fU1RBTkQ=,L3N0YW5kOiAgTGV2YW50YS4gIFNlIGVzdGl2ZXIgbGV2YW50YWRvLCBzZW50YS4=
TVNJX0VYUExBSU5fTUFLRV9DSEFU,L2NoYXQ6ICBDcmlhIHVtYSBTYWxhIGRlIENoYXQ=
TVNJX0VYUExBSU5fRVhJVF9DSEFUX1JPT00=,L3E6ICBTYWkgZGUgdW1hIFNhbGEgZGUgQ2hhdA==
TVNJX0VYUExBSU5fREVBTA==,L2RlYWwgPE5vbWUgZGUgdW0gUGVyc29uYWdlbT46ICBQcm9ww7VlIHVtYSBuZWdvY2lhw6fDo28gYSB1bSBwZXJzb25hZ2VtIChzZW0gPCAgPik=
TVNJX0VYUExBSU5fT1JHQU5JWkVfUEFSVFk=,L29yZ2FuaXplICI8Tm9tZSBkbyBHcnVwbz46ICBPcmdhbml6YSB1bSBncnVwbw==
TVNJX0VYUExBSU5fTEVBVkVfUEFSVFk=,L2xlYXZlOiAgRGVpeGEgdW0gZ3J1cG8=
TVNJX0VYUExBSU5fRVhQRUxfUEFSVFlfTUVNQkVS,L2V4cGVsIDxOb21lIGRlIHVtIFBlcnNvbmFnZW0+OiAgRXhjbHVpIHVtIHBlcnNvbmFnZW0gZGUgc2V1IGdydXBvIChzZW0gPCAgPik=
TVNJX0VYUExBSU5fVElQNA==,W0FsdF0gKyBbRW5kXTogIExpZ2Egb3UgRGVzbGlnYSBhIEJhcnJhIGRlIEhQL1NQ
TVNJX0VYUExBSU5fVElQNQ==,W0FsdF0gKyBbSG9tZV06ICBMaWdhIG91IERlc2xpZ2EgbyBDdXJzb3IgZG8gU29sbw==
TVNJX0VYUExBSU5fVElQNg==,W0luc2VydF06ICBGYXogbyBwZXJzb25hZ2VtIHNlbnRhciBvdSBsZXZhbnRhci4gIChBdGFsaG8gcGFyYSAvc2l0IG91IC9zdGFuZCk=
TVNJX1lPVV9SRUNFSVZFX01WUF9JVEVN,UGFyYWLDqW5zISBWb2PDqiBnYW5ob3UhISBWb2PDqiByZWNlYmV1
TVNJX1lPVV9SRUNFSVZFX01WUF9JVEVNMg==,IQ==
TVNJX1lPVV9SRUNFSVZFX01WUF9FWFA=,UGFyYWLDqW5zISBWb2PDqiBnYW5ob3UhISBWb2PDqiByZWNlYmV1
TVNJX1lPVV9SRUNFSVZFX01WUF9FWFAy,ZGUgRVhQIGJhc2Uh
TVNJX1lPVV9USFJPV19NVlBJVEVN,Vm9jw6ogw6kgbyBjYW1wZcOjbywgbWFzIG7Do28gcG9kZSByZWNlYmVyIHN1YSByZWNvbXBlbnNhIHBvcnF1ZSBlc3TDoSBjb20gZXhjZXNzbyBkZSBjYXJnYS4=
TVNJX05PVF9FWElTVF9DSEFSQUNURVI=,TsOjbyBow6EgbmVuaHVtIHBlcnNvbmFnZW0gcXVlIHJlc3BvbmRhIHBvciBlc3RlIG5vbWUu
TVNJX05PX1JFQ0VJVkVfTU9ERQ==,RXN0ZSBwZXJzb25hZ2VtIG9wdG91IHBvciBuw6NvIHJlY2ViZXIgbWVuc2FnZW5zIHN1YXMgYWdvcmEuIFBvciBmYXZvciB0ZW50ZSBtYWlzIHRhcmRlLi4=
TVNJX05PX1JFQ0VJVkVfTU9ERV9GT1JfQUxM,RXN0YSBwZXNzb2EgbsOjbyBwb2RlIGZhbGFyIGNvbSB2b2PDqiBuZXN0ZSBtb21lbnRvLCBwb3IgZmF2b3IsIHRlbnRlIG1haXMgdGFyZGUu
TVNJX1NVQ0NFU1NfRElTQ09OTkVDVF9DSEFSQUNURVI=,QXRhcXVlIExldGFsIGVmZXR1YWRvIGNvbSBzdWNlc3NvLg==
TVNJX0ZBSUxfRElTQ09OTkVDVF9DSEFSQUNURVI=,QXRhcXVlIExldGFsIGZhbGhvdS4=
TVNJX0dFVF9JVEVN,Vm9jw6ogb2J0ZXZlICVzICglZCku
TVNJX0VYUExBSU5fVElQNw==,W0FsdF0gKyBbPV06ICBFc3RhYmVsZcOnYSBvIGludGVydmFsbyBkZSBlcnJvIGVudHJlIGFzIGNhcnRhcy4=
TVNJX0VYUExBSU5fVElQOA==,W0YxMF06ICBQYXJhIGFjZXJ0YXIgYSBqYW5lbGEgZGUgQ2hhdCAvIFtBbHRdICsgW0YxMF06ICBMaWdhIG91IERlc2xpZ2EgYSBqYW5lbGEgZGUgQ2hhdA==
TVNJX0VYUExBSU5fVElQOQ==,Q29tbyBlbnZpYXIgbWVuc2FnZW5zOiAgQ29sb3F1ZSBvIG5vbWUgZGUgdW0gcGVyc29uYWdlbSBubyBsYWRvIGVzcXVlcmRvIGRhIGNhaXhhIGRlIG1lbnNhZ2VucyBlIGRpZ2l0ZSBhIG1lbnNhZ2VtIGRvIGxhZG8gZGlyZWl0by4gIEEgdGVjbGEgVEFCIGFqdWRhIGEgYWx0ZXJuYXIgZW50cmUgZXN0YXMgY2FpeGFzLg==
TVNJX0VYUExBSU5fVElQMTA=,L2VtbywvISwvPywvbGFsYSwvYW1vciwvYW1vcjIsL2d0LC9pZGVpYSwvZ3JyLC9ncnIyLC8kLC8uLi4sL3ZsdywvYWlhaSwvZGVzYywvaGVoLC9ndDIsL2htbSwvb2ssL24sL3VhdSwvbywveCwvc29zLC9nbywvc25pZiwvbWFsLC9iaiwvYmoyLC9waWYsL3M6IEVtb3RpY29ucyBjb3JyZXNwb25kZW50ZXMgYSBBbHQgKyAoMX45KSBDdHJsICsgKC09XFwp
TVNJX0VYUExBSU5fVElQMTE=,Q29tbyBmYWxhciBjb20gbyBncnVwbyA6IEFkaWNpb25lICIlIiBuYSBmcmVudGUgZGFzIG1lbnNhZ2VucyBvdSBwcmVzc2lvbmUgW0NUUkxdICsgW0VOVEVSXSBhcMOzcyBkaWdpdGFyIGEgbWVuc2FnZW0u
TVNJX05PVF9FTk9VR0hfU0tJTExMRVZFMQ==,Vm9jw6ogYWluZGEgbsOjbyB0ZW0gbsOtdmVsIHN1ZmljaWVudGUgcGFyYSByZWFsaXphciBuZWdvY2lhw6fDtWVzLg==
TVNJX05PVF9FTk9VR0hfU0tJTExMRVZFMg==,Vm9jw6ogYWluZGEgbsOjbyB0ZW0gbsOtdmVsIHN1ZmljaWVudGUgcGFyYSB1c2FyIEVtb3RpY29ucy4=
TVNJX05PVF9FTk9VR0hfU0tJTExMRVZFMw==,Vm9jw6ogYWluZGEgbsOjbyB0ZW0gbsOtdmVsIHN1ZmljaWVudGUgcGFyYSBzZW50YXIu
TVNJX05PVF9FTk9VR0hfU0tJTExMRVZFNA==,Vm9jw6ogYWluZGEgbsOjbyB0ZW0gbsOtdmVsIHN1ZmljaWVudGUgcGFyYSBjcmlhciB1bWEgU2FsYSBkZSBDaGF0Lg==
TVNJX05PVF9FTk9VR0hfU0tJTExMRVZFNQ==,Vm9jw6ogYWluZGEgbsOjbyB0ZW0gbsOtdmVsIHN1ZmljaWVudGUgcGFyYSBmb3JtYXIgR3J1cG9zLg==
TVNJX05PVF9FTk9VR0hfU0tJTExMRVZFNg==,Vm9jw6ogYWluZGEgbsOjbyB0ZW0gbsOtdmVsIHN1ZmljaWVudGUgcGFyYSBncml0YXIu
TVNJX05PVF9FTk9VR0hfU0tJTExMRVZFNw==,Vm9jw6ogYWluZGEgbsOjbyB0ZW0gbsOtdmVsIHN1ZmljaWVudGUgcGFyYSBMdXRhciBjb20gSm9nYWRvcmVzLg==
TVNJX0lURU1TX0ZPUl9CVVk=,Q29tcHJhbmRvIEl0ZW5z
TVNJX0lURU1fU1RPUkU=,TG9qYSBkZSBJdGVucw==
TVNJX0lURU1TX0ZPUl9TRUxM,VmVuZGVuZG8gSXRlbnM=
TVNJX0lURU1TX1RIQVRfSVNfU1RPUkVE,QXJtYXrDqW0=
TVNJX0lURU1fSVNfRVFVSVBFRA==,Zm9pIGVxdWlwYWRvLg==
TVNJX0lURU1fSVNfUkVNT1ZFRA==,Zm9pIHJldGlyYWRvLg==
TVNJX0FERF9UT19XSElTUEVSX0NIQVJfTElTVA==,UGFyYSBhZGljaW9uYXIgbm9tZXMgcGFyYSBhIGxpc3RhIGRlIG1lbnNhZ2Vucw==
TVNJX0VYUExBSU5fVElQMTI=,UGFyYSBncmF2YXIgaW1hZ2VucyBkZSB0ZWxhczogIFByZXNzaW9uZSBbUHJpbnQgU2NyZWVuXSBvdSBbU2Nyb2xsIExvY2td
TVNJX1RJUE9GVEhFREFZ,RGljYSBkbyBEaWEgKEFsdCArIEQp
TVNJX0RJRFlPVUtOT1c=,XjM4NTBhMFZvY8OqIHNhYmlhIHF1ZS4uLiBeMDAwMDAw
TVNJX1NIT1dUSVBTQVRTVEFSVFVQ,QWJyaXIgYW8gaW5pY2lhcg==
TVNJX0VYUExBSU5fT1BFTlRJUA==,L3RpcDogIEFicmUgYSAiRGljYSBkbyBEaWEi
TVNJX05VTVBFT1BMRQ==,SMOhICVkIEpvZ2Fkb3JlcyBjb25lY3RhZG9zIG5vIG1vbWVudG8u
TVNJX1VTRVJHRVRJTlRIRVJPT00=,KCVzKSBlbnRyb3Uu
TVNJX1VTRVJHRVRPVVRPRlRIRVJPT00=,KCVzKSBzYWl1Lg==
TVNJX1VTRVJHRVRPVVRPRlRIRVJPT01CWUZPUkNF,KCVzKSBmb2kgcmV0aXJhZG8u
TVNJX0VB,JWQgdW4=
TVNJX0VBMg==,JXMgOiAlZCB1bg==
TVNJX0VBMw==,JXMgJXM6ICVkIHVuLg==
TVNJX0lURU1TWU9VQ0FOU0VMTA==,SXRlbnMgcGFyYSB2ZW5kYQ==
TVNJX1NIT1BJVEVNUw==,Q29tcHJhciBJdGVucw==
TVNJX05PV0hFUkU=,w4FyZWEgZGVzY29uaGVjaWRh
TVNJX0NMSUVOVFRZUEVNSVNNQVRDSA==,U3VhIGxpbmd1YWdlbSBkZSBjbGllbnRlIG7Do28gw6kgY29tcGF0w612ZWwgY29tIGEgZG8gc2Vydmlkb3Iu
TVNJX0NMT1NFRVFVSVBXTkQ=,SXRlbnMgc8OzIHBvZGVtIHNlciBqb2dhZG9zIG5vIGNow6NvIHBlbGEgamFuZWxhIGRlIGludmVudMOhcmlvLiBGZWNoZSBzdWEgamFuZWxhIEVRVUlQIGFudGVzIGRlIGpvZ2FyIHF1YWlzcXVlciBpdGVucyBmb3JhLg==
TVNJX0VOR0xJU0hPTkxZ,RXN0YSB2ZXJzw6NvIGRlIFJhZ25hcm9rIE9ubGluZSB1dGlsaXphIG8gUG9ydHVndcOqcyBjb21vIGlkaW9tYSBwcmluY2lwYWwu
TVNJX05PVFNVUFBPUlRFRFlFVA==,RXN0YSBvcMOnw6NvIGFpbmRhIG7Do28gZXN0w6EgZGlzcG9uw612ZWwu
TVNJX05PV0hJU1BFUkxJU1Q=,U2VtIGxpc3RhIGRlIG1lbnNhZ2Vucy4=
TVNJX1dISVNQRVJJR05PUkVTVUNDRVNT,Ok1lbnNhZ2VtIGJsb3F1ZWFkYS4=
TVNJX1dISVNQRVJJR05PUkVGQUlMRUQx,OkJsb3F1ZWlvIGRlIG1lbnNhZ2VtIGZhbGhvdS4=
TVNJX1dISVNQRVJJR05PUkVGQUlMRUQy,OkJsb3F1ZWlvIGRlIG1lbnNhZ2VtIGZhbGhvdS4gIExpc3RhIGRlIEJsb3F1ZWFkb3MgbG90YWRhLg==
TVNJX1dISVNQRVJOT0lHTk9SRVNVQ0NFU1M=,OmVzdMOhIGxpdnJlLg==
TVNJX1dISVNQRVJOT0lHTk9SRUZBSUxFRDE=,OkNvbWFuZG8gZmFsaG91Lg==
TVNJX1dISVNQRVJOT0lHTk9SRUZBSUxFRDI=,OkNvbWFuZG8gZmFsaG91LiAgTGlzdGEgZGUgQmxvcXVlYWRvcyBsb3RhZGEu
TVNJX05PX1NQQUNFX0lOX05BTUU=,Vm9jw6ogbsOjbyBwb2RlIGNvbG9jYXIgZXNwYcOnbyBubyBpbsOtY2lvIG91IG5vIGZpbSBkZSB1bSBub21lLg==
TVNJX1JPT01fUFJJVkFURTI=,UGFydGljdWxhcg==
TVNJX1JPT01fUFVCTElDMg==,UMO6YmxpY28=
TVNJX1VTRVNLSUxMX0ZBSUxfU1BfSU5TVUZGSUNJRU5U,U1AgaW5zdWZpY2llbnRl
TVNJX1VTRVNLSUxMX0ZBSUxfSFBfSU5TVUZGSUNJRU5U,SFAgaW5zdWZpY2llbnRl
TVNJX05PVF9FTk9VR0hfU0tJTExMRVZFOA==,SGFiaWxpZGFkZSBmYWxob3Uu
TVNJX0ZBSUxfU1RFQUw=,RnVydG8gZmFsaG91Lg==
TVNJX0VYQ0hBTkdF,VHJvY2E=
TVNJX0ZBSUxfUE9JU09O,RW52ZW5lbmFtZW50byBmYWxob3Uu
TVNJX0lEX01JU01BVENI,Vm9jw6ogbsOjbyBwb2RlIHV0aWxpemFyIGVzdGUgSUQgbmVzdGUgc2Vydmlkb3Iu
TVNJX1NQRUVEVVA=,U3VhIHZlbG9jaWRhZGUgZm9pIGF1bWVudGFkYS4=
TVNJX1NQRUVERE9XTg==,U3VhIHZlbG9jaWRhZGUgdm9sdG91IGFvIG5vcm1hbC4=
TVNJX0VYUExBSU5fVElQMTM=,L21lbW86IE1lbW9yaXphciBlc3RlIGxvY2FsIGNvbW8gUG9udG8gZGUgUG9ydGFsIChSZXF1ZXIgYSBoYWJpbGlkYWRlIFBvcnRhbCk=
TVNJX1JBTkRPTV9QT1M=,w4FyZWEgYWxlYXTDs3JpYQ==
TVNJX1NFTEVDVFdIRVJFVE9XQVJQ,U2VsZWNpb25lIHVtYSDDoXJlYSBwYXJhIGFicmlyIHBvcnRhbA==
TVNJX05PVEVOT1VHSFNLSUxMTEVWRUw=,TsOtdmVsIGRlIGhhYmlsaWRhZGUgaW5zdWZpY2llbnRl
TVNJX05PX1NUT1JFRF9QTEFDRV9UT19XQVJQ,TsOjbyBow6EgbG9jYWlzIG1lbW9yaXphZG9zLg==
TVNJX05PV0FSUFNLSUxM,Vm9jw6ogbsOjbyBhcHJlbmRldSBhIGhhYmlsaWRhZGUgUG9ydGFsLg==
TVNJX1dBUlBQT0lOVFNUT1JFRA==,U2Fsdm8gY29tbyBQb250byBkZSBQb3J0YWwu
TVNJX0NBTkNFTA==,Q2FuY2VsYXI=
TVNJX1NLSUxMSU5URVJWQUw=,SMOhIHVtIHBlcsOtb2RvIGRlIHJlbGF4YW1lbnRvIGFww7NzIHV0aWxpemFyIHVtYSBoYWJpbGlkYWRlLg==
TVNJX0NBTlRfR0VUX0lURU1fQkVDQVVTRV9DT1VOVA==,Vm9jw6ogbsOjbyBwb2RlIHRlciBlc3RlIGl0ZW0gcG9ycXVlIGVzdMOhIGNvbSBleGNlc3NvIGRlIHBlc28u
TVNJX0lOU1VGRklDSUVOVF9PVkVSX0NPVU5U,QWNpbWEgZG8gcGVzbyBtw6F4aW1v
TVNJX01FUkNIQU5USVRFTQ==,Q2FycmluaG8=
TVNJX0NBUlRPRkY=,UmV0aXJhciBDYXJyaW5obw==
TVNJX01FUkNIQU5UU0hPUE1BS0VS,RmF6ZXIgQ29tw6lyY2lv
TVNJX0VOVEVSX1NIT1BfVElUTEU=,RMOqIHVtIG5vbWUgYSBzdWEgbG9qYS4=
TVNJX0lURU1fTVlfU1RPUkU=,TWluaGEgTG9qYQ==
TVNJX0lURU1fTUVSQ0hBTlRfU1RPUkU=,TG9qYSBkZSBNZXJjYWRvcg==
TVNJX0lURU1TX0ZPUl9CVVlfRlJPTV9NRVJDSEFOVA==,Q29tcHJhbmRvIEl0ZW5z
TVNJX0ZBSUxfQlVZX0lURU1fRlJPTV9NRVJDSEFOVA==,JXMgQ29tcHJhIEZhbGhvdSAlcyAu
TVNJX0lOU1VGRklDSUVOVF9TVE9DSw==,RW0gZmFsdGE=
TVNJX0lURU1fSVNfU09MRA==,JXMgJWQgdmVuZGlkby4=
TVNJX01FUkNIQU5UTUlSUk9SSVRFTQ==,SXRlbnMgYSB2ZW5kYQ==
TVNJX1NLSUxMX0ZBSUxfTU9ORVk=,SGFiaWxpZGFkZSBmYWxob3UgcG9ycXVlIHZvY8OqIG7Do28gdGVtIFplbnkgc3VmaWNpZW50ZS4=
TVNJX1NFTEVDVFRBUkdFVA==,U2VsZWNpb25lIHVtIGFsdm8u
TVNJX0VYUExBSU5fVElQMTQ=,L3BrIExpZ2FkbzogTGlnYSBMdXRhIGNvbSBKb2dhZG9yZXMuICAvcGsgRGVzbGlnYWRvOiBEZXNsaWdhIEx1dGEgY29tIEpvZ2Fkb3Jlcy4=
TVNJX1NUUkVFVFNIT1A=,TG9qYQ==
TVNJX09QRU5DQVJUV0lORE9X,SXRlbnMgZG8gY2FycmluaG8gW0FsdF0gKyBbV10=
TVNJX0JBU0lDSU5GT1dORA==,SW5mb3JtYcOnw7VlcyBiw6FzaWNhcw==
TVNJX1VTRVNLSUxMX0ZBSUxfTk9UX1NVSVRBQkxFX1dFQVBPTg==,Vm9jw6ogbsOjbyBwb2RlIHV0aWxpemFyIGVzdGEgaGFiaWxpZGFkZSBjb20gZXN0YSBhcm1hLg==
TVNJX0ZBSUxfQlVZX0lURU1fRlJPTV9NRVJDSEFOVF9OT19TVE9DSw==,Q29tcHJhIGRlICVzIEZhbGhvdS4gRW0gZmFsdGEuIEVzdG9xdWUgYXR1YWwgJWQu
TVNJX1NQRUVESEFDSw==,Vm9jw6ogZm9pIGRlc2NvbmVjdGFkbyBkZXZpZG8gYSB1bSBlc3Bhw6dvIGRlIHRlbXBvIGVudHJlIHZvY8OqIGUgbyBzZXJ2aWRvci4=
TVNJX0VSUl9BVFRBQ0tfQVJST1c=,Vm9jw6ogZGV2ZSBlcXVpcGFyIGZsZWNoYXMgYW50ZXMu
TVNJX0VSUl9BVFRBQ0tfV0VJR0hU,Vm9jw6ogbsOjbyBwb2RlIGF0YWNhciBlIHVzYXIgaGFiaWxpZGFkZXMgcG9ycXVlIGVzdMOhIGNvbSBleGNlc3NvIGRlIHBlc28u
TVNJX0VSUl9TS0lMTF9XRUlHSFQ=,Vm9jw6ogbsOjbyBwb2RlIHVzYXIgaGFiaWxpZGFkZXMgcG9ycXVlIGVzdMOhIGNvbSBleGNlc3NvIGRlIHBlc28u
TVNJX01TR19BUlJPV19FUVVJUE1FTlRfU1VDQ0VTUw==,RmxlY2hhIGVxdWlwYWRhLg==
TVNJX05FRURfUkVESkFNU1RPTkU=,Vm9jw6ogcHJlY2lzYSBkZSB1bWEgR2VtYSBWZXJtZWxoYS4=
TVNJX05FRURfQkxVRUpBTVNUT05F,Vm9jw6ogcHJlY2lzYSBkZSB1bWEgR2VtYSBBenVsLg==
TVNJX0RFU0NfU1RS,Rm9yw6dh
TVNJX0RFU0NfQUdJ,QWdpbGlkYWRl
TVNJX0RFU0NfVklU,Vml0YWxpZGFkZQ==
TVNJX0RFU0NfSU5U,SW50ZWxpZ8OqbmNpYQ==
TVNJX0RFU0NfREVY,RGVzdHJlemE=
TVNJX0RFU0NfTFVL,U29ydGU=
TVNJX0RFU0NfQVRL,QXRhcXVlIEbDrXNpY28=
TVNJX0RFU0NfREVG,RGVmZXNhIEbDrXNpY2E=
TVNJX0RFU0NfSElU,UHJlY2lzw6Nv
TVNJX0RFU0NfQ1JJ,Q2hhbmNlIGRlIENyw610aWNv
TVNJX0RFU0NfR1VJTEQ=,Q2zDow==
TVNJX0RFU0NfUE9JTlQ=,UG9udG9zIHBhcmEgaW52ZXN0aXIgbm9zIGF0cmlidXRvcw==
TVNJX0RFU0NfTUFUSw==,QXRhcXVlIE3DoWdpY28=
TVNJX0RFU0NfTURFRg==,RGVmZXNhIE3DoWdpY2E=
TVNJX0RFU0NfRkxFRQ==,RXNxdWl2YQ==
TVNJX0RFU0NfQVNQRA==,VmVsb2NpZGFkZSBkZSBBdGFxdWU=
TVNJX1BDX09WRVJGTE9X,U2Vydmlkb3IgU3VwZXJwb3B1bGFkby4=
TVNJX09QVElPTldORA==,T3DDp8Ojbw==
TVNJX0lEX0VNQUlMX0NPTkZJUk1fTkVFREVE,U2Vydmlkb3IgSW5kaXNwb27DrXZlbC4gUG9yIGZhdm9yLCB0ZW50ZSBub3ZhbWVudGUgZW0gYWxndW5zIG1pbnV0b3Mu
TVNJX0lOQ09SUkVDVF9MT0dJTl9QQVNTV09SRA==,SG91dmUgdW0gZXJybyBhbyBhY2Vzc2FyIHN1YSBjb250YS4gQ29uZmlybWUgc2UgYSBzZW5oYSBlc3TDoSBjb3JyZXRhIG91IHJlc2dhdGUgc3VhIHNlbmhhIHBlbG8gc2l0ZS4=
TVNJX1NFTEVDVF9IQUlSX1NUWUxF,RXNjb2xoYSBvIHBlbnRlYWRv
TVNJX0FUSw==,QXRxLg==
TVNJX0RFRg==,REVG
TVNJX0FUVEFDS19TTkFQX09O,U25hcCBkZSBBdGFxdWUgTGlnYWRv
TVNJX0FUVEFDS19TTkFQX09GRg==,U25hcCBkZSBBdGFxdWUgRGVzbGlnYWRv
TVNJX1NLSUxMX1NOQVBfT04=,U25hcCBkZSBIYWJpbGlkYWRlIExpZ2Fkbw==
TVNJX1NLSUxMX1NOQVBfT0ZG,U25hcCBkZSBIYWJpbGlkYWRlIERlc2xpZ2Fkbw==
TVNJX0VYUExBSU5fU05BUA==,L3NuYXA6IExpZ2Egb3UgRGVzbGlnYSBTbmFwIHBhcmEgbHV0YXMuICAvc2tpbGxzbmFwOiBMaWdhIG91IERlc2xpZ2EgU25hcCBwYXJhIEhhYmlsaWRhZGVzLiAgL2l0ZW1zbmFwOiBMaWdhIG91IERlc2xpZ2EgU25hcCBwYXJhIGl0ZW5zIG5vIGNow6NvLg==
TVNJX0lURU1fU05BUF9PTg==,U25hcCBkZSBJdGVtIExpZ2Fkbw==
TVNJX0lURU1fU05BUF9PRkY=,U25hcCBkZSBJdGVtIERlc2xpZ2Fkbw==
TVNJX1NOQVA=,U25hcA==
TVNJX0NBTlRfR0VUX0lURU1fT1ZFUkNPVU5UX09ORUlURU0=,Vm9jw6ogbsOjbyBwb2RlIGNhcnJlZ2FyIG1haXMgZGUgMzAuMDAwIGRlIHVtIG1lc21vIHRpcG8gZGUgaXRlbS4=
TVNJX0NBTlRfREVMRVRFX0NIQVJBQ1RFUl9PVkVSXzMwX0xFVkVM,Vm9jw6ogbsOjbyBwb2RlIGRlbGV0YXIgdW0gcGVyc29uYWdlbSBjb20gbsOtdmVsIHN1cGVyaW9yIGEgMzAuICBTZSB2b2PDqiBxdWlzZXIgZGVsZXRhciBvIHBlcnNvbmFnZW0gY29udGF0ZSB1bSBHYW1lIE1hc3RlciBvdSBlbnZpZSB1bSBlbWFpbCBwYXJhIGEgQ2VudHJhbCBkZSBTdXBvcnRl
TVNJX0ZBSUxfQlVZX0lURU1fSVRFTV9FWENIQU5HSU5H,RW5xdWFudG8gZXN0aXZlciBlbSB1bWEgdHJvY2Egdm9jw6ogbsOjbyBwb2RlIHV0aWxpemFyIHVtYSBsb2phIGRlIHVtIE5QQy4=
TVNJX1NUQUxMX05BTUU=,Tm9tZSBkYSBMb2ph
TVNJX1NLSUxMTElTVA==,SGFiaWxpZGFkZXM=
TVNJX1NLSUxMUE9JTlQ=,UG9udG9zIGRlIEhhYmlsaWRhZGU6ICVk
TVNJX1VTRVNLSUxMX0ZBSUw=,SGFiaWxpZGFkZSBmYWxob3Uu
TVNJX1BBU1NJVkU=,UGFzc2l2YQ==
TVNJX0VYUERJVjE=,RGl2aWRpZG8gaW5kaXZpZHVhbG1lbnRl
TVNJX0VYUERJVjI=,RGl2aWRpZG8gaWd1YWxtZW50ZQ==
TVNJX0lURU1DT0xMRUNUMQ==,SW5kaXZpZHVhbA==
TVNJX0lURU1DT0xMRUNUMg==,UXVhbHF1ZXIgdW0=
TVNJX1BBUlRZU0VUVElORw==,Q29uZmlndXJhciBHcnVwbw==
TVNJX0hPV0VYUERJVg==,RGl2aXPDo28gZGEgRVhQ
TVNJX0hPV0lURU1DT0xMRUNU,UGVnYXIgaXRlbnM=
TVNJX09OTFlfUEFSVFlNQVNURVI=,U29tZW50ZSBvIGzDrWRlciBkbyBncnVwbyBwb2RlIG11ZGFyIGVzdGEgb3DDp8Ojby4=
TVNJX05PUVVFU1RJT05fSVRFTUNPVU5U,TsOjbyBwZXJndW50ZSBhIHF1YW50aWRhZGU=
TVNJX0NIQVJBUkFURVJfREVMRVRFX0NPVU5U,UGVyc29uYWdlbSBzZXLDoSBkZWxldGFkbyBlbSBeZmYwMDAwJWReMDAwMDAwIHNlZ3VuZG9zLiAgUHJlc3Npb25lIENhbmNlbGFyIHBhcmEgcGFyYXIu
TVNJX01BWEVYQ0hBTkdFX0lTXzEwX0tJTkQ=,Vm9jw6ogc8OzIHBvZGUgdHJvY2FyIDEwIHRpcG9zIGRlIGl0ZW5zIGRlIGNhZGEgdmV6Lg==
TVNJX0xJTUlUX0FHRQ==,Vm9jw6ogw6kgbWVub3IgZGUgaWRhZGUu
TVNJX0VOVEVSX0VNQUlM,RGlnaXRlIHNldSBlbmRlcmXDp28gZGUgZS1tYWlsLg==
TVNJX0VOVEVSX0VNQUlMX1RPT0xUSVA=,RGlnaXRlIHNldSBlbmRlcmXDp28gZGUgZS1tYWlsLg==
TVNJX0NBTk5PVF9ERUxFVEVfQ0hBUkFDVEVSX0VNQUlM,Q29uZmlybWHDp8OjbyBwb3IgZS1tYWlsIGluZGlzcG9uw612ZWwsIGRlaXhlIG8gY2FtcG8gZGUgZS1tYWlsIGVtIGJyYW5jbyBlIHRlbnRlIG5vdmFtZW50ZS4=
TVNJX0VOVEVSX1BFT1BMRV9SRUdfTlVNQkVS,RGlnaXRlIGEgc2VndW5kYSBzw6lyaWUgZGUgbsO6bWVyb3MgZGUgc2VndXJpZGFkZSBzb2NpYWwu
TVNJX0NBTk5PVF9ERUxFVEVfQ0hBUkFDVEVSX1BFT1BMRV9SRUdfTlVNQkVS,TsOjbyBmb2kgcG9zc8OtdmVsIGRlbGV0YXIgbyBwZXJzb25hZ2VtIHBvcnF1ZSB2b2PDqiBkaWdpdG91IHVtIFNTTiBpbmNvcnJldG8u
TVNJX0NBTlRfU0VMTF9PVkVSXzE1,Vm9jw6ogbsOjbyBwb2RlIHZlbmRlciBtYWlzIGRlIDE1IHRpcG9zIGRlIGl0ZW5zIGRlIHVtYSBzw7MgdmV6Lg==
TVNJX1VOREVSX0FHRQ==,Vm9jw6ogw6kgbWVub3IgZGUgaWRhZGUsIG7Do28gcG9kZSBlbnRyYXIgbmVzdGUgc2Vydmlkb3Iu
TVNJX05PX1JFQ09WRVJfT1ZFUldFSUdIVA==,SFAvU1AgbsOjbyBzZXLDo28gcmVjdXBlcmFkb3MgZW5xdWFudG8gc2V1IHBlc28gYXR1YWwgZXN0aXZlciBhY2ltYSBkZSA1MCUgZG8gcGVzbyBtw6F4aW1vLg==
TVNJX05PX0FUVEFDS19PVkVSV0VJR0hU,Vm9jw6ogbsOjbyBwb2RlIGF0YWNhciBlIHVzYXIgaGFiaWxpZGFkZXMgZW5xdWFudG8gc2V1IHBlc28gYXR1YWwgZXN0aXZlciBhY2ltYSBkZSA5MCUgZG8gcGVzbyBtw6F4aW1vLg==
TVNJX05PX1JFQ09WRVJfT1ZFUldFSUdIVF9SRUxFQVNFRA==,U2V1IEhQL1NQIHNlcsOhIHJlY3VwZXJhZG8gbm9ybWFsbWVudGUu
TVNJX05PX0FUVEFDS19PVkVSV0VJR0hUX1JFTEVBU0VE,Vm9jw6ogcG9kZSBhdGFjYXIgZSB1c2FyIGhhYmlsaWRhZGVzLg==
TVNJX0lOVkFMSURfVkVSU0lPTg==,TyBzZXUgYXJxdWl2byAuRVhFIGRvIGpvZ28gbsOjbyDDqSBhIMO6bHRpbWEgdmVyc8Ojby4=
TVNJX0lURU1fSVNfU09MRF9PVVQ=,SXRlbnMgZXN0w6NvIGVtIGZhbHRhLg==
TVNJX1dSSVRFX0NIQVRfVE9fRklMRQ==,U2FsdmFyIENoYXQgY29tbyBhcnF1aXZvIGRlIHRleHRv
TVNJX0VYUExBSU5fU0FWRV9DSEFU,L3NhdmVjaGF0OiBQYXJhIHNhbHZhciBvIGNvbnRlw7pkbyBkbyBDaGF0IChpbXBvcnRhbnRlIHF1YW5kbyBmb3IgcmVsYXRhciBhbGdvKQ==
TVNJX01BS0VBQ0NPVU5U,UmVnaXN0cmFy
TVNJX1JFUV9FWF9MSVNU,UmVqZWl0YXIgbWVuc2FnZW0=
TVNJX1JFUV9JTg==,UGVybWl0aXIgbWVuc2FnZW5z
TVNJX01JU1NfRUZGRUNUX09O,TW9zdHJhciAiTWlzcyI=
TVNJX01JU1NfRUZGRUNUX09GRg==,TsOjbyBNb3N0cmFyICJNaXNzIg==
TVNJX0ZJWEVEX0NBTUVSQV9PTg==,Wm9vbSBkZSBjw6JtZXJhIExpZ2Fkbw==
TVNJX0ZJWEVEX0NBTUVSQV9PRkY=,Wm9vbSBkZSBjw6JtZXJhIERlc2xpZ2Fkbw==
TVNJX0VYUExBSU5fQ0FNRVJBX01JU1M=,L2NhbWVyYTogTGlnYSBvdSBEZXNsaWdhIFpvb20gZGUgQ8OibWVyYS4gIC9taXNzOiBMaWdhIG91IERlc2xpZ2EgYSBvcMOnw6NvIGRlIE1vc3RyYXIgIk1pc3MiLg==
TVNJX1NFRV9JTkZPUk1BVElPTl9PRl9TS0lMTA==,VmVyIGluZm9ybWHDp8O1ZXMgZGEgaGFiaWxpZGFkZQ==
TVNJX0NIQU5HRV9TS0lMTF9OQU1F,TXVkYXIgaGFiaWxpZGFkZQ==
TVNJX1NQUklURV9SRVNPTFVUSU9O,UmVzb2x1w6fDo28gZGUgU3ByaXRlcw==
TVNJX1RFWFRVUkVfUkVTT0xVVElPTg==,UmVzb2x1w6fDo28gZGUgVGV4dHVyYQ==
TVNJX0RFVEFJTExFVkVMV05E,QWNlcnRhciBkZXRhbGhlcw==
TVNJX0dFVF9aRU5Z,Vm9jw6ogZ2FuaG91ICVzIFplbnk=
TVNJX0dVSUxETkFNRQ==,Tm9tZQ==
TVNJX0dVSUxETEVWRUw=,TsOtdmVs
TVNJX0dVSUxEX01BU1RFUl9OQU1F,TMOtZGVy
TVNJX0dVSUxEX05VTV9NRU1CRVI=,TWVtYnJvcw==
TVNJX0dVSUxEX0FWR19NRU1CRVJfTEVWRUw=,TnYuIG3DqWRpbyBkb3MgTWVtYnJvcw==
TVNJX0dVSUxEX01BTkFHRV9MQU5E,VGVycml0w7NyaW9z
TVNJX0dVSUxEX0ZBSVI=,VGVuZMOqbmNpYQ==
TVNJX0dVSUxEX0VYUA==,RVhQ
TVNJX0dVSUxEX0VNQkxFTQ==,RW1ibGVtYQ==
TVNJX0dVSUxEX1BPSU5U,UG9udG9z
TVNJX0FMTFlfR1VJTEQ=,QWxpYW7Dp2Fz
TVNJX0hPU1RJTElUWV9HVUlMRA==,SW5pbWlnb3M=
TVNJX0dVSUxESU5GT01BTkFHRQ==,Q2zDow==
TVNJX0dVSUxETUVNQkVSTUFOQUdF,TWVtYnJvcw==
TVNJX0dVSUxEUE9TSVRJT05NQU5BR0U=,Q2FyZ29z
TVNJX0dVSUxEU0tJTEw=,SGFiaWwu
TVNJX0dVSUxEQkFOSVNIRURNRU1CRVI=,RXhwdWxzb3M=
TVNJX0dVSUxETk9USUNF,QXZpc29z
TVNJX0dVSUxEVE9UQUxJTkZP,TGlzdGEgZGUgVG9kbyBvIENsw6Mu
TVNJX1dISVNQRVJMSVNUV05E,TGlzdGEgZGUgbWVuc2FnZW5z
TVNJX09QRU5XSElTUEVSTElTVFdORA==,QWJyaXIgamFuZWxhIGRlIG1lbnNhZ2Vucw==
TVNJX0VYUExBSU5fV0hJU1BFUl9MSVNUX1dORA==,Q29tbyBhYnJpciBhIGphbmVsYSBkZSBtZW5zYWdlbnM6IFByZXNzaW9uZSBbQWx0XSArIFtIXQ==
TVNJX0FVVE9PUEVOV0hJU1BFUkxJU1RXTkQ=,QWJyaXIgamFuZWxhIGRlIG1lbnNhZ2VucyBhdXRvbWF0aWNhbWVudGU=
TVNJX0RFTEVURQ==,RGVsZXRhcg==
TVNJX0RPTlRPUEVO,TsOjbyBhYnJpciBkYSBwcsOzeGltYSB2ZXo=
TVNJX0xBU1RfTE9HSU5fVElNRQ==,VGVtcG8gZG8gw7psdGltbyBsb2ctaW4=
TVNJX0xBU1RfTE9HSU5fSVA=,SVAgZG8gw7psdGltbyBsb2ctaW4=
TVNJX0ZSSUVORF9TRVRUSU5H,Q29uZmlndXJhciBDb250YXRvcw==
TVNJX0RPX1lPVV9SRUFMTFlfV0FOVF9ERUxFVEU=,VGVtIGNlcnRlemEgcXVlIGRlc2VqYSBkZWxldGFyIGRhIGxpc3RhPw==
TVNJX0RPX1lPVV9SRUFMTFlfV0FOVF9MRUFWRQ==,VGVtIGNlcnRlemEgcXVlIGRlc2VqYSBzYWlyPw==
TVNJX0FERF9UT19GUklFTkRfQ0hBUl9MSVNU,UmVnaXN0cmFyIGNvbW8gQ29udGF0bw==
TVNJX0FVVE9PUEVOV0hJU1BFUkxJU1RXTkRfRlJJRU5E,QWJyaXIgQ2hhdCBwYXJ0aWN1bGFyIGVudHJlIGNvbnRhdG9z
TVNJX09QRU5fMU9OMV9XSU5ET1c=,QWJyaXIgQ2hhdCBwYXJ0aWN1bGFy
TVNJX0FVVE9PUEVOXzFPTjFfV0lORE9X,QWJyaXIgQ2hhdCBwYXJ0aWN1bGFyIGVudHJlIG7Do28tY29udGF0b3M=
TVNJX1dISVNQRVJfT1BFTl9TT1VORA==,QXZpc2FyIHF1YW5kbyByZWNlYmVyIHVtIENoYXQgcGFydGljdWxhcg==
TVNJX0RPX1lPVV9SRUFMTFlfV0FOVF9FWFBFTA==,VGVtIGNlcnRlemEgcXVlIGRlc2VqYSBleGNsdWlyIG8gcGVyc29uYWdlbT8=
TVNJX1VTRVJfTEVGVF9HVUlMRA==,JXMgc2FpdSBkbyBDbMOjLg==
TVNJX1JFQVNPTl9MRUFWRV9HVUlMRA==,UmF6w6NvIGRvIEFmYXN0YW1lbnRvOiAlcw==
TVNJX0RJU09SR0FOSVpFX0dVSUxEX0ZBSUxVUkU=,Vm9jw6ogbsOjbyBjb25zZWd1aXUgZGVzZmF6ZXIgbyBDbMOjLg==
TVNJX0RJU09SR0FOSVpBVElPTl9SRUFTT04=,UmF6w6NvIGRhIERpc3NvbHXDp8OjbzogJXM=
TVNJX0RFTEVURURfQUNDT1VOVA==,RXN0ZSBJRCBmb2kgdG90YWxtZW50ZSBhcGFnYWRvLg==
TVNJX1NFTExQUklDRQ==,UHJlw6dvOg==
TVNJX0JBTl9HVUlMRA==,JXMgZm9pIGV4cHVsc28gZG8gQ2zDoy4=
TVNJX1JFQVNPTl9CQU5fR1VJTEQ=,UmF6w6NvIGRhIGV4cHVsc8OjbzogJXM=
TVNJX0NBTl9OT1RfRVFVSVBfSVRFTQ==,Vm9jw6ogbsOjbyBwb2RlIGVxdWlwYXIgZXN0ZSBpdGVtLg==
TVNJX1BBUlRZU0VUVElOR19DSEFOR0VfSU1QT1NTSUJMRQ==,Vm9jw6ogbsOjbyBwb2RlIG1vZGlmaWNhciBlc3RhIG9ww6fDo28gZG8gR3J1cG8u
TVNJX0dVSUxEX01BS0VfU1VDQ0VTUw==,Q2zDoyBjcmlhZG8gY29tIHN1Y2Vzc28u
TVNJX0dVSUxEX01BS0VfQUxSRUFEWV9NRU1CRVI=,Vm9jw6ogZmF6IHBhcnRlIGRlIHVtIENsw6Mu
TVNJX0dVSUxEX01BS0VfR1VJTERfRVhJU1Q=,SsOhIGV4aXN0ZSB1bSBDbMOjIGNvbSBlc3RlIG5vbWUu
TVNJX1NVR0dFU1RfSk9JTl9HVUlMRA==,Vm9jw6ogZm9pIGNvbnZpZGFkbyBwYXJhIHNlIGp1bnRhciBhIHVtIENsw6MuICBHb3N0YXJpYSBkZSB1bmlyLXNlIGEgZWxlcz8=
TVNJX0NIQVJBQ1RFUl9JU19BTFJFQURZX0lOX0dVSUxE,SsOhIHBlcnRlbmNlIGEgdW0gQ2zDoy4=
TVNJX0NIQVJBQ1RFUl9SRUpFQ1RfSk9JTl9HVUlMRA==,T2ZlcnRhIHJlY3VzYWRh
TVNJX0NIQVJBQ1RFUl9BQ0NFUFRfSk9JTl9HVUlMRA==,T2ZlcnRhIGFjZWl0YQ==
TVNJX1RPT19NQU5ZX1BFT1BMRV9JTl9HVUlMRA==,U2V1IENsw6MgZXN0w6EgbG90YWRvLg==
TVNJX1JFUV9KT0lOX0dVSUxE,Q29udmlkYXIgKCVzKSBwYXJhIG8gY2zDoy4=
TVNJX05PVF9FTk9VR0hfRk9SX01BTk5FUl9QT0lOVA==,Vm9jw6ogbsOjbyBhcHJlbmRldSBhcyBoYWJpbGlkYWRlcyBuZWNlc3PDoXJpYXMgcGFyYSBhbGluaGFyLXNlLg==
TVNJX0dJVklOR19NQU5ORVJfUE9JTlRfU1VDQ0VTUw==,QWxpbmhhbWVudG8gZWZldHVhZG8u
TVNJX1lPVV9VU0VfVE9EQVlfQUxSRUFEWQ==,Vm9jw6ogasOhIHVzb3Ugc2V1IHBvbnRvIGRvIGRpYS4=
TVNJX09ORV9NT05USF9OT1RfUEFTU0VE,QWluZGEgbsOjbyBmYXogdW0gbcOqcyBxdWUgdm9jw6ogYWxpbmhvdSBlc3RhIHBlc3NvYS4=
TVNJX1JFQ0VJVkVfUExVU19NQU5ORVJfUE9JTlQ=,QSBwcsOhdGljYSBkZSAic3BhbSIgbsOjbyDDqSBsZWdhbC4=
TVNJX1JFQ0VJVkVfTUlOVVNfTUFOTkVSX1BPSU5U,UG9yIGZhdm9yIHJldmVqYSBzZXUgY29tcG9ydGFtZW50by4=
TVNJX0dJVkVfUExVU19NQU5ORVJfUE9JTlQ=,QWxpbmhhbmRvLXNlIGNvbSB1bSBQb250byBCb20=
TVNJX0dJVkVfTUlOVVNfTUFOTkVSX1BPSU5U,QWxpbmhhbmRvLXNlIGNvbSB1bSBQb250byBSdWlt
TVNJX1JFUV9ERUFMX1dJVEgy,U29saWNpdGFyIG5lZ29jaWHDp8OjbyBjb20gKCVzKQ==
TVNJX1JFUV9KT0lOX1BBUlRZMg==,Q29udmlkYXIgKCVzKSBwYXJhIG8gR3J1cG8=
TVNJX1NVR0dFU1RfQUxMWV9HVUlMRA==,RXN0ZSBDbMOjIGVzdMOhIHByb3BvbmRvIHVtYSBBbGlhbsOnYS4gVm9jw6ogYWNlaXRhPw==
TVNJX1JFUUFMTFlHVUlMRF9BTFJFQURZX0FMTElFRA==,Vm9jw6pzIGrDoSBzw6NvIEFsaWFkb3Mu
TVNJX1JFUUFMTFlHVUlMRF9SRUpFQ1Q=,Vm9jw6ogcmVjdXNvdSBhIG9mZXJ0YQ==
TVNJX1JFUUFMTFlHVUlMRF9BQ0NFUFQ=,Vm9jw6ogYWNlaXRvdSBhIG9mZXJ0YQ==
TVNJX1JFUUFMTFlHVUlMRF9PVkVSU0laRQ==,RWxlcyBqw6EgdMOqbSAzIEFsaWFkb3Mu
TVNJX1JFUUFMTFlNWUdVSUxEX09WRVJTSVpF,Vm9jw6pzIGrDoSB0w6ptIDMgQWxpYWRvcy4=
TVNJX1JFUV9BTExZX0dVSUxE,U29saWNpdGFyIHVtYSBhbGlhbsOnYSBjb20gZXN0ZSBDbMOjLg==
TVNJX0RJU09SR0FOSVpFX0dVSUxEX1NVQ0NFU1M=,Q2zDoyBkZXNmZWl0byBjb20gc3VjZXNzby4=
TVNJX0RJU09SR0FOSVpFX0dVSUxEX0lOVkFMSURLRVk=,Vm9jw6ogbsOjbyBjb25zZWd1aXUgZGVzZmF6ZXIgbyBDbMOjIHBvciBjYXVzYSBkZSBzZXUgU1NOIGVycmFkby4=
TVNJX0RJU09SR0FOSVpFX0dVSUxEX01FTUJFUkVYSVNU,Vm9jw6ogbsOjbyBjb25zZWd1aXUgZGVzZmF6ZXIgbyBDbMOjIHBvcnF1ZSBhaW5kYSBow6EgbWVtYnJvcy4=
TVNJX1JFUV9IT1NUSUxFX0dVSUxE,RXN0YWJlbGVjZXIgZXN0ZSBDbMOjIGNvbW8gdW0gSW5pbWlnbw==
TVNJX1NFTEVDVF9IQUlSX0NPTE9S,RXNjb2xoZXIgY29yIGRvIGNhYmVsbw==
TVNJX0dVSUxEX01BS0VfR1VJTERfTk9ORV9JVEVN,SMOhIHVtIGl0ZW0gbmVjZXNzw6FyaW8gcGFyYSBvcmdhbml6YXIgdW0gQ2zDoy4=
TVNJX01PTlNURVJfSU5GT19XSU5ET1c=,SW5mb3JtYcOnw7VlcyBkbyBtb25zdHJv
TVNJX05BTUU=,Tm9tZQ==
TVNJX0xFVkVM,TsOtdmVs
TVNJX0hQ,SFA=
TVNJX1NJWkU=,VGFtLg==
TVNJX1JBQ0VUWVBF,UmHDp2E=
TVNJX01ERUZQT1dFUg==,REVGTQ==
TVNJX1BST1BFUlRZ,UHJvcC4=
TVNJX1BST1BFUlRZX05FVVRVUkFM,TmV1dHJv
TVNJX1BST1BFUlRZX1dBVEVS,w4FndWE=
TVNJX1BST1BFUlRZX0VBUlRI,VGVycmE=
TVNJX1BST1BFUlRZX0ZJUkU=,Rm9nbw==
TVNJX1BST1BFUlRZX1dJTkQ=,VmVudG8=
TVNJX1BST1BFUlRZX1BPSVNPTg==,VmVuZW5v
TVNJX1BST1BFUlRZX1NBSU5U,U2FncmFkbw==
TVNJX1BST1BFUlRZX0RBUks=,U29tYnJpbw==
TVNJX1BST1BFUlRZX01FTlRBTA==,RmFudC4=
TVNJX1BST1BFUlRZX1VOREVBRA==,TWFsZGl0bw==
TVNJX0NBTlRfTUFLRV9JVEVN,Vm9jw6ogYWluZGEgbsOjbyBwb2RlIGNyaWFyIGl0ZW5zLg==
TVNJX01BS0VfTElTVA==,TGlzdGEgZGUgaXRlbnMgcXVlIHZvY8OqIHBvZGUgZmF6ZXI=
TVNJX01BS0VfVEFSR0VU,Q3JpYXI=
TVNJX1JFUVVJUkVfRk9SX01BS0VfVEFSR0VU,TWF0ZXJpYWlz
TVNJX01BS0VfVEFSR0VUX0ZBSUw=,RmFsaGEgYW8gY3JpYXIgaXRlbS4=
TVNJX01BS0VfVEFSR0VUX1NVQ0NFRVNT,SXRlbSBjcmlhZG8gY29tIHN1Y2Vzc28u
TVNJX01BS0VfVEFSR0VUX0ZBSUxfTVNH,RmFsaGEgYW8gY3JpYXIgaXRlbS4=
TVNJX01BS0VfVEFSR0VUX1NVQ0NFRVNTX01TRw==,SXRlbSBjcmlhZG8gY29tIHN1Y2Vzc28u
TVNJX05PVF9FTk9VR0hfTEVWRUw=,Vm9jw6ogbsOjbyBwb3NzdWkgbyBOw612ZWwgbmVjZXNzw6FyaW8u
TVNJX1RPT19ISUdIX0xFVkVM,TsOtdmVsIG11aXRvIGVsZXZhZG8gcGFyYSBlc3RhIGNsYXNzZS4=
TVNJX05PVF9BQ0NFUFRBQkxFX0pPQg==,Q2xhc3NlIGluYWRlcXVhZGEgcGFyYSBlc3RlIHRpcG8gZGUgdHJhYmFsaG8u
TVNJX1RBTEtCT1hfV0lORE9X,R3JhdmFyIG1lbnNhZ2VucyBuYSBjYWl4YSBkZSBtZW5zYWdlbnM=
TVNJX1RBTEtCT1hfV0lORE9XX01TRw==,RGlnaXRlIGFzIG1lbnNhZ2VucyBwYXJhIGEgY2FpeGEgZGUgbWVuc2FnZW5z
TVNJX1NFTkRfVE9fR1VJTEQ=,RW52aWFyIHAvIENsw6M=
TVNJX05PVF9TRVRUTEVE,T2NvcnJldSB1bSBlcnJvLiBWZXJpZmlxdWUgYSBleGlzdMOqbmNpYSBkZSBjcsOpZGl0b3MgZW0gc3VhIGNvbnRhIGVtIG5vc3NvIHNpdGUu
TVNJX0FDQ09VTlRfQlVTWQ==,TsOjbyBmb2kgcG9zc8OtdmVsIGNvbmVjdGFyLiBQb3IgZmF2b3IsIHRlbnRlIG5vdmFtZW50ZSBlbSBhbGd1bnMgbWludXRvcy4=
TVNJX0lORk9STUFUSU9OX1JFTUFJTkVE,TyBzZXJ2aWRvciBhaW5kYSByZWNvbmhlY2Ugc2V1IMO6bHRpbW8gbG9nLWluLiAgVGVudGUgbm92YW1lbnRlIGVtIGFsZ3VucyBtaW51dG9zLg==
TVNJX0JJUkRPRkY=,U29sdGFyIEZhbGPDo28=
TVNJX0NISUtFTk9GRg==,RGVzbW9udGFyIGRlIFBlY28gUGVjbw==
TVNJX1NJWkVfU01BTEw=,UGVxdWVubw==
TVNJX1NJWkVfTUlERExF,TcOpZGlv
TVNJX1NJWkVfQklH,R3JhbmRl
TVNJX0RPVUJMRQ==,Qmk=
TVNJX1RSSVBMRQ==,VHJpcA==
TVNJX1FVQURST1BMRQ==,UXXDoWQ=
TVNJX0xPR0lOX1JFRlVTRV9CTE9DS0VEX1VOVElM,U2V1IGFjZXNzbyBlc3TDoSBibG9xdWVhZG8gYXTDqSAlcy4gQWNlc3NlIG8gc2l0ZSBlIGNvbnN1bHRlIGEgbGlzdGEgZGUgcHVuaWRvcyBwYXJhIG1haXMgaW5mb3JtYcOnw7Vlcy4=
TVNJX01BTlVGQUNUVVJFRF9OT1JNQUxfSVRFTQ==,IGRlIA==
TVNJX01BTlVGQUNUVVJFRF9GSVJFX0lURU0=,RmxhbWVqYW50ZQ==
TVNJX01BTlVGQUNUVVJFRF9JQ0VfSVRFTQ==,R2xhY2lhbA==
TVNJX01BTlVGQUNUVVJFRF9XSU5EX0lURU0=,VHJvdmVqYW50ZQ==
TVNJX01BTlVGQUNUVVJFRF9FQVJUSF9JVEVN,TWluZXJhbA==
TVNJX0FDQ09VTlRfQUREUkVTUw==,MjEwLjE0LjI3LjIwMA==
TVNJX0FDQ09VTlRfUE9SVA==,NjkwMA==
TVNJX1JFR0lTVFJBVElPTl9XRUJfVVJM,aHR0cDovL3d3dy5sZXZlbHVwZ2FtZXMuY29tLmJyL3JhZ25hcm9r
TVNJX0JBTl9VU0VS,VXNhciBhdGFxdWUgbGV0YWwgZW0gJXM=
TVNJX09ORV9TVEFSUElFQ0U=,Rm9ydGU=
TVNJX1RXT19TVEFSUElFQ0U=,TXVpdG8gRm9ydGU=
TVNJX1RIUkVFX1NUQVJQSUVDRQ==,Rm9ydMOtc3NpbWE=
TVNJX0dVSUxEX0tJQ0tfUkVBU09O,UmF6w6NvIGRhIGV4cHVsc8Ojbw==
TVNJX0lOQ0FUVEFDS1NQRUVE,VmVsb2NpZGFkZSBkZSBhdGFxdWUgYXVtZW50YWRhLg==
TVNJX0RFQ0FUVEFDS1NQRUVE,VmVsb2NpZGFkZSBkZSBhdGFxdWUgdm9sdG91IGFvIG5vcm1hbC4=
TVNJX0lOQ1dFQVBPTkFUVEFDSw==,RGFubyBkYSBhcm1hIGF1bWVudGFkby4=
TVNJX0RFQ1dFQVBPTkFUVEFDSw==,RGFubyBkYSBhcm1hIHJlZHV6aWRvLg==
TVNJX0ZBU1RQUkVERUxBWQ==,Q29uanVyYcOnw6NvIHZhcmnDoXZlbCByZWR1emlkYS4=
TVNJX05PUk1BTFBSRURFTEFZ,Q29uanVyYcOnw6NvIHZhcmnDoXZlbCBkZSB2b2x0YSBhbyBub3JtYWwu
TVNJX1dFQVBPTlBST1BFUlRZUE9JU09O,U3VhIGFybWEgZm9pIGVuY2FudGFkYSBjb20gVmVuZW5vLg==
TVNJX1dFQVBPTlBST1BFUlRZU0FJTlQ=,U3VhIGFybWEgZm9pIGFiZW7Dp29hZGEgY29tIEZvcsOnYSBTYWdyYWRhLg==
TVNJX1dFQVBPTlBST1BFUlRZT1JJR0lOQUw=,U3VhIGFybWEgdm9sdG91IGFvIG5vcm1hbC4=
TVNJX0FSTU9SUFJPUEVSVFlTQUlOVA==,U3VhIGFybWFkdXJhIGZvaSBlbmNhbnRhZGEgY29tIFBvZGVyIFNhZ3JhZG8u
TVNJX0FSTU9SUFJPUEVSVFlPUklHSU5BTA==,U3VhIGFybWFkdXJhIHZvbHRvdSBhbyBub3JtYWwu
TVNJX0JBUlJJT1I=,UHJvdGXDp8OjbyBmb3JtYWRhLg==
TVNJX0RJU0FQUEVBUkJBUlJJT1I=,UHJvdGXDp8OjbyBkZXNmZWl0YS4=
TVNJX1BFUkZFQ1REQU1BR0U=,UGVyw61jaWEgZW0gQXJtYW1lbnRvIGluaWNpYWRhLg==
TVNJX0RJU0FQUEVBUlBFUkZFQ1REQU1BR0U=,UGVyw61jaWEgZW0gQXJtYW1lbnRvIGNhbmNlbGFkYS4=
TVNJX09WRVJUSFJVU1RJTkc=,Rm9yw6dhIFZpb2xlbnRhIGluaWNpYWRvLg==
TVNJX0RJU0FQUEVBUk9WRVJUSFJVU1RJTkc=,Rm9yw6dhIFZpb2xlbnRhIGNhbmNlbGFkby4=
TVNJX01BWElNSVpF,QW1wbGlmaWNhw6fDo28gZGUgUG9kZXIgaW5pY2lhZGE=
TVNJX0RJU0FQUEVBUk1BWElNSVpF,QW1wbGlmaWNhw6fDo28gZGUgUG9kZXIgY2FuY2VsYWRhLg==
TVNJX1NFUlZFUl9QUk9QRVJUWV9ORVc=,W05vdm8gU2Vydmlkb3Jd
TVNJX1NFUlZFUl9VU0VSX0NPVU5U,KCVkKQ==
TVNJX1NFUlZFUl9JTlNQRUNUSU5H,KEVtIE1hbnV0ZW7Dp8Ojbyk=
TVNJX0dVSUxEX01FTUJFUl9TVEFUVVNfT05MSU5F,TyBjb21wYW5oZWlybyBkZSBDbMOjICVzIGNvbmVjdG91LXNlLg==
TVNJX0dVSUxEX01FTUJFUl9TVEFUVVNfT0ZGTElORQ==,TyBjb21wYW5oZWlybyBkZSBDbMOjICVzIHNhaXUu
TVNJX0dPVF9FWFBFUklFTkNFX1BPSU5U,Vm9jw6ogcmVjZWJldSAlcyBFWFAgZGUgQmFzZS4=
TVNJX0dPVF9KT0JfRVhQRVJJRU5DRV9QT0lOVA==,Vm9jw6ogcmVjZWJldSAlcyBFWFAgZGUgQ2xhc3NlLg==
TVNJX0xFRlRfR1VJTEQ=,Vm9jw6ogZGVpeG91IG8gQ2zDoy4=
TVNJX0JBTl9GUk9NX0dVSUxE,Vm9jw6ogZm9pIGV4cHVsc28gZG8gQ2zDoy4=
TVNJX0lURU1fSURFTlRJRllfU1VDQ0VFU1M=,SWRlbnRpZmljYcOnw6NvIGRlIGl0ZW0gY29uY2x1w61kYSBjb20gc3VjZXNzby4=
TVNJX0lURU1fSURFTlRJRllfRkFJTA==,RmFsaGEgYW8gaWRlbnRpZmljYXIgaXRlbS4=
TVNJX0lURU1fQ09NUE9VTkRJTkdfU1VDQ0VFU1M=,Q29tcG9zacOnw6NvIGNvbXBsZXRhZGEgY29tIHN1Y2Vzc28u
TVNJX0lURU1fQ09NUE9VTkRJTkdfRkFJTA==,Q29tcG9zacOnw6NvIGZhbGhvdS4=
TVNJX0hPU1RJTEVfR1VJTERfU1VDQ0VFU1M=,SW5pbWlnbyBlc3RhYmVsZWNpZG8u
TVNJX1RPT19NQU5ZX0hPU1RJTEVfR1VJTEQ=,RXN0ZSBDbMOjIGrDoSB0ZW0gMyBJbmltaWdvcy4=
TVNJX0FMUkVBRFlfUkVHSVNURVJFRF9IT1NUSUxFX0dVSUxE,RXN0ZSBDbMOjIGrDoSDDqSBzZXUgSW5pbWlnby4=
TVNJX0lURU1fUkVGSU5JTkdfU1VDQ0VFU1M=,UmVmaW5hZG8gY29tIHN1Y2Vzc28u
TVNJX0lURU1fUkVGSU5JTkdfRkFJTA==,RmFsaGEgbm8gcmVmaW5vLg==
TVNJX0lNUE9TU0lCTEVfVEVMRVBPUlRfQVJFQQ==,w4FyZWEgZGUgdGVsZXBvcnRlIG7Do28gZGlzcG9uw612ZWw=
TVNJX1BPU1NJQkxFX1RFTEVQT1JUX0FSRUE=,w4FyZWEgZGUgbWVtb3JpemHDp8OjbyBkZSBwb3J0YWwgbsOjbyBkaXNwb27DrXZlbA==
TVNJX0NBTlRfRVhJVF9OT1c=,Vm9jw6ogbsOjbyBwb2RlIHNhaXIgYWdvcmEuIFRlbnRlIG5vdmFtZW50ZSBlbSAxMCBzZWd1bmRvcy4=
TVNJX1BPU0lUSU9O,Q2FyZ28=
TVNJX0pPQg==,Q2xhc3Nl
TVNJX01FTU8=,Tm90YQ==
TVNJX0NPTlRSSUJVVElPTg==,RVhQ
TVNJX0VYUF9DT05USVJJQlVUSU9O,RXhwIGRvYWRh
TVNJX0xFQVZFX0dVSUxE,U2FpciBkbyBDbMOj
TVNJX0VYUEVMX0dVSUxE,RXhwdWxzYXI=
TVNJX0dSQURF,TsK6
TVNJX1BPU0lUSU9OX05BTUU=,Q2FyZ28=
TVNJX0pPSU5fQVVUSE9SSVRZ,UmVjcnV0YXI=
TVNJX1BFTkFMVFlfQVVUT1JJVFk=,UHVuaXI=
TVNJX0NPTlRSSUJVVElPTl9QRVJDRU5U,RG9hcg==
TVNJX1RJVExF,VMOtdHVsbw==
TVNJX0NPTlRFTlRT,Q29udGXDumRv
TVNJX0dVSUxEX05BTUU=,Tm9tZSBkbyBDbMOj
TVNJX0dVSUxEX0xFVkVM,RGVpeGFyIENsw6M=
TVNJX0dVSUxEX1BFT1BMRV9DT1VOVA==,TWVtYnJvcyBkbyBDbMOj
TVNJX1JBTktJTkc=,TsK6
TVNJX0lURU1fSURFTlRJRlk=,SWRlbnRpZmljYcOnw6NvIGRvIEl0ZW0=
TVNJX0lURU1fQ09NUE9VTkRJTkc=,SW5zZXJpciBDYXJ0YQ==
TVNJX1BMRUFTRV9JTlBVVF9XSFlfTEVBVklORw==,RGlnaXRlIGEgcmF6w6Nv
TVNJX1BFTEFTRV9JTlBVVF9XSFlfRVhQRUw=,RGlnaXRlIGEgcmF6w6NvIGRhIGV4cHVsc8Ojbw==
TVNJX1BMRUFTRV9DTE9TRV9TVE9SRQ==,RmVjaGUgc3VhIGxvamEu
TVNJX1NLSUxMX05BTUU=,Tm9tZSBkYSBIYWJpbGlkYWRl
TVNJX0lURU1fTkFNRQ==,Tm9tZSBkbyBJdGVt
TVNJX1NFVFRMRV9XRUJfVVJM,aHR0cDovL2xldmVsdXBnYW1lcy51b2wuY29tLmJyL3dlYnNpdGUvcmVkaXJzL3JlZGlyX21pbmhhY29udGEuaHRt
TVNJX0JBTl9JUF9PVkVSRkxPVw==,QSBjYXBhY2lkYWRlIGRlIElQIGRlc3RhIExhbi1Ib3VzZSBlc3TDoSBsb3RhZGEuIFZvY8OqIGdvc3RhcmlhIGRlIHBhZ2FyIGEgYmFzZSBwZXNzb2FsPw==
TVNJX0JBTl9QQVlfT1VU,T2NvcnJldSB1bSBlcnJvLiBWZXJpZmlxdWUgYSBleGlzdMOqbmNpYSBkZSBjcsOpZGl0b3MgZW0gc3VhIGNvbnRhIGVtIG5vc3NvIHNpdGUu
TVNJX05BTUVMRU5HVEhfVE9PX0xPTkc=,Tm9tZSBtdWl0byBjb21wcmlkby4gIERpZ2l0ZSB1bSBub21lIGNvbSBubyBtw6F4aW1vIDIzIGNhcmFjdGVyZXMu
TVNJX0RFTEVURV9BRlRFUl8xMF9TRUNPTkQ=,ZXhjbHXDrWRv
TVNJX0JJTExJTkdfMTAw,Vm9jw6ogcGFnb3UgY29tIGEgYmFzZSBub3JtYWwu
TVNJX0JJTExJTkdfMjAw,Vm9jw6ogcGFnb3UgY29tIGEgYmFzZSBub3JtYWwuICBUZW1wbyBkaXNwb27DrXZlbDogeHggaG9yYXMgeHggbWludXRvcyB4eCBzZWd1bmRvcy4=
TVNJX0JJTExJTkdfMzAw,Vm9jw6ogZXN0w6EgbGl2cmUh
TVNJX0JJTExJTkdfNDAw,Vm9jw6ogZXN0w6EgbGl2cmUgcGFyYSBvIHRlc3RlLCBzZXUgdGVtcG8gZGlzcG9uw612ZWwgw6kgeHggaG9yYXMgeHggbWludXRvcyB4eCBzZWd1bmRvcy4=
TVNJX0JJTExJTkdfNTAw,Vm9jw6ogcGFnb3UgY29tIGEgYmFzZSBub3JtYWwgZGEgTEFOIEhvdXNlLiAgVGVtcG8gZGlzcG9uw612ZWw6IHh4IGhvcmFzIHh4IG1pbnV0b3MgeHggc2VndW5kb3Mu
TVNJX0JJTExJTkdfNTAx,Vm9jw6ogcGFnb3UgY29tIG8gVGVtcG8gTGltaXRlIHBhcmEgYSBMQU4gSG91c2UuICBUZW1wbyBkaXNwb27DrXZlbDogeHggaG9yYXMgeHggbWludXRvcyB4eCBzZWd1bmRvcy4=
TVNJX0JJTExJTkdfNjAw,Vm9jw6ogZXN0w6EgbGl2cmUgcGFyYSBvIHRlc3RlIGRhIHZlcnPDo28gZGEgTEFOIEhvdXNl
TVNJX0JJTExJTkdfNzAw,Vm9jw6ogZXN0w6EgbGl2cmUgcGFyYSBhIHZlcnPDo28gZGEgTEFOIEhvdXNlLg==
TVNJX0JJTExJTkdfODAw,Vm9jw6ogcGFnb3Ugbm8gVGVtcG8gTGltaXRlIGRvIFdlYnNpdGUu
TVNJX0VNT1RJT05fTElTVA==,TGlzdGEgZGUgRW1vdGljb25z
TVNJX1ZJRVdfRU1PVElPTg==,L2Vtbw==
TVNJX0VNT1RJT05fU1VSUFJJU0U=,LyE=
TVNJX0VNT1RJT05fUVVFU1RJT04=,Lz8=
TVNJX0VNT1RJT05fREVMSUdIVA==,L2xhbGE=
TVNJX0VNT1RJT05fVEhST0I=,L2Ftb3I=
TVNJX0VNT1RJT05fQklHVEhST0I=,L2Ftb3Iy
TVNJX0VNT1RJT05fU1dFQVQ=,L2d0
TVNJX0VNT1RJT05fQUhB,L2lkZWlh
TVNJX0VNT1RJT05fRlJFVA==,L2dycg==
TVNJX0VNT1RJT05fQU5HRVI=,L2dycjI=
TVNJX0VNT1RJT05fTU9ORVk=,LyQ=
TVNJX0VNT1RJT05fVEhJTks=,Ly4uLg==
TVNJX0VNT1RJT05fVEhBTktT,L3Zsdw==
TVNJX0VNT1RJT05fS0VL,L2FpYWk=
TVNJX0VNT1RJT05fU09SUlk=,L2Rlc2M=
TVNJX0VNT1RJT05fU01JTEU=,L2hlaA==
TVNJX0VNT1RJT05fUFJPRlVTRUxZX1NXRUFU,L2d0Mg==
TVNJX0VNT1RJT05fU0NSQVRDSA==,L2htbQ==
TVNJX0VNT1RJT05fQkVTVA==,L29r
TVNJX0VNT1RJT05fU1RBUkVfQUJPVVQ=,L24=
TVNJX0VNT1RJT05fSFVL,L3VhdQ==
TVNJX0VNT1RJT05fTw==,L28=
TVNJX0VNT1RJT05fWA==,L1g=
TVNJX0VNT1RJT05fSEVMUA==,L3Nvcw==
TVNJX0VNT1RJT05fR08=,L2dv
TVNJX0VNT1RJT05fQ1JZ,L3NuaWY=
TVNJX0VNT1RJT05fS0lL,L21hbA==
TVNJX0VNT1RJT05fQ0hVUA==,L2Jq
TVNJX0VNT1RJT05fQ0hVUENIVVA=,L2JqMg==
TVNJX0VNT1RJT05fSE5H,L3BpZg==
TVNJX0VNT1RJT05fT0s=,L3M=
TVNJX1NIT1JUQ1VUX0xJU1Q=,TGlzdGEgZGUgYXRhbGhvcw==
TVNJX0JBTl9QQVlfU1VTUEVORA==,U3VhIGNvbnRhIGVzdMOhIHN1c3BlbnNhLg==
TVNJX0JBTl9QQVlfQ0hBTkdF,U3VhIGNvbmV4w6NvIGZvaSBlbmNlcnJhZGEgZGV2aWRvIGEgbXVkYW7Dp2EgbmEgcG9sw610aWNhIGRlIGNvYnJhbsOnYS4gUG9yIGZhdm9yLCBjb25lY3RlIG5vdmFtZW50ZS4=
TVNJX0JBTl9QQVlfV1JPTkdJUA==,U3VhIGNvbmV4w6NvIGZvaSBlbmNlcnJhZGEgcG9ycXVlIHNldSBJUCBuw6NvIGNvaW5jaWRlIGNvbSBvIElQIGRvIHNlcnZpZG9yLg==
TVNJX0JBTl9QQVlfUE5HQU1FUk9PTQ==,U3VhIGNvbmV4w6NvIGZvaSBlbmNlcnJhZGEgcGFyYSBwcmV2ZW5pciBxdWUgc3VhcyBob3JhcyBkZSBjcsOpZGl0byBzZWphbSB1dGlsaXphZGFzLg==
TVNJX0JBTl9PUF9GT1JDRQ==,Vm9jw6ogZm9pIGZvcsOnYWRvIGEgZGVzY29uZWN0YXItc2UgcGVsYSBFcXVpcGUgZGUgR2FtZSBNYXN0ZXJzLg==
TVNJX1VTRVNLSUxMX0ZBSUxfV0VJR0hUT1ZFUg==,Vm9jw6ogbsOjbyBwb2RlIHVzYXIgZXN0YSBoYWJpbGlkYWRlIHBvcnF1ZSBlc3TDoSBjYXJyZWdhbmRvIGNvaXNhcyBkZW1haXMu
TVNJX05BTUVMRVNTX1VTRVI=,QW7DtG5pbW8=
TVNJX1JBTktfSU5fVEVO,UGFyYWLDqW5zISAlcyB2b2PDqiBzdWJpdSBwYXJhICVkLg==
TVNJX1JBTktfT1VUX1RFTg==,UXVlIHBlbmEhICVzIHZvY8OqIGNhaXUgcGFyYSAlZC4=
TVNJX1BFVF9JTkZP,SmFuZWxhIGRlIE1hc2NvdGU=
TVNJX1BFVF9IVU5HUlk=,Rm9tZQ==
TVNJX1BFVF9GUklFTkRMWQ==,TGVhbA==
TVNJX0NBTlRfT1BFTl9TVE9SRV9XSElMRV9DSEFU,RXZpdGUgYWJyaXIgdW1hIFNhbGEgZGUgQ2hhdCBlbnF1YW50byBlc3RpdmVyIHZlbmRlbmRvLg==
TVNJX0VBNA==,VW4=
TVNJX1NMQUlO,Vm9jw6ogZm9pIGRlcnJ1YmFkbyAlcy4=
TVNJX1NMQUlOQlk=,Vm9jw6ogZm9pIGRlcnJ1YmFkbyBwb3IgJXMu
TVNJX05PVF9FWElTVF9QRVRfRk9PRA==,QSBjb21pZGEgWyVzXSBuw6NvIGVzdMOhIGRpc3BvbsOtdmVsLg==
TVNJX1BFVF9GRUVESU5H,QWxpbWVudGFy
TVNJX1BFVF9QRVJGT1JNQU5DRQ==,QnJpbmNhcg==
TVNJX1BFVF9SRVRVUk5fRUdH,Vm9sdGFyIHBhcmEgbyBvdm8=
TVNJX1BFVF9BQ0NfT0ZG,RGVzZXF1aXBhcg==
TVNJX1BFVF9TSE9XSU5GTw==,VmVyaWZpY2FyIGh1bW9y
TVNJX1BFVF9BQ0NFU1NBUlk=,QWNlc3PDs3Jpbw==
TVNJX0lURU1fRVFVSVBFRA==,RXF1aXBhZG8=
TVNJX1BFVF9FR0dfTElTVA==,TGlzdGEgZGUgbWFzY290ZXM=
TVNJX0lURU1fVU5FUVVJUEVE,RGVzZXF1aXBhZG8=
TVNJX1NVUkVfVE9fRkVFRF9QRVQ=,VGVtIGNlcnRlemEgcXVlIGRlc2VqYSBhbGltZW50YXIgc2V1IGNvbXBhbmhlaXJvPw==
TVNJX0NBTl9JTlBVVF9OVU1CRVJfT05MWQ==,U29tZW50ZSBvcyBuw7ptZXJvcyAoMH45KSBlc3TDo28gZGlzcG9uw612ZWlzLg==
TVNJX0NBTlRfU0VMTF9VTklERU5USUZJRURfSVRFTQ==,Vm9jw6ogbsOjbyBwb2RlIHZlbmRlciBpdGVucyBuw6NvIGlkZW50aWZpY2Fkb3Mu
TVNJX1lPVV9IQVZFX0ZSRUVfSVRFTV9PTl9TSE9Q,VW0gZGUgc2V1cyBpdGVucyBlc3TDoSBjb21vIGdyw6F0aXMuIERlc2VqYSBjb250aW51YXI/
TVNJX05FV19FTU9USU9OX0xJU1Q=,W0xpc3RhIGRlIEVtb3RpY29uc10=
TVNJX0JBTl9KQVBBTl9SRUZVU0Ux,Ti9B
TVNJX0JBTl9KQVBBTl9SRUZVU0Uy,Ti9B
TVNJX0FMUkVBRFlfU0FNRV9BSURfSk9JTkVE,UGVyc29uYWdlbSBkYSBtZXNtYSBjb250YSBqw6EgZW50cm91Lg==
TVNJX1NFUlZFUl9QUk9QRVJUWV9BRFVMVA==,LSBhY2ltYSBkYSBpZGFkZSBkZSAxOCBhbm9z
TVNJX0VOU1RfUFJPVk9LRQ==,UHJvdm9jYXIgaW5pY2lhZG8u
TVNJX0RTU1RfUFJPVk9LRQ==,UHJvdm9jYXIgY2FuY2VsYWRvLg==
TVNJX0VOU1RfRU5EVVJF,Vmlnb3IgaW5pY2lhZG8u
TVNJX0RTU1RfRU5EVVJF,Vmlnb3IgY2FuY2VsYWRvLg==
TVNJX0VOU1RfQ09OQ0VOVFJBVElPTg==,QXByaW1vcmFyIENvbmNlbnRyYcOnw6NvIGluaWNpYWRvLg==
TVNJX0RTU1RfQ09OQ0VOVFJBVElPTg==,QXByaW1vcmFyIENvbmNlbnRyYcOnw6NvIGNhbmNlbGFkby4=
TVNJX0VOU1RfSElESU5H,RXNjb25kZXJpam8gaW5pY2lhZG8u
TVNJX0RTU1RfSElESU5H,RXNjb25kZXJpam8gY2FuY2VsYWRvLg==
TVNJX0VOU1RfQ0xPQUtJTkc=,RnVydGl2aWRhZGUgaW5pY2lhZGEu
TVNJX0RTU1RfQ0xPQUtJTkc=,RnVydGl2aWRhZGUgY2FuY2VsYWRhLg==
TVNJX0VOU1RfUE9JU09OUkVBQ1Q=,UmVmbGV4w6NvIGRlIFZlbmVubyBpbmljaWFkYS4=
TVNJX0RTU1RfUE9JU09OUkVBQ1Q=,UmVmbGV4w6NvIGRlIFZlbmVubyBjYW5jZWxhZGEu
TVNJX0VOU1RfUVVBR01JUkU=,VmVsb2NpZGFkZSByZWR1emlkYSwgUMOibnRhbm8gZG9zIE1vcnRvcyBlbSBhw6fDo28u
TVNJX0RTU1RfUVVBR01JUkU=,UMOibnRhbm8gZG9zIE1vcnRvcyBjYW5jZWxhZG8u
TVNJX0VOU1RfQU5HRUxVUw==,RGVmZXNhIG1lbGhvcmFkYSBwb3IgQW5nZWx1cy4=
TVNJX0RTU1RfQU5HRUxVUw==,QW5nZWx1cyBjYW5jZWxhZG8u
TVNJX0VOU1RfQkxFU1NJTkc=,Vm9jw6ogZm9pIGFiZW7Dp29hZG8oYSku
TVNJX0RTU1RfQkxFU1NJTkc=,QSBCZW7Dp8OjbyBhY2Fib3Uu
TVNJX0VOU1RfQ1JVQ0lT,U2lnbnVtIENydWNpcyBpbmljaWFkby4=
TVNJX0RTU1RfQ1JVQ0lT,U2lnbnVtIENydWNpcyBjYW5jZWxhZG8u
TVNJX0VOU1RfU0xPV1BPSVNPTg==,UmV0YXJkYW1lbnRvIGRlIFZlbmVubyBpbmljaWFkby4=
TVNJX0RTU1RfU0xPV1BPSVNPTg==,UmV0YXJkYW1lbnRvIGRlIFZlbmVubyBjYW5jZWxhZG8u
TVNJX0VOU1RfTUFHTklGSUNBVA==,TWFnbmlmaWNhdCBlbSBhw6fDo28sIHJlY3VwZXJhw6fDo28gZGUgU1AgbWVsaG9yYWRhLg==
TVNJX0RTU1RfTUFHTklGSUNBVA==,TWFnbmlmaWNhdCBjYW5jZWxhZG8u
TVNJX0VOU1RfR0xPUklB,R2zDs3JpYSBlbSBhw6fDo28sIHN1YSBzb3J0ZSBmb2kgYXVtZW50YWRhLg==
TVNJX0RTU1RfR0xPUklB,R2zDs3JpYSBjYW5jZWxhZGEu
TVNJX0VOU1RfTEVYQUVURVJOQQ==,TGV4IEV0ZXJuYSBlbSBhw6fDo28sIG8gZGFubyByZWNlYmlkbyBzZXLDoSBkb2JyYWRvLg==
TVNJX0RTU1RfTEVYQUVURVJOQQ==,TGV4IEV0ZXJuYSBjYW5jZWxhZG8u
TVNJX0VOU1RfQURSRU5BTElORQ==,VmVsb2NpZGFkZSBkZSBBdGFxdWUgbWVsaG9yYWRhLg==
TVNJX0RTU1RfQURSRU5BTElORQ==,VmVsb2NpZGFkZSBkZSBBdGFxdWUgZGUgdm9sdGEgYW8gbm9ybWFsLg==
TVNJX0VOU1RfUklESU5H,Vm9jw6ogbW9udG91IG5vIFBlY28gUGVjby4=
TVNJX0RTU1RfUklESU5H,Vm9jw6ogZGVzbW9udG91IGRvIFBlY28gUGVjby4=
TVNJX0VOU1RfRkFMQ09O,Vm9jw6ogcGVnb3UgYSBBdmUgZGUgUmFwaW5hLg==
TVNJX0RTU1RfRkFMQ09O,Vm9jw6ogc29sdG91IGEgQXZlIGRlIFJhcGluYS4=
TVNJX0VOU1RfVFJJQ0tERUFE,RmluZ2lyIGRlIE1vcnRvIGluaWNpYWRvLg==
TVNJX0RTU1RfVFJJQ0tERUFE,RmluZ2lyIGRlIE1vcnRvIGNhbmNlbGFkby4=
TVNJX0VOU1RfU0hPVVQ=,Rk9SIG1lbGhvcmFkYS4=
TVNJX0RTU1RfU0hPVVQ=,Rk9SIGRlIHZvbHRhIGFvIG5vcm1hbC4=
TVNJX0VOU1RfRU5FUkdZQ09BVA==,UHJvdGXDp8OjbyBBcmNhbmEgaW5pY2lhZGEu
TVNJX0RTU1RfRU5FUkdZQ09BVA==,UHJvdGXDp8OjbyBBcmNhbmEgY2FuY2VsYWRhLg==
TVNJX0VOU1RfQlJPS0VOQU1PUg==,QXJtYWR1cmEgZGVzdHJ1w61kYS4=
TVNJX0RTU1RfQlJPS0VOQU1PUg==,QXJtYWR1cmEgZGUgdm9sdGEgYW8gbm9ybWFsLg==
TVNJX0VOU1RfQlJPS0VOV0VBUE9O,QXJtYSBkZXN0cnXDrWRhLg==
TVNJX0RTU1RfQlJPS0VOV0VBUE9O,QXJtYSBkZSB2b2x0YSBhbyBub3JtYWwu
TVNJX0VOU1RfSUxMVVNJT04=,SW52aXNpYmlsaWRhZGUgaW5pY2lhZGEu
TVNJX0RTU1RfSUxMVVNJT04=,SW52aXNpYmlsaWRhZGUgY2FuY2VsYWRhLg==
TVNJX1JFRlVTRV9CTE9DS19URU1QT1JBUlk=,Ti9B
TVNJX1VORVFVSVBfQVJST1c=,Vm9jw6ogZGV2ZSBkZXNlcXVpcGFyIGFzIGZsZWNoYXMvYmFsYXMvc2h1cmlrZW5zIHByaW1laXJvLg==
TVNJX0FSUk9XX0xJU1Q=,TGlzdGEgZGUgRmxlY2hhcw==
TVNJX0NBUlRfTElTVA==,TGlzdGEgZG8gQ2FycmluaG8=
TVNJX01VU1RfRVFVSVBfQ0FSVA==,Vm9jw6ogZGV2ZSB0ZXIgdW0gY2FycmluaG8u
TVNJX0NBTlRfTUFLRV9DSEFUX1JPT00=,Vm9jw6ogbsOjbyBwb2RlIGFicmlyIHVtYSBqYW5lbGEgZGUgY2hhdC4=
TVNJXzNEQVlfRlJFRQ==,Ti9B
TVNJX0NBTlRfVVNFX1dIRU5fU0lURE9XTg==,Vm9jw6ogbsOjbyBwb2RlIHVzYXIgZXN0ZSBpdGVtIGVucXVhbnRvIGVzdGl2ZXIgc2VudGFkby4=
TVNJX0JBRF9NQU5ORVJfUkVNQUlO,Vm9jw6ogZXN0w6Egc2VuZG8gcHVuaWRvLCBuw6NvIHBvZGVyw6EgdXNhciBoYWJpbGlkYWRlcyBlIGNoYXQgcG9yICVkIG1pbnV0b3Mu
TVNJX0JBRF9NQU5ORVJfRU5E,Vm9jw6ogasOhIHBvZGUgdXNhciBoYWJpbGlkYWRlcyBlIGNoYXQu
TVNJX1JFRl9VTkVRVUlQ,LSBbTsOjbyBlcXVpcGFkb10=
TVNJX1ZFUllfSFVOR1JZ,RmFtaW50bw==
TVNJX0hVTkdSWQ==,Rm9tZQ==
TVNJX05PUk1BTA==,TmVuaHVtYQ==
TVNJX1JFUExFVEU=,U2F0aXNmZWl0bw==
TVNJX1ZFUllfUkVQTEVURQ==,Q2hlaW8=
TVNJX1ZFUllfQVdLV0FSRA==,QmFpeMOtc3NpbWE=
TVNJX0FXS1dBUkQ=,QmFpeGE=
TVNJX0ZSSUVORExZ,Tm9ybWFs
TVNJX1ZFUllfRlJJRU5ETFk=,QWx0YQ==
TVNJX1VOS05PV04=,RGVzY29uaGVjaWRh
TVNJX0JJTExJTkdfREFZX0hPVVJfTUlOVVRFUw==,U2VtIG1lbnNhZ2Vucw==
TVNJX0JBTl9JTkZPUk1BVElPTl9SRU1BSU5FRF9BTk9USEVSX0FDQ09VTlQ=,U2VtIG1lbnNhZ2Vucw==
TVNJX0JJTExJTkdfSE9VUl9NSU5VVEVT,U2VtIG1lbnNhZ2Vucw==
TVNJX0JJTExJTkdfRlJFRV9VU0VS,U2VtIG1lbnNhZ2Vucw==
TVNJX1JFRlVTRV9OT05TQUtSQVlfSURfQkxPQ0tFRA==,U2VtIG1lbnNhZ2Vucw==
TVNJX1BFVE5BTUVfSU4yMw==,TyBub21lIGRhIG1hc2NvdGUgZGV2ZSB0ZXIgMjMgY2FyYWN0ZXJlcyBvdSBtZW5vcw==
TVNJX1BFVE5BTUVfQ0hBTkdFX09OTFlPTkNF,Vm9jw6ogcG9kZSBtdWRhciBvIG5vbWUgZGEgbWFzY290ZSBhcGVuYXMgMSB2ZXouIE8gbm9tZSBzZXLDoSBeMDAwMGZmXjAwMDBmZiAlc14wMDAwMDBeMDAwMDAwLiBEZXNlamEgY29udGludWFyPw==
TVNJX05BTUVCQUxMT09OX1RZUEU=,L2ZvbnQ=
TVNJX0dVSUxEWkVOWV9OT1RfRU5PVUdI,U2V1IENsw6MgbsOjbyB0ZW0gZnVuZG9zIHBhcmEgcGFnYXIgcG9yIGVzdGUgcmlzY28u
TVNJX0dVSUxEWkVOWV9PVkVS,TyBsaW1pdGUgZGUgWmVueSBkbyBzZXUgY2zDoyBvIGltcGVkZSBkaXNzby4=
TVNJX01JTkVGRkVDVF9PTg==,RWZlaXRvcyBzaW1wbGlmaWNhZG9zIGZvcmFtIGF0aXZhZG9zLg==
TVNJX01JTkVGRkVDVF9PRkY=,RWZlaXRvcyBzaW1wbGlmaWNhZG9zIGZvcmFtIGRlc2F0aXZhZG9zLg==
TVNJX0NBUElUQUw=,VGF4YSBFeGlnaWRh
TVNJX09QRU5fSVRFTVdORF9UT19USFJPVw==,U2UgZGVzZWphciBqb2dhciB1bSBpdGVtIGZvcmEsIHZvY8OqIGRldmUgcHJpbWVpcm8gYWJyaXIgbyBpbnZlbnTDoXJpbyAoYWx0K2UpLg==
TVNJX0FTS19QTkdBTUVST09N,QWJyYSBhIGphbmVsYSBzZSBkZXNlamEgam9nYXIgZm9yYSBpdGVucw==
TVNJX1JFUExZX1JFTUFJTlRJTUU=,
TVNJX0lORk9fUkVNQUlOVElNRQ==,
TVNJX09WRVJfT1JfTE9XX01PTkVZ,QSBzdWEgZmFsdGEgZGUgWmVueSBvdSBvIHNldSBsaW1pdGUgZGUgWmVueSBvIGltcGVkZSBkaXNzby4=
TVNJX1BSRVNTX0VTQ19UT19SRVNUQVJU,U2V1IHBlcnNvbmFnZW0gZGVzbWFpb3UuIEFwZXJ0ZSBhIHRlY2xhIEVTQyBwYXJhIHJlaW5pY2lhci4=
TVNJX0VBX09CVEFJTg==,LSAlZCBvYnRpZG8u
TVNJX1NQRUxMX0xJU1Q=,TGlzdGEgZGUgTWFnaWFz
TVNJX01JTkVGRkVDVA==,L21pbmltaXpl
TVNJX0RBTUFHRURfSVRFTQ==,RXN0ZSBpdGVtIGZvaSBkYW5pZmljYWRvLg==
TVNJX0VYUExBSU5fTk9TSElGVA==,L25vc2hpZnQgOiBWb2PDqiBwb2RlIHVzYXIgaGFiaWxpZGFkZXMgc2VtIGEgdGVjbGEgc2hpZnQuIExJR0FETy9ERVNMSUdBRE8=
TVNJX05PU0hJRlRfT04=,W3NlbSBzaGlmdF0gb3DDp8OjbyBhdGl2YWRhLiBbTElHQURBXQ==
TVNJX05PU0hJRlRfT0ZG,W3NlbSBzaGlmdF0gb3DDp8OjbyBkZXNhdGl2YWRhLiBbREVTTElHQURBXQ==
TVNJX1JFRlVTRV9CQU5fQllfREJB,TVNJX1JFRlVTRV9CQU5fQllfREJB
TVNJX1JFRlVTRV9FTUFJTF9OT1RfQ09ORklSTUVE,TVNJX1JFRlVTRV9FTUFJTF9OT1RfQ09ORklSTUVE
TVNJX1JFRlVTRV9CQU5fQllfR00=,TVNJX1JFRlVTRV9CQU5fQllfR00=
TVNJX1JFRlVTRV9URU1QX0JBTl9GT1JfREJXT1JL,TVNJX1JFRlVTRV9URU1QX0JBTl9GT1JfREJXT1JL
TVNJX1JFRlVTRV9TRUxGX0xPQ0s=,TVNJX1JFRlVTRV9TRUxGX0xPQ0s=
TVNJX1JFRlVTRV9OT1RfUEVSTUlUVEVEX0dST1VQ,TVNJX1JFRlVTRV9OT1RfUEVSTUlUVEVEX0dST1VQ
TVNJX1JFRlVTRV9XQUlUX0ZPUl9TQUtSQVlfQUNUSVZF,TVNJX1JFRlVTRV9XQUlUX0ZPUl9TQUtSQVlfQUNUSVZF
TVNJX0VYUExBSU5fQVVSQQ==,L2F1cmE6IFZvY8OqIHBvZGUgc2ltcGxpZmljYXIgbyBlZmVpdG8gZGUgYXVyYSAuIExpZ2FkbyBEZXNsaWdhZG8=
TVNJX0FVUkFfT04=,TyBlZmVpdG8gZGUgYXVyYSBzZXLDoSBtb3N0cmFkbyBub3JtYWxtZW50ZS4gW0F1cmEgTGlnYWRhXQ==
TVNJX0FVUkFfT0ZG,TyBlZmVpdG8gZGUgYXVyYSBzZXLDoSBzaW1wbGlmaWNhZG8uIFtBdXJhIERlc2xpZ2FkYV0=
TVNJX1BST0hJQklUX0xPRw==,Q29udGXDumRvIGRlIENoYXQgQmxvcXVlYWRvICVkIHZlemVz
TVNJX1BST0hJQklUX0xJU1Q=,TGlzdGEgZGUgQ2hhdCBCbG9xdWVhZGE=
TVNJX0VYUExBSU5fU0hPV05BTUVUWVBF,L3Nob3duYW1lOiBNdWRhIGEgaW5kaWNhw6fDo28gZG8gbm9tZSBkbyBwZXJzb25hZ2VtLg==
TVNJX0VYUExBSU5fTk9DVFJM,L25vY3RybDogVm9jw6ogcG9kZSBhdGFjYXIgbm9ybWFsbWVudGUgc2VtIHByZXNzaW9uYXIgYSB0ZWNsYSBDdHJsLiBMaWdhZG8gRGVzbGlnYWRv
TVNJX05PQ1RSTF9PTg==,Vm9jw6ogcG9kZSBhdGFjYXIgbm9ybWFsbWVudGUgc2VtIHByZXNzaW9uYXIgYSB0ZWNsYSBDdHJsIFtBdXRvQXRhcXVlIExpZ2Fkb10=
TVNJX05PQ1RSTF9PRkY=,Vm9jw6ogcHJlY2lzYSBwcmVzc2lvbmFyIGEgdGVjbGEgQ3RybCBwYXJhIGF0YWNhciBhdXRvbWF0aWNhbWVudGUgW0F1dG9BdGFxdWUgRGVzbGlnYWRvXQ==
TVNJX0FQUEVORF9QUk9ISUJJVA==,QmxvcXVlYXIgQ2hhdCBkbyBKb2dhZG9y
TVNJX0VSQVNFX1BST0hJQklU,RGVzYmxvcXVlYXIgQ2hhdCBkbyBKb2dhZG9yIGUgRGVsZXRhciBDb250ZcO6ZG8=
TVNJX1JFRFVDRV9QUk9ISUJJVA==,UmVkdXppciB0ZW1wbyBkZSBibG9xdWVpbyAoQ29udGXDumRvIG7Do28gc2Vyw6EgZGVsZXRhZG8p
TVNJX1NIT1dOQU1FX09O,Rm9udGUgdm9sdG91IMOgIG9yaWdpbmFsIFtJbmRpY2HDp8OjbyBkZSBOb21lIDFd
TVNJX1NIT1dOQU1FX09GRg==,Rm9udGUgZm9pIGRpbWludcOtZGEgZSB0YW1iw6ltIG1vc3RyYSBub21lIGRvIEdydXBvIFtJbmRpY2HDp8OjbyBkZSBOb21lIDJd
TVNJX0VYUExBSU5fRE9SSURPUkk=,L2Rvcmlkb3JpOiBmaXF1ZSBkaWdpdGFuZG8gZXN0ZSBjb21hbmRvIHBhcmEgc2FjdWRpciBhIGNhYmXDp2EgZGUgc2V1IHBlcnNvbmFnZW0gXl47Ow==
TVNJX0JJTExJTkdfSU5URVJORVRfQ0FGRQ==,QSBMQU4gSG91c2UgZXN0w6EgcGFnYW5kbyBlc3RhIGNvbnRhLg==
TVNJX0JJTExJTkdfQk9USA==,Vm9jw6ogYWluZGEgcG9kZSBqb2dhciBwb3IgJWQgZGlhKHMpICVkIGhvcmEocykgJWQgbWludXRvKHMpLlxuVm9jw6ogYWluZGEgcG9kZSBqb2dhciBwb3IgJWQgZGlhKHMpICVkIGhvcmEocykgJWQgbWludXRvKHMpLg==
TVNJX0VYUExBSU5fQklOR0JJTkc=,L2JpbmdiaW5nOiBmaXF1ZSBkaWdpdGFuZG8gZXN0ZSBjb21hbmRvIHBhcmEgZ2lyYXIgc2V1IHBlcnNvbmFnZW0gXl47Ow==
TVNJX0VYUExBSU5fQkFOR0JBTkc=,L2JhbmdiYW5nOiBmaXF1ZSBkaWdpdGFuZG8gZXN0ZSBjb21hbmRvIHBhcmEgZ2lyYXIgc2V1IHBlcnNvbmFnZW0gXl47Ow==
TVNJX0VYUExBSU5fU0tJTExGQUlM,L3NraWxsZmFpbDogTsOjbyBtb3N0cmUgbWVuc2FnZW0gdmVybWVsaGEgZGUgZmFsaGEgbmEgaGFiaWxpZGFkZSBuYSB0ZWxhLg==
TVNJX1NLSUxMRkFJTF9PTg==,TW9zdHJlIG1lbnNhZ2VtIHZlcm1lbGhhIGRlIGZhbGhhIG5hIGhhYmlsaWRhZGUgW0ZhbGhhIGRlIEhhYmlsaWRhZGUgTGlnYWRvXQ==
TVNJX1NLSUxMRkFJTF9PRkY=,TsOjbyBtb3N0cmUgbWVuc2FnZW0gdmVybWVsaGEgZGUgZmFsaGEgbmEgaGFiaWxpZGFkZSBbRmFsaGEgZGUgSGFiaWxpZGFkZSBEZXNsaWdhZG9d
TVNJX0VYUExBSU5fTk9UQUxLTVNH,L25vdGFsa21zZzogTsOjbyBtb3N0cmFyIGNvbnZlcnNhcyBuYSB0ZWxhIExpZ2FkbyBEZXNsaWdhZG8=
TVNJX05PVEFMS01TR19PTg==,TW9zdHJhciBjb252ZXJzYXMgbmEgdGVsYSBkZSBDaGF0IFtDaGF0IExpZ2Fkb10=
TVNJX05PVEFMS01TR19PRkY=,TsOjbyBtb3N0cmFyIGNvbnZlcnNhcyBuYSB0ZWxhIGRlIENoYXQgW0NoYXQgRGVzbGlnYWRvXQ==
TVNJX0VYUExBSU5fU0VUMQ==,L3NldDEgOiAvbm9jdHJsICsgL3Nob3duYW1lICsgL3NraWxsZmFpbA==
TVNJX0VYUExBSU5fRk9H,L2ZvZzogVm9jw6ogcG9kZSBsaWdhciBlIGRlc2xpZ2FyIG8gZWZlaXRvIGRlIE7DqXZvYQ==
TVNJX1NVR0dFU1RfQ09VUExF,dW0gcGVkaWRvIGRlIGNhc2FtZW50byBwYXJhIHZvY8OqLCB2b2PDqiBhY2VpdGE/
TVNJX0hPV0lURU1ESVY=,RGl2aXPDo28gZGUgaXRlbnM=
TVNJX0lURU1ESVYx,SW5kaXZpZHVhbA==
TVNJX0lURU1ESVYy,Q29sZXRpdm8=
TVNJX0tFWUNSWVBU,blByb3RlY3QgS2V5Q3J5cHQ=
TVNJX0tFWUNSWVBUX0lOU1RBTExfS0VZRFJJVkVS,bm9tc2c=
TVNJX0tFWUNSWVBUX1JFQk9PVA==,SW5zdGFsYcOnw6NvIGNvbmNsdcOtZGEgUmVpbmljaWFuZG8gXG5cbiBzeXN0ZW0=
TVNJX0tFWUNSWVBUX0lOU1RBTExGQUlM,QSBpbnN0YWxhw6fDo28gZmFsaG91Lg==
TVNJX0tFWUNSWVBUX1NLSVBLRVlDUllQVA==,UHJvY2VkZXIgc2VtIGFqdXN0YXIgbyB0ZWNsYWRvIGRlIHNlZ3VyYW7Dp2E=
TVNJX0tFWUNSWVBUX05PS0VZQ1JZUFRGSUxF,RG8gbm90IGV4aXN0IGZpbGVzIG5lZWQgaW4gS2V5Ym9hcmQgc2VjdXJlICBcblxuKG5wa2V5Yy52eGQsIG5wa2V5Yy5zeXMsIG5wa2V5Y3Muc3lzKQ==
TVNJX0tFWUNSWVBUX1VTQktFWUJPQVJE,RGV0ZWN0ZWQgVVNCIGtleWJvYXJkIERvIHlvdSB3YW50IHRvIGluc3RhbGwgYWRkdGlvbmFsIGZ1bmN0aW9uIHRvIGluc2VydCBcblxuIGtleWJvYXJkIHNlY3VyZT8gXG5cbihhZnRlciBpbnN0YWxsaW5nIGFkZHRpb25hbCBmdW5jdGlvbiwgbXVzdCByZWJvb3Qgc3lzdGVtKQ==
TVNJX0ZJTkRIQUNLX1BBVEg=,ZnRwOi8vcmFnbmFyb2submVmZmljaWVudC5jby5rci9wdWIvcmFnbmFyb2svcmFnbmFyb2swNTI2LmV4ZQ==
TVNJX0ZJTkRIQUNLX05PVElOU1RBTExFRA==,RmluZEhhY2sgc3lzdGVtIGhhcyBub3QgaW5zdGFsbGVkIG5vcm1hbGx5LiBQbGVhc2UgZG93bmxvYWQgcmFnbmFyb2swMjI2LmV4ZSBhbmQgc2V0IHVwIGluIHRoZSBpbnN0YWxsZWQgZm9sZGVyIG9mIFJhZ25hcm9rLiglZCk=
TVNJX0ZJTkRIQUNLX0hBQ0tUT09MRVhJU1Q=,YWx0aG9naCB0aGVyZSBleGlzdHMgdGhlIEhhY2tpbmcgdG9vbCx0aGUgdmFjY2luZSBwcm9jZXNzIGRpZG4ndCBvcGVyYXRlIG5vcm1hbGx5LiBSYWduYXJvayBkbyBub3QgcnVu
TVNJX0ZJTkRIQUNLX0NBTlRET1dOTE9BRA==,SGFja2luZyB0b29sIGRpZG4ndCBkb3dubG9hZCBub3JtYWxseS4gUGxlYXNlIGRvd25sb2FkIHJhZ25hcm9rMDIyNi5leGUgYW5kIHNldCB1cCBpbiB0aGUgaW5zdGFsbGVkIGZvbGRlciBvZiBSYWduYXJvay4=
TVNJX0ZJTkRIQUNLX05PRklMRQ==,dGhlcmUgaXMgcmVnaXN0cmF0aW9uIGVycm9yIG9uIE5QWC5ETEwgb3IgaGFzIG5vdCBmaWxlIHRoYXQgbmVlZCB0byBkcml2ZSBGaW5kSGFjay5QbGVhc2UgZG93bmxvYWQgcmFnbmFyb2swMjI2LmV4ZSBhbmQgc2V0IHVwIGluIHRoZSBpbnN0YWxsZWQgZm9sZGVyIG9mIFJhZ25hcm9rLg==
TVNJX0ZJTkRIQUNLX0VYQ0VQVElPTg==,RXhjZXB0aW9uYWwgc2l0dWF0aW9uIGhhcHBlbmVkLiBQbGVhc2UgY2FsbCAoMDItMzI4MS0wMzYxKSAuIFJldHVybiB2YWx1ZSglZCk=
TVNJX0ZJTkRIQUNLX0VYSVRQUkVTU0VE,WW91IGhhdmUgcHJlc3NlZCB0aGUgb2ZmIGJ1dHRvbg==
TVNJX0ZJTkRIQUNLX1VQREFURUZBSUxFRA==,RmFpbCB0byBhY2Nlc3Mgb24gRmluZGhhY2sgdXBkYXRlIHNlcnZlci4gUGxlYXNlIHJldHJ5IGFnYWluIGluIGEgbWludXRlIG9yIGNvbnRhY3QgR3Jhdml0eSBvcGVyYXRpb24gZGVwYXJ0bWVudA==
TVNJX05BTUVEX1BFVA==,QW1hZG8=
TVNJX1JFUE9SVENPTU1BTkRfRVhQTEFOQVRJT04=,L3JlcG9ydCA6IFNhbHZhIG8gY29udGXDumRvIGRvIGNoYXQgcGFyYSByZWxhdGFyIGFvIEdNLg==
TVNJX1JFUE9SVFRFWFRfSEVBREVS,Q29udGXDumRvcyBkZSBjaGF0IG7Do28gc8OjbyBhY2VpdG9zIGNvbW8gZXZpZMOqbmNpYS4gU2FsdmUgYXBlbmFzIHBhcmEgZ3VhcmRhciBjb21vIHJlZmVyw6puY2lhLg==
TVNJX0xPVkVfU0tJTEw=,RXUgdGUgYW1vISEh
TVNJX0VYUExBSU5fQlJJR0hU,U2Ugc2V1cyBvbGhvcyBmaWNhcmVtIGlycml0YWRvcyBwb3IgY2F1c2EgZGEgdGVsYSBkbyBqb2dvIG91IGRvcyBlZmVpdG9zLCBhanVzdGUgbyBicmlsaG8gZG8gbW9uaXRvci4=
TVNJX0VYUExBSU5fQUxUVEFC,U2UgbyBtb2RvICdUZWxhIENoZWlhJyBuw6NvIGZ1bmNpb25hciBwcm9wcmlhbWVudGUsIGV4cGVyaW1lbnRlIGFwZXJ0YXIgQWx0K1RhYiBbb3UgY3RybCtlc2NdIHBhcmEgcmVhdGl2YXIgbyBDbGllbnQgZG8gUmFnbmFyw7ZrIE9ubGluZQ==
TVNJX1NFUlZFUl9QUk9QRVJUWV9QQVk=,KCVkIGpvZ2Fkb3JlcykgLSBTZXJ2aWRvciBwYWdv
TVNJX1NFUlZFUl9QUk9QRVJUWV9GUkVF,KCVkIGpvZ2Fkb3JlcykgLSBTZXJ2aWRvciBncmF0dWl0bw==
TVNJX0NBTlRfQ09OTkVDVF9UT19QQVlfU0VSVkVS,Q29udGFzIHRyaWFsIG7Do28gcG9kZW0gYWNlc3NhciBvIHNlcnZpZG9yIHBhZ28u
TVNJX1FVSUNLU1BFTExfT04=,Vm9jw6ogcG9kZSB1dGlsaXphciBhIGhhYmlsaWRhZGUgZG8gRjkgY2xpY2FuZG8gbyBib3TDo28gZGlyZWl0byBkbyBtb3VzZS5bL3ExIExpZ2Fkb10=
TVNJX1FVSUNLU1BFTExfT0ZG,Vm9jw6ogbsOjbyBwb2RlIHV0aWxpemFyIGEgaGFiaWxpZGFkZSBkbyBGOSBjbGljYW5kbyBvIGJvdMOjbyBkaXJlaXRvIGRvIG1vdXNlLlsvcTEgRGVzbGlnYWRvXQ==
TVNJX0VYUExBSU5fUVVJQ0tTUEVMTA==,L3F1aWNrc3BlbGwgOiBWb2PDqiBwb2RlIHV0aWxpemFyIGEgaGFiaWxpZGFkZSBkbyBGOSBjbGljYW5kbyBvIGJvdMOjbyBkaXJlaXRvIGRvIG1vdXNlLg==
TVNJX1FVSUNLU1BFTEwyX09O,SGFiaWxpdGEgbyAnc2Nyb2xsJyBkbyBtb3VzZSBwYXJhIGFzIGhhYmlsaWRhZGVzIGRvIEY3IGUgRjguIFsvcTIgTGlnYWRvXQ==
TVNJX1FVSUNLU1BFTEwyX09GRg==,RGVzYWJpbGl0YSBvICdzY3JvbGwnIGRvIG1vdXNlIHBhcmEgYXMgaGFiaWxpZGFkZXMgZG8gRjcgZSBGOC4gIFsvcTIgRGVzbGlnYWRvXQ==
TVNJX0VYUExBSU5fUVVJQ0tTUEVMTDI=,L3F1aWNrc3BlbGwyIDogSGFiaWxpdGEgbyAnc2Nyb2xsJyBkbyBtb3VzZSBwYXJhIGFzIGhhYmlsaWRhZGVzIGRvIEY3IGUgRjgu
TVNJX0VYUExBSU5fUVVJQ0tTUEVMTDM=,L3EzIDogL3F1aWNrc3BlbGwgKC9xMSkgKyAvcXVpY2tzcGVsbDIgKC9xMik=
TVNJX0VNT1RJT05fU1RBUkU=,L2dycjM=
TVNJX0VNT1RJT05fSFVOR1JZ,L2ZvbWU=
TVNJX0VNT1RJT05fQ09PTA==,L2Ftb3Iz
TVNJX0VNT1RJT05fTUVST05H,Lzpw
TVNJX0VNT1RJT05fU0hZ,L3Zlcmc=
TVNJX0VNT1RJT05fR09PREJPWQ==,L2JvbQ==
TVNJX0VNT1RJT05fU1BUSU1F,L3Nw
TVNJX0VNT1RJT05fU0VYWQ==,L28ubw==
TVNJX0VNT1RJT05fQ09NRU9O,L3ZlbQ==
TVNJX0VNT1RJT05fU0xFRVBZ,L3Nvbm8=
TVNJX0VNT1RJT05fQ09OR1JBVFVMQVRJT04=,L3ByYnM=
TVNJX0VNT1RJT05fSFBUSU1F,L2hw
TVNJX0VYUExBSU5fRU1PVElPTg==,L2Vtb3Rpb24gOiBNb3N0cmEgYSBsaXN0YSBkZSBFbW90aWNvbnMgZGlzcG9uw612ZWlzLg==
TVNJX0JBVFRMRV9PTg==,VXRpbGl6ZSBvIHRlY2xhZG8gcGFyYSB1c2FyIGhhYmlsaWRhZGVzIGRvIGF0YWxoby4gWy9ibSBPTl0=
TVNJX0JBVFRMRV9PRkY=,TsOjbyB1dGlsaXplIG8gdGVjbGFkbyBwYXJhIHVzYXIgaGFiaWxpZGFkZXMgZG8gYXRhbGhvLiBbL2JtIE9GRl0=
TVNJX0VYUExBSU5fQkFUVExF,L2JhdHRsZW1vZGUgOiBVc2UgYXMgdGVjbGFzIFEgfiBPIHBhcmEgYXMgaGFiaWxpZGFkZXMgZGEgbGluaGEgMiBkZSBhdGFsaG9zLg==
TVNJX0VYUExBSU5fQkFUVExFMg==,VXNlIGFzIHRlY2xhcyBBIH4gTCBwYXJhIGFzIGhhYmlsaWRhZGVzIGRhIGxpbmhhIDMgZGUgYXRhbGhvcy4=
TVNJX0VYUExBSU5fTEFH,Um9kYXIgb3V0cm9zIHByb2dyYW1hcyBqdW50byBjb20gbyBiUk8gcG9kZSBjYXVzYXIgTGFnIGFvIGpvZ28u
TVNJX1NVUEVSTk9WSUNFMQ==,QW5qbyBkYSBHdWFyZGEsIHZvY8OqIHBvZGUgbWUgb3V2aXI/
TVNJX1NVUEVSTk9WSUNFMg==,RXUgc291
TVNJX1NVUEVSTk9WSUNFMw==,dW0gRXRlcm5vIEFwcmVuZGl6IQ==
TVNJX1NVUEVSTk9WSUNFNA==,RXUgcHJlY2lzbyBkYSBzdWEgYWp1ZGEsIHBvciBmYXZvciE=
TVNJX1NVR0dFU1RfQkFCWQ==,cmVxdWlzaXRvdSB1bWEgYWRvw6fDo28uIFZvY8OqIGFjZWl0YT8=
TVNJX0VYUExBSU5fQkFUVExFMw==,VXNlIGFzIHRlY2xhcyBaIH4gPiBwYXJhIGFzIGhhYmlsaWRhZGVzIGRhIGxpbmhhIDEgZGUgYXRhbGhvcy4=
TVNJX0VYUExBSU5fQkFUVExFNA==,Vm9jw6ogcG9kZSBlbnZpYXIgbWVuc2FnZW5zIGRlIGNoYXQgYXBlcnRhbmRvIGFzIHRlY2xhcyBFbnRlci9Fc3Bhw6dvLg==
TVNJX05QR0FNRU1PTl9FUlJPUl9BVVRIX0dBTUVHVUFSRA==,TyBHYW1lR3VhcmQgbsOjbyBlc3TDoSBpbnN0YWxhZG8gb3UgcG9zc3VpIGFsZ3VtYSBmYWxoYS4gUG9yIGZhdm9yLCBleGVjdXRlIG8gYXJxdWl2byBkZSBTZXR1cCBkbyBHYW1lR3VhcmQu
TVNJX05QR0FNRU1PTl9FUlJPUl9DUllQVE9BUEk=,QWxndW5zIGFycXVpdm9zIGRvIHNpc3RlbWEgd2luZG93cyBwb2RlbSBjb250ZXIgZmFsaGFzLiBQb3IgZmF2b3IsIHJlaW5zdGFsZSBvIEludGVybmV0IEV4cGxvcmVyLg==
TVNJX05QR0FNRU1PTl9FUlJPUl9FWEVDVVRF,QWNvbnRlY2V1IHVtIGVycm8gbmEgZXhlY3XDp8OjbyBkbyBHYW1lR3VhcmQuIFBvciBmYXZvciwgZXhlY3V0ZSBub3ZhbWVudGUgbyBhcnF1aXZvIGRlIFNldHVwIGRvIEdhbWVHdWFyZA==
TVNJX05QR0FNRU1PTl9FUlJPUl9JTExFR0FMX1BSRw==,VW0gc29mdHdhcmUgbsOjbyBhdXRvcml6YWRvIGZvaSBkZXRlY3RhZG8uIEZlY2hlIHRvZG9zIG9zIGFycXVpdm9zIHF1ZSBwb3NzYW0gY2F1c2FyIGNvbmZsaXRvIGNvbSBvIEdhbWVHdWFyZC4=
TVNJX05QR01VUF9FUlJPUl9BQk9SVA==,QSBhdHVhbGl6YcOnw6NvIGRvIEdhbWVHdWFyZCBmb2kgY2FuY2VsYWRhLiBQb3IgZmF2b3IsIHZlcmlmaXF1ZSBzZSBzdWEgY29uZXjDo28gZGUgaW50ZXJuZXQgb3Ugc2UgYSBjb25maWd1cmHDp8OjbyBkbyBzZXUgRmlyZXdhbGwgcG9zc2FtIGVzdGFyIGltcG9zc2liaWxpdGFuZG8gYSBhdHVhbGl6YcOnw6NvLg==
TVNJX05QR01VUF9FUlJPUl9DT05ORUNU,TsOjbyBmb2kgcG9zc8OtdmVsIGVmZXR1YXIgYSBhdHVhbGl6YcOnw6NvIGRvIEdhbWVHdWFyZC4gUG9yIGZhdm9yLCBjaGVxdWUgYSBjb25maWd1cmHDp8OjbyBkbyBzZXUgRmlyZXdhbGwgZSB0ZW50ZSByZWNvbmVjdGFyIGVtIGFsZ3VucyBpbnN0YW50ZXMu
TVNJX05QR01VUF9FUlJPUl9BVVRI,TsOjbyBmb2kgcG9zc8OtdmVsIGNvbXBsZXRhciBhIGF0dWFsaXphw6fDo28gZG8gR2FtZUd1YXJkLiBWZXJpZmlxdWUgZW0gc2V1IFBDIHNlIGV4aXN0ZSBhbGd1bSBwcm9ncmFtYSBxdWUgaW1wb3NzaWJpbGl0ZSBhIGF0dWFsaXphw6fDo28u
TVNJX0VYUExBSU5fTk9UUkFERQ==,L25vdHJhZGUgOiBpbXBlZGUgcXVlIG5lZ29jaWHDp8O1ZXMgc2VqYW0gZmVpdGFzLg==
TVNJX05PVFJBREVfT04=,TmVnb2NpYcOnw7VlcyBpbXBlZGlkYXMgWy9udCBMaWdhZG9d
TVNJX05PVFJBREVfT0ZG,TmVnb2NpYcOnw7VlcyBsaWJlcmFkYXMgWy9udCBEZXNsaWdhZG9d
TVNJX0xJTUlUX0JVWV9JVEVN,Vm9jw6ogbsOjbyBwb2RlIGNvbXByYXIgbWFpcyBxdWUgMzAsMDAwIGl0ZW5zIGlndWFpcy4=
TVNJX05PVF9FTk9VR0hfU09VUkNF,Vm9jw6ogbsOjbyB0ZW0gbWF0ZXJpYWwgbyBiYXN0YW50ZS4=
TVNJX0FMUkVBRFlfQ09OTkVDVA==,SW5mb3JtYcOnw7VlcyBzb2JyZSBhIHN1YSBjb250YSBleHBpcmFyw6NvIGVtICVzLg==
TVNJX0hBQ0tJTkdfSU5WRVNUSUdBVElPTg==,U3VhIGNvbnRhIGZvaSBibG9xdWVhZGEgZGV2aWRvIMOgIHVtYSBpbnZlc3RpZ2HDp8OjbyBkZSBoYWNrLiBQb3IgZmF2b3IsIGVudmllIHVtIHRpY2tldCBwYXJhIG9idGVyIG1haXMgaW5mb3JtYcOnw7Vlcy4=
TVNJX0JVR19JTlZFU1RJR0FUSU9O,U3VhIGNvbnRhIGZvaSB0ZW1wb3JhcmlhbWVudGUgYmxvcXVlYWRhIHBhcmEgaW52ZXN0aWdhw6fDo28gZGUgYnVncy4=
TVNJX1JFUEFJUklURU1MSVNU,RXN0ZSBpdGVtIHBvZGUgc2VyIGNvbnNlcnRhZG8=
TVNJX0lURU1fUkVQQUlSX1NVQ0NFRVNT,SXRlbSBjb25zZXJ0YWRvIGNvbSBzdWNlc3NvLg==
TVNJX0lURU1fUkVQQUlSX0ZBSUw=,TyBpdGVtIG7Do28gZm9pIGNvbnNlcnRhZG8gKFBvciBmYXZvciwgdmVyaWZpcXVlIG9zIG1hdGVyaWFpcyBlIGEgZGlzdMOibmNpYSBlbnRyZSBvcyBwZXJzb25hZ2Vucyk=
TVNJX1NZU1RFTV9DSEVDS19PTg==,Q2hlY2FnZW0gY29udMOtbnVhIGRlIHN0YXR1cyBkbyBzaXN0ZW1hIGF0aXZhZGEuIFttb2RvIEdNXVsvc2MgTGlnYWRvXQ==
TVNJX1NZU1RFTV9DSEVDS19PRkY=,Q2hlY2FnZW0gY29udMOtbnVhIGRlIHN0YXR1cyBkbyBzaXN0ZW1hIGRlc2F0aXZhZGEuIFtNb2RvIEdNXVsvc2MgRGVzbGlnYWRvXQ==
TVNJX0VYUExBSU5fU1lTVEVNX0NIRUNL,L3N5c3RlbWNoZWNrOiBDaGVjYWdlbSBjb250w61udWEgZGUgc3RhdHVzIGRvIHNpc3RlbWEuIFtNb2RvIEdNXQ==
TVNJX1NVR0dFU1RfSk9JTl9GUklFTkQ=,KCVzKSBkZXNlamEgc2VyIHNldSBhbWlnby4gVm9jw6ogYWNlaXRhPw==
TVNJX0ZSSUVORF9BRERfTUVfT1ZFUlNJWkU=,U3VhIGxpc3RhIGRlIGNvbnRhdG9zIGVzdMOhIGNoZWlhLg==
TVNJX0ZSSUVORF9BRERfT1RIRVJfT1ZFUlNJWkU=,KCVzKSBuw6NvIHBvZGUgcmVnaXN0cmFyIG1haXMgY29udGF0b3Mu
TVNJX0ZSSUVORF9BRERfU1VDQ0VFRA==,KCVzKSDDqSBzZXUgYW1pZ28gYWdvcmEu
TVNJX0ZSSUVORF9BRERfRkFMU0U=,KCVzKSBuw6NvIGRlc2VqYSBzZXIgc2V1IGFtaWdvLg==
TVNJX0JMT0NLRUQ=,RXN0ZSBwZXJzb25hZ2VtIGZvaSBibG9xdWVhZG8gcG9yICVzLg==
TVNJX09WRVJQUklDRQ==,QVRFTsOHw4NPISBFc3RlIGl0ZW0gc2Vyw6EgdmVuZGlkbyBwb3IgOTksOTkwLDAwMHoh
TVNJX0xJVFRMRVVTRVI=,KE11aXRvIEFiYWl4byk=
TVNJX0FMSVRUTEVVU0VS,KEFiYWl4byk=
TVNJX05PUk1MRVVTRVI=,KE5vcm1hbCk=
TVNJX01BTllVU0VS,KEFjaW1hKQ==
TVNJX1ZFUllNQU5ZVVNFUg==,KE11aXRvIEFjaW1hKQ==
TVNJX0dNX0JBRF9NQU5ORVJfU1RBUlQ=,Vm9jw6ogZm9pIGltcGVkaWRvIGRlIHVzYXIgbyBjaGF0IGUgaGFiaWxpZGFkZXMgcG9yICVkIG1pbnV0b3MgcGVsYSBlcXVpcGUgZGUgR01zLg==
TVNJX0dNX0JBRF9NQU5ORVJfUkVNQUlO,JWQgbWludXRvcyByZXN0YW50ZXMgcGFyYSBwb2RlciB1c2FyIG8gY2hhdCBlIGhhYmlsaWRhZGVzLg==
TVNJX0dNX0JBRF9NQU5ORVJfRU5E,Vm9jw6ogasOhIHBvZGUgdXNhciBvIGNoYXQu
TVNJX0FVVE9fQkFEX01BTk5FUl9TVEFSVA==,Vm9jw6ogZm9pIGltcGVkaWRvIGRlIHVzYXIgbyBjaGF0IGUgaGFiaWxpZGFkZXMgcG9yICVkIG1pbnV0b3MgcGVsbyBzaXN0ZW1hLg==
TVNJX0FVVE9fQkFEX01BTk5FUl9SRU1BSU4=,JWQgbWludXRvcyByZXN0YW50ZXMgcGFyYSBwb2RlciB1c2FyIG8gY2hhdCBlIGhhYmlsaWRhZGVzLg==
TVNJX0FVVE9fQkFEX01BTk5FUl9FTkQ=,QmxvcXVlaW8gZGUgY2hhdCBhdXRvbcOhdGljbyB0ZXJtaW5vdS4gUG9yIGZhdm9yLCBuw6NvIGRpZ2l0ZSBhIG1lc21hIG1lbnNhZ2VtIG11aXRhcyB2ZXplcy4=
TVNJX0RJVk9SQ0U=,JXMgZSAlcyBzZSBkaXZvcmNpYXJhbS4=
TVNJX1NUQVJQTEFDRTE=,JXMgZm9pIGVzY29saGlkbyhhKSBjb21vICVzIGRvIFNvbC4=
TVNJX1NUQVJQTEFDRTI=,JXMgZm9pIGVzY29saGlkbyhhKSBjb21vICVzIGRhIEx1YS4=
TVNJX1NUQVJQTEFDRTM=,JXMgZm9pIGVzY29saGlkbyhhKSBjb21vICVzIGRhIEVzdHJlbGEu
TVNJX1NUQVJQTEFDRTQ=,TyBTb2wgZGUgJXMgw6kgJXMu
TVNJX1NUQVJQTEFDRTU=,QSBMdWEgZGUgJXMgw6kgJXMu
TVNJX1NUQVJQTEFDRTY=,QSBFc3RyZWxhIGRlICVzIMOpICVzLg==
TVNJX1NUQVJNT05TVEVSMQ==,JXMgZm9pIGVzY29saGlkbyhhKSBjb21vIE1vbnN0cm8gJXMgZG8gU29sLg==
TVNJX1NUQVJNT05TVEVSMg==,JXMgZm9pIGVzY29saGlkbyhhKSBjb21vIE1vbnN0cm8gJXMgZGEgTHVhLg==
TVNJX1NUQVJNT05TVEVSMw==,JXMgZm9pIGVzY29saGlkbyhhKSBjb21vIE1vbnN0cm8gJXMgZGEgRXN0cmVsYS4=
TVNJX1NUQVJNT05TVEVSNA==,TyBTb2wgZGUgJXMgw6kgJXMu
TVNJX1NUQVJNT05TVEVSNQ==,QSBMdWEgZGUgJXMgw6kgJXMu
TVNJX1NUQVJNT05TVEVSNg==,QSBFc3RyZWxhIGRlICVzIMOpICVzLg==
TVNJX0VYUExBSU5fV0lORE9X,L3dpbmRvdyA6IGVzdGUgY29tYW5kbyBmYXogY29tIHF1ZSBhcyBqYW5lbGFzICdncnVkZW0nIHVtYSBjb20gYXMgb3V0cmFzLg==
TVNJX1dJTkRPV19PTg==,QXMgamFuZWxhcyAnZ3J1ZGFtJyB1bWFzIGNvbSBhcyBvdXRyYXMuIFsvd2kgTGlnYWRvXQ==
TVNJX1dJTkRPV19PRkY=,QXMgamFuZWxhcyBuw6NvICdncnVkYW0nIHVtYXMgY29tIGFzIG91dHJhcy4gWy93aSBEZXNsaWdhZG9d
TVNJX0VYUExBSU5fUFZQX0lORk8=,L3B2cGluZm86IFBlcm1pdGUgcXVlIHZvY8OqIHZlamEgc3VhIGNvbG9jYcOnw6NvLg==
TVNJX1BWUF9JTkZP,Tm8gbW9tZW50bywgJWQgVml0w7NyaWFzLCAlZCBEZXJyb3Rhcywgc3VhIHBvbnR1YcOnw6NvIGRlIFBWUCDDqSAlZC4=
TVNJX1NFTkRfTUFOTkVSX1BPSU5U,UG9udG8gZGUgSnVsZ2FtZW50byBlbnZpYWRvIGNvbSBzdWNlc3NvLg==
TVNJX1BLWk9ORQ==,UEssb3UgcGxheWVyLWtpbGwsIGVzdMOhIGF0aXZhZG8gbmVzdGUgbG9jYWwsIGVzdGVqYSBwcmVwYXJhZG8u
TVNJX05QR0FNRU1PTl9FUlJPUl8xMDBFUlJPUg==,TyAnR2FtZSBHdWFyZCcgbsOjbyBww7RkZSBmdW5jaW9uYXIgZGV2aWRvIMOgIHVtIHbDrXJ1cyBvdSBzcHl3YXJlIGVtIHNldSBjb21wdXRhZG9yLg==
TVNJX05QR0FNRU1PTl9YUF9DT01QQVRJQklMSVRZ,RXN0ZSBwcm9ncmFtYSBzZXLDoSBmaW5hbGl6YWRvIGRldmlkbyDDoCBpbmNvbXBhdGliaWxpZGFkZSBjb20gbyBXaW5kb3dzLiBQb3IgZmF2b3IgcmVpbmljaWUgbyBwcm9ncmFtYS4=
TVNJX1BLX0hPTk9S,RmFsYSwgaGFiaWxpZGFkZXMgZSB1c28gZGUgaXRlbnMgbsOjbyBlc3TDo28gZGlzcG9uw612ZWlzIG5lc3NlIG1vbWVudG8u
TVNJX0RFTEVUSU5HX0NIQVI=,RGV2aWRvIMOgIHRlciBkZWxldGFkbyB1bSBwZXJzb25hZ2VtLCB2b2PDqiBuw6NvIHBvZGUgZmF6ZXIgbyBsb2dpbiBwb3IgYWxndW5zIG1vbWVudG9zLg==
TVNJX0RFTEVUSU5HX1NQT1VTRV9DSEFS,RGV2aWRvIMOgIHRlciBkZWxldGFkbyB1bSBwZXJzb25hZ2VtIGRlIHNldSBwYXJjZWlybywgdm9jw6ogbsOjbyBwb2RlIGZhemVyIG8gbG9naW4gdGVtcG9yYXJpYW1lbnRlLg==
TVNJX05PVklDRQ==,QXByZW5kaXo=
TVNJX1NXT1JETUFO,RXNwYWRhY2hpbQ==
TVNJX01BR0lDSUFO,TWFnbw==
TVNJX0FSQ0hFUg==,QXJxdWVpcm8=
TVNJX0FDT0xZVEU=,Tm92acOnbw==
TVNJX01FUkNIQU5U,TWVyY2Fkb3I=
TVNJX1RISUVG,R2F0dW5v
TVNJX0tOSUdIVA==,Q2F2YWxlaXJv
TVNJX1BSSUVTVA==,U2FjZXJkb3Rl
TVNJX1dJWkFSRA==,QnJ1eG8=
TVNJX0JMQUNLU01JVEg=,RmVycmVpcm8=
TVNJX0hVTlRFUg==,Q2HDp2Fkb3I=
TVNJX0FTU0FTU0lO,TWVyY2Vuw6FyaW8=
TVNJX05PVklDRV9X,QXByZW5kaXo=
TVNJX1NXT1JETUFOX1c=,RXNwYWRhY2hpbQ==
TVNJX01BR0lDSUFOX1c=,TWFnYQ==
TVNJX0FSQ0hFUl9X,QXJxdWVpcmE=
TVNJX0FDT0xZVEVfVw==,Tm92acOnYQ==
TVNJX01FUkNIQU5UX1c=,TWVyY2Fkb3Jh
TVNJX1RISUVGX1c=,R2F0dW5h
TVNJX0tOSUdIVF9X,Q2F2YWxlaXJh
TVNJX1BSSUVTVF9X,U2FjZXJkb3Rpc2E=
TVNJX1dJWkFSRF9X,QnJ1eGE=
TVNJX0JMQUNLU01JVEhfVw==,RmVycmVpcmE=
TVNJX0hVTlRFUl9X,Q2HDp2Fkb3Jh
TVNJX0FTU0FTU0lOX1c=,TWVyY2Vuw6FyaWE=
TVNJX1JFUV9KT0lOX0JBQlk=,U29saWNpdGFyIGFkb8Onw6NvIHBhcmEgJXM=
TVNJX1NVR0dFU1RfQkFCWTI=,Vm9jw6ogbsOjbyBwb2RlIGF1bWVudGFyIHNldXMgYXRyaWJ1dG9zIGFjaW1hIGRlIDgwLCBlIHNldSBIUCBlIFNQIHNlcsOjbyBtZW5vcmVzIGNvbW8gQ3JpYW7Dp2Eu
TVNJX0dPU1BFTDE=,VG9kYXMgYXMgY29uZGnDp8O1ZXMgbmVnYXRpdmFzIGZvcmFtIGNhbmNlbGFkYXMu
TVNJX0dPU1BFTDI=,c2Vyw6EgaXNlbnRhZG8gZGUgdG9kYXMgYXMgY29uZGnDp8O1ZXMgcG9yIDEgbWludXRvLg==
TVNJX0dPU1BFTDM=,U2V1IEhQIG3DoXhpbW8gYXVtZW50YXLDoSBkdXJhbnRlIDEgbWludXRvLg==
TVNJX0dPU1BFTDQ=,U2V1IFNQIG3DoXhpbW8gYXVtZW50YXLDoSBkdXJhbnRlIDEgbWludXRvLg==
TVNJX0dPU1BFTDU=,U3VhcyBoYWJpbGlkYWRlcyBzZXLDo28gYXByaW1vcmFkYXMgZHVyYW50ZSAxIG1pbnV0by4=
TVNJX0dPU1BFTDY=,U3VhIGFybWEgdGVyw6EgcHJvcHJpZWRhZGVzIFNhZ3JhZGFzIGR1cmFudGUgMSBtaW51dG8u
TVNJX0dPU1BFTDc=,U3VhIGFybWFkdXJhIHRlcsOhIHByb3ByaWVkYWRlcyBTYWdyYWRhcyBkdXJhbnRlIDEgbWludXRvLg==
TVNJX0dPU1BFTDg=,U3VhIGRlZmVzYSBhdW1lbnRhcsOhIHBvciAxMCBzZWd1bmRvcy4=
TVNJX0dPU1BFTDk=,U2V1IGF0YXF1ZSBhdW1lbnRhcsOhIHBvciAxIG1pbnV0by4=
TVNJX0dPU1BFTDEw,U3VhIHByZWNpc8OjbyBlIGVzcXVpdmEgYXVtZW50YXLDoSBkdXJhbnRlICAxIG1pbnV0by4=
TVNJX0JBQlkx,Vm9jw6ogc8OzIHBvZGUgc2VyIGFkb3RhZG8gYXBlbmFzIDEgdmV6Lg==
TVNJX0JBQlky,UGFyYSBhZG90YXIgdW1hIENyaWFuw6dhLCBvcyBwYWlzIGRldmVtIHNlciBjYXNhZG9zIGUgZGUgbsOtdmVsIHN1cGVyaW9yIMOgIDcwLg==
TVNJX0JMQUNLU01JVEhfUE9JTlQ=,W1BPTlRPU10gU2V1cyBwb250b3MgZGUgUXVhbGlmaWNhw6fDo28gY29tbyBGZXJyZWlybyBhdW1lbnRhcmFtICAlZC4gU2V1IHRvdGFsIGRlIHBvbnRvcyDDqSAlZC4=
TVNJX0FMQ0hFTUlTVF9QT0lOVA==,W1BPTlRPU10gU2V1cyBwb250b3MgZGUgUXVhbGlmaWNhw6fDo28gY29tbyBBbHF1aW1pc3RhIGF1bWVudGFyYW0gICVkLiBTZXUgdG90YWwgZGUgcG9udG9zIMOpICVkLg==
TVNJX1NVUEVSTk9WSUNFMTE=,QW5qbyBkYSBHdWFyZGEsIHZvY8OqIHBvZGUgbWUgb3V2aXI/
TVNJX1NVUEVSTk9WSUNFMTI=,U291
TVNJX1NVUEVSTk9WSUNFMTM=,dW0gU3VwZXIgQXByZW5kaXoh
TVNJX1NVUEVSTk9WSUNFMTQ=,RXUgcHJlY2lzbyBkYSBzdWEgYWp1ZGEsIHBvciBmYXZvciE=
TVNJX0VYUExBSU5fTk9UQUxLTVNHMg==,L25vdGFsa21zZzogYXRpdmEgb3UgZGVzYXRpdmEgYSBleGliacOnw6NvIGRlIGRpw6Fsb2dvcyBuYSB0ZWxhIGRlIGNoYXQu
TVNJX05PVEFMS01TRzJfT04=,RXhpYmlyIGRpw6Fsb2dvcyBuYSB0ZWxhIGRlIGNoYXQuIFtDaGF0IExpZ2Fkb10=
TVNJX05PVEFMS01TRzJfT0ZG,TsOjbyBleGliaXIgZGnDoWxvZ29zIG5hIHRlbGEgZGUgY2hhdC4gW0NoYXQgRGVzbGlnYWRvXQ==
TVNJX1JFRklORUlURU1MSVNU,SXRlbSByZWZpbsOhdmVs
TVNJX0lURU1fUkVGSU5FX1NVQ0NFRVNT,QXJtYSByZWZpbmFkYTogJXM=
TVNJX0lURU1fUkVGSU5FX0ZBSUw=,QXJtYSByZWZpbmFkYTogJXM=
TVNJX0lURU1fUkVGSU5FX0ZBSUxfTEVWRUw=,Vm9jw6ogbsOjbyBwb2RlIHJlZmluYXIgJXMgcG9pcyBuw6NvIHBvc3N1aSBuw612ZWwgc3VmaWNpZW50ZSBlbSByZWZpbmFtZW50byBkZSBhcm1hcy4=
TVNJX0lURU1fUkVGSU5FX0ZBSUxfTUFURVJJQUw=,Vm9jw6ogbsOjbyBwb2RlIHJlZmluYXIgaXN0byBwb2lzIG7Do28gcG9zc3VpIHVtICVzLCBpdGVtIG5lY2Vzc8OhcmlvLg==
TVNJX0ZVTExTVFJJUA==,UmVtb8Onw6NvIENvbXBsZXRhIG7Do28gZXN0w6EgZnVuY2lvbmFuZG8gcG9yIHF1ZSBvIFJldmVzdGltZW50byDDqSBwZXJmZWl0by4=
TVNJX0JBQlkz,Vm9jw6ogbsOjbyBwb2RlIGFkb3RhciB1bSBwZXJzb25hZ2VtIGNhc2Fkby4=
TVNJX0lEX1dBUk5JTkc=,QVRFTsOHw4NPISBFc3RlIGpvZ2Fkb3IgbsOjbyDDqSBzZXUgYW1pZ28sIGVsZSBhcGVuYXMgcG9zc3VpIHVtIE5pY2tuYW1lIHNlbWVsaGFudGUgYW8gZGUgdW0gZGUgc2V1cyBjb250YXRvcy4gTsOjbyBpbmZvcm1lIHNldXMgZGFkb3MgcGVzc29haXMgZSBuw6NvIHRyYW5zZmlyYSBpdGVucyBwYXJhIGVsZSBzb2IgaGlww7N0ZXNlIGFsZ3VtYS4gQ2VydGlmaXF1ZS1zZSBkZSBxdWUgbsOjbyBzZSB0cmF0YSBkZSB1bWEgdGVudGF0aXZhIGRlIHNlIHBhc3NhciBwb3IgdW0gYW1pZ28gc2V1Lg==
TVNJX0VYUExBSU5fSEk=,L2hpIG91IC9oaSBzZW50ZW7Dp2EgOiBEaXplciBvaSBwYXJhIHRvZG9zIG9zIHBlcnNvbmFnZW5zIG5hIHN1YSBsaXN0YSBkZSBhbWlnb3Mu
TVNJX0lEX1dBUk5JTkdfR1VJTEQ=,TyBub21lIMOpIHNpbWlsYXIgYW8gbm9tZSBkbyBzZXUgY29tcGFuaGVpcm8gZGUgQ2zDoyBtYXMgZXN0YSBwZXNzb2EgbsOjbyDDqSBkbyBzZXUgQ2zDoy4gUG9yIGZhdm9yIGNvbmZpcm1lIGEgaWRlbnRpZGFkZSBkZWxlLg==
TVNJX09WRVJQUklDRTk5OTk=,QVRFTsOHw4NPISBFc3RlIGl0ZW0gc2Vyw6EgdmVuZGlkbyBwb3IgOTkuOTkgTWlsaMO1ZXMgZGUgWmVueSE=
TVNJX0VYUExBSU5fU0FDSElORzE=,TWVuc2FnZW5zIGRvcyBzZXVzIGFtaWdvcyBlIGNvbXBhbmhlaXJvcyBkZSBjbMOjIHNlcsOjbyBtb3N0cmFkYSBjb21vIFsgTm9tZSBdLg==
TVNJX0VYUExBSU5fU0FDSElORzI=,KCBGcm9tIE5vbWU6ICkgRXN0YSBtZW5zYWdlbSBuw6NvIMOpIGRlIG5lbmh1bSBhbWlnbyBvdSBjb21wYW5oZWlybyBkZSBDbMOjIHNldS4=
TVNJX0VYUExBSU5fQkxBQ0tTTUlUSA==,L2JsYWNrc21pdGg6IE1vc3RyYSBhIHF1YWxpZmljYcOnw6NvIGRvcyB0b3AgMTAgRmVycmVpcm9zLg==
TVNJX0VYUExBSU5fQUxDSEVNSVNU,L2FsY2hlbWlzdDogTW9zdHJhIGEgcXVhbGlmaWNhw6fDo28gZG9zIHRvcCAxMCBBbHF1aW1pc3Rhcy4=
TVNJX0VYUExBSU5fQUxUWQ==,QUxUK1k6IFVtYSBqYW5lbGEgcGFyYSB2w6FyaW9zIGNvbWFuZG9zIHNlIGFicmlyw6Eu
TVNJX1RBRUtXT05fUE9JTlQ=,W1BPTlRPU10gUXVhbGlmaWNhw6fDo28gbmEgTWlzc8OjbyBkZSBUYWVrd29uIGF1bWVudG91ICVkLiBPIHRvdGFsIGRlIHBvbnRvcyDDqSAlZC4=
TVNJX1RBRUtXT05fTUlTU0lPTg==,W01pc3PDo28gZGUgVGFla3dvbl0gTW9uc3RybyBBbHZvOiAlcyAoJWQlJSk=
TVNJX0lOSVRfRVJST1I=,RXJybyAtIEZhbGhhIGFvIGluaWNpYWxpemFyIEdhbWVHdWFyZDogJWx1
TVNJX1NQRUVESEFDS19ERVRFQ1Q=,J1NwZWVkIEhhY2snIGZvaSBkZXRlY3RhZG8u
TVNJX0dBTUVIQUNLX0RFVEVDVA==,TyBwcm9ncmFtYSBpbGVnYWwgKCVzKSBmb2kgZGV0ZWN0YWRvLg==
TVNJX0dBTUVIQUNLX0RPVUJU,TyBqb2dvIG91IG8gR2FtZWd1YXJkIGZvaSBjcmFja2VhZG8u
TVNJX0VSUk9SX0VYSVNU,R2FtZUd1YXJkIGFpbmRhIGVzdMOhIHJvZGFuZG8uIFBvciBmYXZvciwgZXNwZXJvIHVtIG1vbWVudG8gZSByZWluaWNpZSBvIGpvZ28u
TVNJX0dBTUVfRVhJU1Q=,R2FtZUd1YXJkIGrDoSBlc3TDoSByb2RhbmRvLiBQb3IgZmF2b3IsIGZlY2hlIGUgcmVpbmljaWUgbyBqb2dvLg==
TVNJX0VSUk9SX0lOSVQ=,TyBHYW1lR3VhcmQgbsOjbyBwb2RlIHNlciBpbmljaWFsaXphZG8uIFRlbnRlIG5vdmFtZW50ZSBhcMOzcyBmZWNoYXIgb3V0cm9zIHByb2dyYW1hcyBvdSByZWluaWNpYXIgc2V1IGNvbXB1dGFkb3IuIEZhaWxlZCB0byBpbnRpYWxpemUgR2FtZUd1YXJkLiBQbGVhc2UgdHJ5IGFnYWluIGFmdGVyIHJlYm9vdGluZyB0aGUgc3lzdGVtIG9yIGNsb3Npbmcgb3RoZXIgcHJvZ3JhbXMu
TVNJX0VSUk9SX05QU0NBTg==,RXJybyBhbyBjYXJyZWdhciBvIG1vZG8gZGUgc2NhbiBkZSB2w61ydXMgZSBmZXJyYW1lbnRhcyBkZSBoYWNrLiBBIGNhdXNhIHBvZGUgc2VyIGZhbHRhIGRlIG1lbcOzcmlhIG5vIFBDIG91IHbDrXJ1cy4=
TVNJX0hPTVVOX0lORk8=,SW5mb3JtYcOnw6NvIGRvIEhvbXVuY3VsdXM=
TVNJX0hPTVVOX1NLSUxMTElTVA==,SGFiaWxpZGFkZXMgZG8gSG9tdW5jdWx1cw==
TVNJX0hPTVVOX05BTUVfSU4yMw==,TyBub21lIGRvIHNldSBob211bmN1bHVzIGRldmUgdGVyIDIzIGNhcmFjdGVyZXMgb3UgbWVub3Mu
TVNJX0hPTVVOX05BTUVfQ0hBTkdFX09OTFlPTkNF,Vm9jw6ogcG9kZSBtdWRhciBvIG5vbWUgYXBlbmFzIHVtYSB2ZXouIE8gbm9tZSBkbyBzZXUgaG9tdW5jdWx1cyBzZXLDoSBtdWRhZG8gcGFyYSBeMDAwMGZmXjAwMDBmZiAlc14wMDAwMDBeMDAwMDAwLiBEZXNlamEgY29udGludWFyPw==
TVNJX0FVVE9fTVNH,TG9uZ2UgZG8gdGVjbGFkbw==
TVNJX0FVVE9fTVNHMg==,W01lbnNhZ2VtIEF1dG9tw6F0aWNhXQ==
TVNJX0FVVE9fTVNHX09O,QXRpdmFyIHJlc3Bvc3RhIGF1dG9tw6F0aWNhIHF1YW5kbyB2b2PDqiBuw6NvIGVzdGl2ZXIgZGlzcG9uw612ZWwu
TVNJX0FVVE9fTVNHX09GRg==,RGVzYXRpdmFyIHJlc3Bvc3RhIGF1dG9tw6F0aWNhIHF1YW5kbyB2b2PDqiBuw6NvIGVzdGl2ZXIgZGlzcG9uw612ZWwu
TVNJX0VOVEVSX0FVVE9fTVNH,UG9yIGZhdm9yLCBkaWdpdGUgc3VhIHJlc3Bvc3RhIGF1dG9tw6F0aWNhLg==
TVNJX0VNT1RJT05fU1BBUks=,L2JsaW5n
TVNJX0VNT1RJT05fQ09ORlVTRQ==,L3NwaW4=
TVNJX0VNT1RJT05fT0hOTw==,L3NpZ2g=
TVNJX0VNT1RJT05fSFVN,L3R3bms=
TVNJX0VNT1RJT05fQkxBQkxB,L25vaXN5
TVNJX0VNT1RJT05fT1RM,L09UTA==
TVNJX0VNT1RJT05fRElDRQ==,L2RpY2U=
TVNJX0VYUExBSU5fS0lMTEVSX1JBTks=,L3BrIDogSXQgc2hvd3MgdGhlIHJhbmsgb2YgdG9wIDEwIFBsYXllciBLaWxsZXJzLg==
TVNJX0tJTExFUl9QT0lOVA==,W1BPSU5UXSBTZXUgcmFua2luZyBQSyBhdW1lbnRvdSAlZCBwb250b3MuIFNldSB0b3RhbCDDqSAlZCBwb250b3Mu
TVNJX0hPTVVOX0VWT0xWRQ==,RXZvbHXDp8OjbyBEaXNwb27DrXZlbA==
TVNJX0RFTEVURV9IT01VTg==,XmZmMDAwMF5mZjAwMDBTZXUgSG9tdW5jdWx1cyBzZXLDoSBkZWxldGFkby5eMDAwMDAwXjAwMDAwMCBTZSB2b2PDqiBkZWxldMOhLWxvIHRvZGEgYSBpbmZvcm1hw6fDo28gZG8gaG9tdW5jdWx1cyBzZXLDoSBkZWxldGFkYS4gVm9jw6ogZGVzZWphIGNvbnRpbnVhcj8=
TVNJX1RSQUNFX0FJX09O,TyBzdGF0dXMgZG8gSG9tdW5jdWx1cyBzZXLDoSBzYWx2byBubyBhcnF1aXZv
TVNJX1RSQUNFX0FJX09GRg==,TyBzdGF0dXMgZG8gSG9tdW5jdWx1cyBuw6NvIHNlcsOhIHNhbHZvIG5vIGFycXVpdm8=
TVNJX0NSVVNBREVS,VGVtcGzDoXJpbw==
TVNJX01PTks=,TW9uZ2U=
TVNJX1NBR0U=,U8OhYmlv
TVNJX1JPR1VF,QXJydWFjZWlybw==
TVNJX0FMQ0hFTUlTVA==,QWxxdWltaXN0YQ==
TVNJX0JBUkQ=,QmFyZG8=
TVNJX0NSVVNBREVSX1c=,VGVtcGzDoXJpYQ==
TVNJX01PTktfVw==,TW9uamE=
TVNJX1NBR0VfVw==,U8OhYmlh
TVNJX1JPR1VFX1c=,QXJydWFjZWlyYQ==
TVNJX0FMQ0hFTUlTVF9X,QWxxdWltaXN0YQ==
TVNJX0RBTkNFUg==,T2RhbGlzY2E=
TVNJX05PVklDRV9I,QXByZW5kaXogVC4=
TVNJX1NXT1JETUFOX0g=,RXNwYWRhY2hpbSBULg==
TVNJX01BR0lDSUFOX0g=,TWFnbyBULg==
TVNJX0FSQ0hFUl9I,QXJxdWVpcm8gVC4=
TVNJX0FDT0xZVEVfSA==,Tm92acOnbyBULg==
TVNJX01FUkNIQU5UX0g=,TWVyY2Fkb3IgVC4=
TVNJX1RISUVGX0g=,R2F0dW5vIFQu
TVNJX05PVklDRV9IX1c=,QXByZW5kaXogVC4=
TVNJX1NXT1JETUFOX0hfVw==,RXNwYWRhY2hpbSBULg==
TVNJX01BR0lDSUFOX0hfVw==,TWFnYSBULg==
TVNJX0FSQ0hFUl9IX1c=,QXJxdWVpcmEgVC4=
TVNJX0FDT0xZVEVfSF9X,Tm92acOnYSBULg==
TVNJX01FUkNIQU5UX0hfVw==,TWVyY2Fkb3JhIFQu
TVNJX1RISUVGX0hfVw==,R2F0dW5hIFQu
TVNJX0tOSUdIVF9I,TG9yZGU=
TVNJX1BSSUVTVF9I,U3VtbyBTYWNlcmRvdGU=
TVNJX1dJWkFSRF9I,QXJxdWltYWdv
TVNJX0JMQUNLU01JVEhfSA==,TWVzdHJlLUZlcnJlaXJv
TVNJX0hVTlRFUl9I,QXRpcmFkb3IgZGUgRWxpdGU=
TVNJX0FTU0FTU0lOX0g=,QWxnb3o=
TVNJX0tOSUdIVF9IX1c=,TGFkeQ==
TVNJX1BSSUVTVF9IX1c=,U3VtYSBTYWNlcmRvdGlzYQ==
TVNJX1dJWkFSRF9IX1c=,QXJxdWltYWdh
TVNJX0JMQUNLU01JVEhfSF9X,TWVzdHJlLUZlcnJlaXJh
TVNJX0hVTlRFUl9IX1c=,QXRpcmFkb3JhIGRlIEVsaXRl
TVNJX0FTU0FTU0lOX0hfVw==,QWxnb3o=
TVNJX0NSVVNBREVSX0g=,UGFsYWRpbm8=
TVNJX01PTktfSA==,TWVzdHJl
TVNJX1NBR0VfSA==,UHJvZmVzc29y
TVNJX1JPR1VFX0g=,RGVzb3JkZWlybw==
TVNJX0FMQ0hFTUlTVF9I,Q3JpYWRvcg==
TVNJX0JBUkRfSA==,TWVuZXN0cmVs
TVNJX0NSVVNBREVSX0hfVw==,UGFsYWRpbmE=
TVNJX01PTktfSF9X,TWVzdHJl
TVNJX1NBR0VfSF9X,UHJvZmVzc29yYQ==
TVNJX1JPR1VFX0hfVw==,RGVzb3JkZWlyYQ==
TVNJX0FMQ0hFTUlTVF9IX1c=,Q3JpYWRvcmE=
TVNJX0RBTkNFUl9I,Q2lnYW5h
TVNJX1NUT1JFX1BBU1NXT1JEX1JFUQ==,Vm9jw6ogbsOjbyB0ZW0gdW0gc2VuaGEgdsOhbGlkYS4gR29zdGFyaWEgZGUgY3JpYXIgdW0gYWdvcmE/
TVNJX1NUT1JFX1BBU1NXT1JEX1BFTkFMVFk=,Vm9jw6ogY29sb2NvdSBhIHNlbmhhIGVycmFkYSAzIHZlemVzLiBQb3IgZmF2b3IgdGVudGUgbm92YW1lbnRlIG1haXMgdGFyZGU=
TVNJX1NUT1JFX1BBU1NXT1JEX0NIQU5HRV9ORw==,T2NvcnJldSB1bSBlcnJvIG5hIG11ZGFuw6dhIGRlIHN1YSBzZW5oYS4=
TVNJX1NUT1JFX1BBU1NXT1JEXzRfOA==,QSBzZW5oYSBkZXZlIHRlciBwZWxvIG1lbm9zIDQgZMOtZ2l0b3MgZSBubyBtw6F4aW1vIDgu
TVNJX1NUT1JFX1BBU1NXT1JE,U2VuaGE=
TVNJX1NUT1JFX05FV19QQVNTV09SRA==,Tm92YSBTZW5oYQ==
TVNJX1NUT1JFX1JFTkVXX1BBU1NXT1JE,UmVwaXRhIGEgU2VuaGE=
TVNJX1NUT1JFX1BBU1NXT1JEX0NIQU5HRV9PSw==,U3VhIFNlbmhhIGZvaSBtb2RpZmljYWRh
TVNJX1NUT1JFX1BBU1NXT1JEX01JU01BVENI,QXMgZHVhcyBTZW5oYXMgZGV2ZW0gc2VyIGlndWFpcw==
TVNJX1NUT1JFX1BBU1NXT1JEX0lOUFVU,RGlnaXRlIGEgU2VuaGEu
TVNJX0hPTVVOX0hVTkdSWQ==,SG9tdW5jdWx1cyBlc3TDoSBxdWFzZSBtb3J0byBkZSBmb21lLiBTZSB2b2PDqiBuw6NvIGFsaW1lbnTDoS1sbyBlbGUgdmFpIGRlc2FwYXJlY2VyLg==
TVNJX0hPTVVOX0VYUA==,RVhQ
TVNJX0VWRU5UX1JFU1VMVA==,Vm9jw6ogZ2FuaG91IHVtIHByw6ptaW8gZG8gZXZlbnRvLiBQb3IgZmF2b3IgcmVjZWJhIHVtIGl0ZW0gbm8gam9nbyBjb21vIHByZW1pYcOnw6NvLg==
TVNJX0hBVEU=,TsOjbyBhbWlnw6F2ZWw=
TVNJX1ZFUllIQVRF,SW5pbWlnbw==
TVNJX0hPTVVOX1VTRVJBSV9PTg==,Q29tcG9ydGFtZW50byBkbyBIb211bmN1bHVzIMOpIGNvbnRyb2xhZG8gcGVsbyBKb2dhZG9yLg==
TVNJX0hPTVVOX1VTRVJBSV9PRkY=,Q29tcG9ydGFtZW50byBkbyBIb211bmN1bHVzIMOpIGNvbnRyb2xhZG8gcG9yIGVsZSBtZXNtby4=
TVNJX01BSUxfTElTVA==,Q2FpeGEgZGUgbWVuc2FnZW5z
TVNJX01BSUxfV1JJVEU=,Q3JpYXIgbWVuc2FnZW0=
TVNJX01BSUxfUkVBRA==,TGVyIG1lbnNhZ2Vt
TVNJX1NUQVJQTEFDRV9BQ0NFUFQ=,Vm9jw6ogcG9kZXLDoSBzZSByZWdpc3RyYXIgc29tZW50ZSB1bWEgdmV6IGUgbsOjbyBwb2RlcsOhIGFsdGVyYXIgb3MgZGFkb3MgaW5zZXJpZG9zLiBWb2PDqiBkZXNlamEgY29udGludWFyPw==
TVNJX01BSUxfQUREX0lURU1fU1VDQ0VTUw==,TyBpdGVtIGZvaSBhZGljaW9uYWRvIGEgc2V1IGludmVudMOhcmlvLg==
TVNJX01BSUxfQUREX0lURU1fRkFJTFVSRQ==,TyBpdGVtICdWb2PDqiDDqSBhZG9yYXZlbCcgbsOjbyBwb2RlIHNlciBhZGljaW9uYWRvIGEgc2V1IGludmVudMOhcmlvLg==
TVNJX01BSUxfU0VORF9TVUNDRVNT,U3VhIG1lbnNhZ2VtIGZvaSBlbnZpYWRhLg==
TVNJX01BSUxfVVNFUl9OT1RfRk9VTkQ=,RW50cmVnYSBuw6NvIGZvaSBlZmV0dWFkYS4gRGVzdGluYXTDoXJpbyBkZXNjb25oZWNpZG8gb3Ugdm9jw6ogZXN0w6EgdGVudGFuZG8gZW52aWFyIHVtYSBtZW5zYWdlbSBhIHNpIG1lc21vLg==
TVNJX1NUQVJfQU5HRUw=,W0Fuam8gZG8gU29sLCBMdWEgZSBFc3RyZWxhXSBMb2NhbGl6YcOnw7VlcyBlIG1vbnN0cm9zIHJlZ2lzdHJhZG9zIGZvcmFtIHJlc3RhdXJhZG9zIQ==
TVNJX0FVQ1RJT05fQUREX0ZBTFNF,RmFsaGEgZW0gbGlzdGFyIGl0ZW0gc2VsZWNpb25hZG8gbnVtIGxlaWzDo28u
TVNJX0FVQ1RJT05fQUREX1RSVUU=,TyBpdGVtIHNlbGVjaW9uYWRvIGZvaSBsaXN0YWRvIG5vIGxlaWzDo28u
TVNJX0FVQ1RJT05fQUREX0NBTkNFTA==,TyBsZWlsw6NvIHNlbGVjaW9uYWRvIGZvaSBjYW5jZWxhZG8u
TVNJX0FVQ1RJT05fQUREX0NBTkNFTF9GQUxTRQ==,Q2FuY2VsYW1lbnRvIGRlIHVtIGl0ZW0gZGUgbGVpbMOjbyDDqSBwcm9pYmlkbyBzZSB1bSBsYW5jZSBmb2kgZmVpdG8u
TVNJX01BSUxfREVMRVRFX1NVQ0NFU1M=,QSBtZW5zYWdlbSBmb2kgZXhjbHXDrWRhLg==
TVNJX01BSUxfREVMRVRFX0ZBSUxVUkU=,TsOjbyBmb2kgcG9zc8OtdmVsIGV4Y2x1aXIgYSBtZW5zYWdlbS4=
TVNJX01TR19LTklGRV9FUVVJUE1FTlRfU1VDQ0VTUw==,QSBhcm1hIGRlIGFycmVtZXNzbyBmb2kgZXF1aXBhZGEu
TVNJX0xPR0lOX0ZSSUVORA==,JXMgc2UgY29uZWN0b3Uu
TVNJX0xPR09VVF9GUklFTkQ=,JXMgc2UgZGVzY29uZWN0b3Uu
TVNJX0VYUExBSU5fTE9HSU5PVVQ=,L2xvZ2lub3V0OiBOw6NvIHPDo28gbW9zdHJhZGFzIG1lbnNhZ2VucyBxdWFuZG8gTWVtYnJvcyBkbyBDbMOjIGUgQW1pZ29zIHNlIGNvbmVjdGFtIG91IGRlc2NvbmVjdGFtIGRvIGpvZ28uIE9uIE9mZg==
TVNJX0xPR0lOT1VUX09O,U8OjbyBtb3N0cmFkYXMgbWVuc2FnZW5zIHF1YW5kbyBNZW1icm9zIGRvIENsw6MgZSBBbWlnb3Mgc2UgY29uZWN0YW0gb3UgZGVzY29uZWN0YW0gZG8gam9nby4gWy9saSBPTl0=
TVNJX0xPR0lOT1VUX09GRg==,TsOjbyBzw6NvIG1vc3RyYWRhcyBtZW5zYWdlbnMgcXVhbmRvIE1lbWJyb3MgZG8gQ2zDoyBlIEFtaWdvcyBzZSBjb25lY3RhbSBvdSBkZXNjb25lY3RhbSBkbyBqb2dvLiBbL2xpIE9GRl0=
TVNJX1NHUF9DT0RFX0FMUkVBRFlfUlVOTklORw==,TyBqb2dvIGrDoSBlc3TDoSBzZW5kbyBleGVjdXRhZG8u
TVNJX1NHUF9DT0RFX0RFVEVDVEVEX01BQ1JP,Rm9pIGRldGVjdGFkbyBvIFVzbyBkZSBNYWNyby4=
TVNJX1NHUF9DT0RFX0RFVEVDVEVEX1NQRUVESEFDSw==,Rm9pIGRldGVjdGFkbyB1bSBTcGVlZCBIYWNraW5nLg==
TVNJX1NHUF9DT0RFX0RFVEVDVEVEX0FQSUhPT0s=,Rm9pIGRldGVjdGFkbyBBUEkgSG9va2luZy4=
TVNJX1NHUF9DT0RFX0RFVEVDVEVEX01TR0hPT0s=,Rm9pIGRldGVjdGFkbyBNZXNzYWdlIEhvb2tpbmcu
TVNJX1NHUF9DT0RFX05PVF9FUVVBTEVOQ1JZUFRFRERBVEE=,TyBtw7NkdWxvIGZvaSBtb2RpZmljYWRvLCBkYW5pZmljYWRvIG91IGVzdMOhIGNvbSBhIHZlcnPDo28gaW5jb3JyZXRhLg==
TVNJX0JJTExJTkdfUENC,KFRoYWkpIFZvY8OqIHNlIGNvbmVjdG91IHVzYW5kbyBvIFNpc3RlbWEgZGUgRmF0dXJhIGlDYWZlLg==
TVNJX1BSRVZfUEFHRQ==,QW50ZXJpb3I=
TVNJX05FWFRfUEFHRQ==,UHLDs3hpbW8=
TVNJX0FVQ1RJT04=,TGVpbMOjbw==
TVNJX0FVQ1RJT05fVklFVw==,VmVyIEl0ZW5z
TVNJX0FVQ1RJT05fQURE,TGlzdGFyIEl0ZW0=
TVNJX0FVQ1RJT05fU0VMTA==,SW5mb3JtYcOnw7VlcyBkZSBWZW5kYQ==
TVNJX0FVQ1RJT05fQlVZ,SW5mb3JtYcOnw7VlcyBkZSBDb21wcmE=
TVNJX0lURU0y,Tm9tZSBkbyBJdGVt
TVNJX0lURU1fTkFNRTI=,SXRlbQ==
TVNJX0lURU1fUFJJQ0U=,UHJlw6dvL0NvbXByZSBhZ29yYSBQcmXDp28=
TVNJX1NFTExFUg==,VmVuZGVkb3I=
TVNJX0JVWUVS,Q29tcHJhZG9y
TVNJX0ZJTklTSF9USU1F,RmltIGRvIFBlcsOtb2Rv
TVNJX1RJTUVfVFlQRQ==,JWQvJW0vJUg6MDA=
TVNJX1NFVF9USU1F,RGV0ZXJtaW5hciBUZW1wbyhoKQ==
TVNJX0NIQVJHRQ==,VGF4YQ==
TVNJX05PVEhJTkdfU0VBUkNIX0lURU0=,TmVuaHVtIGl0ZW0gZW5jb250cmFkby4=
TVNJX05PVEhJTkdfU0VBUkNIX1NFTExfSVRFTQ==,Vm9jw6ogbsOjbyBlc3TDoSB2ZW5kZW5kbyBuZW5odW0gaXRlbS4=
TVNJX05PVEhJTkdfU0VBUkNIX0JVWV9JVEVN,Vm9jw6ogbsOjbyBlc3TDoSBjb21wcmFuZG8gbmVuaHVtIGl0ZW0u
TVNJX0VSUk9SX0FVQ1RJT05fSVRFTV9JTkZP,QSBJbmZvcm1hw6fDo28gZG8gTGVpbMOjbyBuw6NvIGVzdMOhIGNvcnJldGEu
TVNJX05PVEhJTkdfQVVDVElPTl9JVEVNX0lORk8=,TsOjbyBow6EgaW5mb3JtYcOnw6NvIGRlIGl0ZW0gcGFyYSBsaXN0YXIgbm8gbGVpbMOjby4=
TVNJX0VSUk9SX0FERF9BVUNUSU9O,TyBsZWlsw6NvIGrDoSBmb2kgbGlzdGFkby4=
TVNJX1BSSUNF,TGFuY2UgQXR1YWw=
TVNJX1BSSUNFMg==,U2V1IExhbmNl
TVNJX1BSSUNFMw==,UHJlw6dvIGRlIENvbXByYQ==
TVNJX1BSSUNFNA==,WmVueXMgQXR1YWlz
TVNJX1BSSUNFNQ==,TGFuY2UgQXR1YWw=
TVNJX1BSSUNFNg==,TGFuY2UgQW50ZXJpb3I=
TVNJX1BSSUNFNw==,Tm92byBMYW5jZQ==
TVNJX0JVWV9BQ1RJT05fSVRFTQ==,RGVzZWphIGNvbXByYXI/
TVNJX1NFTExfQUNUSU9OX0lURU0=,RGVzZWphIHZlbmRlciBwb3IgZXNzZSBwcmXDp28/
TVNJX0JVWV9BVUNUSU9O,RGFyIHVtIGxhbmNl
TVNJX0JVWV9BVUNUSU9OMg==,Q29tcHJhciBBZ29yYQ==
TVNJX0JVWV9BVUNUSU9OMw==,VGVybWluYXIgTGVpbMOjbw==
TVNJX0ZJTklTSF9BVUNUSU9O,RGFyIHVtIG91dHJvIGxhbmNl
TVNJX1JFU1VMVF9CVVlfVFJVRQ==,Vm9jw6ogY29uc2VndWl1IGRhciB1bSBsYW5jZS4=
TVNJX1JFU1VMVF9CVVlfRkFMU0U=,Vm9jw6ogbsOjbyBjb25zZWd1aXUgZGFyIHVtIGxhbmNlLg==
TVNJX1JFU1VMVF9CVVlfRkFMU0VfTU9ORVk=,Vm9jw6ogbsOjbyB0ZW0gWmVueXMgc3VmaWNpZW50ZXMu
TVNJX0VRVUlQ,QXJtYWR1cmE=
TVNJX0NBUkQ=,Q2FydGE=
TVNJX0VUQw==,VmFyaWFkb3M=
TVNJX0FVQ1RJT05fTlVN,TsKwIGRvIExlaWzDo28=
TVNJX0FVQ1RJT05fU0VBUkNI,UGVzcXVpc2E=
TVNJX1JFU1VMVF9NWV9TRUxMX1NUT1BfVFJVRQ==,TyBMZWlsw6NvIFNlbGVjaW9uYWRvIGZvaSBmZWNoYWRvLg==
TVNJX1JFU1VMVF9NWV9TRUxMX1NUT1BfRkFMU0U=,TyBMZWlsw6NvIFNlbGVjaW9uYWRvIG7Do28gcG9kZSBzZXIgZmVjaGFkby4=
TVNJX1JFU1VMVF9BVUNUSU9OX0lEX0ZBTFNF,TyBOwrAgZG8gTGVpbMOjbyBlc3TDoSBpbmNvcnJldG8u
TVNJX1NFTkRFUg==,UGFyYQ==
TVNJX1RJVExFMg==,VMOtdHVsbw==
TVNJX05FV19NQUlM,Vm9jw6ogcmVjZWJldSB1bWEgbWVuc2FnZW0u
TVNJX1NFQVJDSElOR19JVEVN,UHJvY3VyYW5kbw==
TVNJX0FVQ1RJT05fQUREX09WRVI=,Vm9jw6ogbsOjbyBwb2RlIGxpc3RhciBtYWlzIGRlIDUgaXRlbnMgcG9yIHZlei4=
TVNJX1JFU1VMVF9CVVlfT1ZFUg==,Vm9jw6ogbsOjbyBwb2RlIGRhciBsYW5jZXMgZW0gbWFpcyBkZSA1IGl0ZW5zIHBvciB2ZXou
TVNJX01BSUxfREVMRVRFX0VSUk9S,QSBtZW5zYWdlbSB0ZW0gYW5leG9zIHF1ZSB2b2PDqiBwcmVjaXNhIG9idGVyLg==
TVNJX01BSUxfU0VORF9FUlJPUg==,RmF2b3IgZGlnaXRhciBvIGFzc3VudG8u
TVNJX0VYUExBSU5fU0hPUFBJTkc=,L3Nob3BwaW5nOiBDbGlxdWUgbm8gbm9tZSBkYSBsb2phIHBhcmEgYWJyaS1sYSBlIGNsaXF1ZSBjb20gbyBib3TDo28gZGlyZWl0byBwYXJhIGZlY2jDoS1sYSBPbiBPZmY=
TVNJX1NIT1BQSU5HX09O,Q2xpY2FuZG8gdW1hIHZleiwgYSBsb2phIMOpIGFiZXJ0YTsgZSBjbGljYW5kbyB1bWEgdmV6IGNvbSBvIGJvdMOjbyBkaXJlaXRvLCBhIGxvamEgw6kgZmVjaGFkYS4gWy9zaCBPTl0=
TVNJX1NIT1BQSU5HX09GRg==,QSBsb2phIHNlIGFicmUgY2xpY2FuZG8gZHVhcyB2ZXplcyBubyBub21lIGRhIG1lc21hLiAgWy9zaCBPRkZd
TVNJX01BSUxfU0VORF9FUlJPUjI=,Vm9jw6ogcHJlY2lzYSBjb21wbGV0YXIgbyB2YWxvciBlbSBaZW55cyBwYXJhIG1hbmRhciB1bWEgbWVuc2FnZW0u
TVNJX0FERF9NT05FWV9GQUxTRQ==,Vm9jw6ogbsOjbyB0ZW0gZGluaGVpcm8gcGFyYSBwYWdhciBhIHRheGEgZGUgbGVpbMOjby4=
TVNJX0hPTVVOX1NIT1dJTkZP,U3RhdHVz
TVNJX0hPTVVOX0ZFRURJTkc=,QWxpbWVudGFy
TVNJX0hPTVVOX1dBSVRJTkc=,QWd1YXJkYXI=
TVNJX0pPQl9TVVBFUk5PVklDRV9N,Uy4gQXByZW5kaXo=
TVNJX0pPQl9TVVBFUk5PVklDRV9G,Uy4gQXByZW5kaXo=
TVNJX0pPQl9UQUVLV09OX00=,VGFla3dvbg==
TVNJX0pPQl9UQUVLV09OX0Y=,VGFla3dvbg==
TVNJX0tXT05TVU5HX00=,TWVzdHJlIFRhZWt3b24=
TVNJX0tXT05TVU5HX0Y=,TWVzdHJlIFRhZWt3b24=
TVNJX1NPVUxMSU5HS0VSX00=,RXNwaXJpdHVhbGlzdGE=
TVNJX1NPVUxMSU5HS0VSX0Y=,RXNwaXJpdHVhbGlzdGE=
TVNJX0JBTl9QQ19JUF9VTkZBSVI=,UG9yIGZhdm9yLCB2ZXJpZmlxdWUgYSBjb25leMOjbzsgbWFpcyBkZSAyIGNvbnRhcyBlc3TDo28gY29uZWN0YWRhcyBhbyBQbGFubyBJbnRlcm5ldCBDYWZlIFRpbWUu
TVNJX0JJTExJTkdfMQ==,Vm9jw6ogbsOjbyBwb2RlIHV0aWxpemFyIHPDrW1ib2xvcyBlc3BlY2lhaXMgbmEgY3JpYcOnw6NvIGRvIENsw6Mu
TVNJX0JJTExJTkdfMg==,Vm9jw6ogw6kgdW0gdXN1w6FyaW8gZG8gcGxhbm8gZGUgdGF4YSBmaXhhLiAoVGVtcG8gcmVzdGFudGU6ICVkIGhvcmFzLCAlIG1pbnV0b3MsICUgc2VndW5kb3Mp
TVNJX01BSUxfSVRFTV9BRERfRkFJTEVE,Vm9jw6ogbsOjbyBwb2RlIGFuZXhhciBlc3NlIGl0ZW0gbmEgbWVuc2FnZW0u
TVNJX01BSUxfQUREX0lURU1fT1ZFUl9GQUlMVVJF,Vm9jw6ogbsOjbyBwb2RlIGNhcnJlZ2FyIG1haXMgaXRlbnMuIE8gcmVzdGFudGUgc2Vyw6EgYXJtYXplbmFkbyBuYSBtZW5zYWdlbS4=
TVNJX1BUU0VYMQ==,SG9tZW0=
TVNJX1BUU0VYMg==,TXVsaGVy
TVNJX1BUX05FV1VTRVI=,Vm9jw6ogw6kgdW0gTm92byBKb2dhZG9y
TVNJX1BUX0FDSU5GTw==,w4kgbmVjZXNzw6FyaW8gbyBlbmRlcmXDp28gZGUgZS1tYWlsIHBhcmEgZXhjbHVpciB1bSBwZXJzb25hZ2VtLg==
TVNJX1BUX0FDSU5GTzI=,UG9yIGZhdm9yLCBkaWdpdGUgbm8gZm9ybWF0byBjb3JyZXRvLg==
TVNJX1BUX05FV0tFWUlORk8=,UG9yIGZhdm9yLCB1c2UgZXNzYSB0ZWNsYQ==
TVNJX1BUX0ZBSUxfQ0FSRFBBU1M=,UG9yIGZhdm9yLCBkaWdpdGUgbyBuw7ptZXJvIGNvcnJldG8gZG8gY2FydMOjby4=
TVNJX1BUSUQx,SW5mb3JtYcOnw6NvIGRlIFBU
TVNJX1BUSUQy,UFRfSUQgw6kgJXM=
TVNJX1BUSUQz,TlVNX0lEIMOpICVz
TVNJX1BUSUQ0,UG9yIGZhdm9yLCBuw6NvIHNlIGVzcXVlw6dhLg==
TVNJX1BUX0VSUk9SXzEwMDE=,MTAwMQ==
TVNJX1BUX0VSUk9SXzEwMDI=,MTAwMg==
TVNJX1BUX0VSUk9SXzEwMDM=,MTAwMw==
TVNJX1BUX0VSUk9SXzEwMDQ=,MTAwNA==
TVNJX1BUX0VSUk9SXzEwMDY=,MTAwNg==
TVNJX1BUX0VSUk9SXzEwMDc=,MTAwNw==
TVNJX1BUX0VSUk9SXzEwMDg=,MTAwOA==
TVNJX1BUX0VSUk9SXzEwMDk=,MTAwOQ==
TVNJX1BUX0VSUk9SXzEwMTI=,MTAxMg==
TVNJX1BUX0VSUk9SXzEwMTM=,MTAxMw==
TVNJX1BUX0VSUk9SXzEwMTQ=,MTAxNA==
TVNJX1BUX0VSUk9SXzEwMTU=,MTAxNQ==
TVNJX1BUX0VSUk9SXzEwMTk=,MTAxOQ==
TVNJX1BUX0VSUk9SXzEwMjA=,MTAyMA==
TVNJX1BUX0VSUk9SXzEwMjE=,MTAyMQ==
TVNJX1BUX0VSUk9SXzEwMjM=,MTAyMw==
TVNJX1BUX0VSUk9SXzEwMjQ=,MTAyNA==
TVNJX1BUX0VSUk9SXzEwMjU=,MTAyNQ==
TVNJX1BUX0VSUk9SXzEwMjc=,MTAyNw==
TVNJX1BUX0VSUk9SXzEwMjg=,MTAyOA==
TVNJX1BUX0VSUk9SXzEw,MTA=
TVNJX1BUX0VSUk9SXzIw,MjA=
TVNJX1BUX0VSUk9SXzQw,NDA=
TVNJX1BUX0VSUk9SXzUw,NTA=
TVNJX1BUX0VSUk9SXzYw,NjA=
TVNJX1BUX0VSUk9SXzcw,NzA=
TVNJX1BUX0VSUk9SXzgw,ODA=
TVNJX1BUX0VSUk9SXzkw,OTA=
TVNJX1BUX0VSUk9SXzEwMA==,MTAw
TVNJX1BUX0VSUk9SXzExMA==,MTEw
TVNJX1BUX1BPSU5UMQ==,Vm9jw6ogcXVlciByZWNlYmVyIDMwIHBvbnRvcz8=
TVNJX1BUX1BPSU5UMg==,Rm9yYW0gYWNyZXNjZW50YWRvcyAzMCBwb250b3MgKDUgaG9yYXMp
TVNJX0FVQ1RJT05fQUREX0lURU1fRkFJTFVSRQ==,Vm9jw6ogbsOjbyBwb2RlIGxpc3RhciB1bSBpdGVtIGNvbnN1bcOtdmVsLg==
TVNJX0FVQ1RJT05fQUREX0lURU1fRkFJTFVSRTI=,Vm9jw6ogbsOjbyBwb2RlIGxpc3RhciB1bSBpdGVtIGRlc2NvbmhlY2lkby4=
TVNJX0NMT1NFX01FUkNIQU5USVRFTVdORA==,UG9yIGZhdm9yLCBmZWNoZSBhIEphbmVsYSBkZSBDb21wcmEgcGFyYSBhYnJpciBhIEphbmVsYSBkZSBDb3JyZWlvLg==
TVNJX0NMT1NFX01BSUxXTkQ=,UG9yIGZhdm9yLCBmZWNoZSBhIEphbmVsYSBkZSBDb3JyZWlvIHBhcmEgYWJyaXIgYSBKYW5lbGEgZGUgQ29tcHJhLg==
TVNJX01TR19CVUxMRVRfRVFVSVBNRU5UX1NVQ0NFU1M=,TXVuacOnw6NvIGZvaSBlcXVpcGFkYS4=
TVNJX01BSUxfUkVUVVJOX1NVQ0NFU1M=,QSBtZW5zYWdlbSBmb2kgcmV0b3JuYWRhIGFvIHJlbWV0ZW50ZS4=
TVNJX01BSUxfUkVUVVJOX0ZBSUxVUkU=,QSBtZW5zYWdlbSBuw6NvIGV4aXN0ZS4=
TVNJX0JBTl9QQ19JUF9DT1VOVF9BTEw=,Vm9jw6ogdGVudG91IHNlIGNvbmVjdGFyIGFvIHNlcnZpZG9yIHBvciBtYWlzIGRlIDUwIHZlemVzIHNlZ3VpZGFzIGVtIG1lbm9zIGRlIHVtYSBob3JhLiBTZXUgYWNlc3NvIGFvIHNlcnZpZG9yIGZvaSBibG9xdWVhZG8gYXTDqSBhIHByw7N4aW1hIG1hbnV0ZW7Dp8OjbyBzZW1hbmFsLiBPYnJpZ2FkbyBwZWxhIGNvbXByZWVuc8Ojby4=
TVNJX0JBTl9QQ19JUF9DT1VOVA==,Vm9jw6ogdGVudG91IHNlIGNvbmVjdGFyIGFvIHNlcnZpZG9yIHBvciBtYWlzIGRlIDUwIHZlemVzIHNlZ3VpZGFzIGVtIG1lbm9zIGRlIHVtYSBob3JhLiBTZXUgYWNlc3NvIGFvIHNlcnZpZG9yIGZvaSBibG9xdWVhZG8gYXTDqSBhIHByw7N4aW1hIG1hbnV0ZW7Dp8OjbyBzZW1hbmFsLiBPYnJpZ2FkbyBwZWxhIGNvbXByZWVuc8Ojby4=
TVNJX0dBTUVHVUFSRF9SRVNUQVJU,RmF2b3IgcmVpbmljaWFyIG8gam9nby4=
TVNJX01FUl9JTkZPX1RZUEVfQVJDSEVS,SW5mLiBBc3Npc3RlbnRlIC0gQXJxdWVpcm8=
TVNJX01FUl9JTkZPX1RZUEVfU1dPUkRNQU4=,SW5mLiBBc3Npc3RlbnRlIC0gU29sZGFkbw==
TVNJX01FUl9JTkZPX1RZUEVfTEFOQ0VS,SW5mLiBBc3Npc3RlbnRlIC0gTGFuY2Vpcm8=
TVNJX0xFRlRfVElNRQ==,VmFsaWRhZGU=
TVNJX01FUl9GUklFTkRMWQ==,TGVhbA==
TVNJX01FUl9DQUxMQ09VTlQ=,SW52b2Nhw6fDtWVz
TVNJX01FUl9LSUxM,VmVuY2V1
TVNJX1BFVF9TVEFSVklORw==,Vm9jw6ogcGVyY2ViZSBvIGluY8O0bW9kbyBkZSBzZXUgYmljaGluaG8gZGUgZXN0aW1hw6fDo28gcG9yIG7Do28gYWxpbWVudMOhLWxvLg==
TVNJX0dBTkdTSV9QT0lOVA==,W1BPTlRPXSBWb2PDqiBjb25xdWlzdG91ICVkIHBvbnRvcyBubyBSYW5raW5nICJNaXNzw7VlcyBkZSBDYXB0dXJhIi4gTyB0b3RhbCDDqSAlZCBwb250b3Mu
TVNJX0dBTkdTSV9NSVNTSU9O,W01pc3PDo28gZGUgQ2FwdHVyYV0gTW9uc3RybyBBbHZvIDogJXM=
TVNJX0VYUExBSU5fSFVOVElORw==,L2h1bnRpbmcgOiBNb3N0cmEgYSBsaXN0YSBkZSBjYcOnYS4=
TVNJX0RFQVRIX1EwMQ==,W1Blcmd1bnRhIGRvIEFuam9dIFBvciBmYXZvciBtZSBkaWdhLCBRdWFudGFzIGhhYmlsaWRhZGVzICclcycgdm9jw6ogdGVtPw==
TVNJX0RFQVRIX1EwMg==,W1Blcmd1bnRhIGRvIEFuam9dIFBvciBmYXZvciBtZSBkaWdhLCBzZSB2b2PDqiBkaXZpZGlyIHNldXMgemVueXMgcG9yIDEwMDAwMCwgcXVhbCBzZXLDoSBvIHZhbG9yPw==
TVNJX0RFQVRIX1EwMw==,W1Blcmd1bnRhIGRvIEFuam9dIFBvciBmYXZvciBtZSBkaWdhLCBxdWUgZGlhIMOpIGhvamU/
TVNJX0RFQVRIX1EwNA==,W1Blcmd1bnRhIGRvIEFuam9dIFBvciBmYXZvciBtZSBkaWdhLCBRdWFudG9zICVzIHZvY8OqIHRlbT8=
TVNJX0RFQVRIX1EwNQ==,W1Blcmd1bnRhIGRvIEFuam9dIFNlICdBJyDDqSAxIGUgJ1onIMOpIDI2LCBxdWFsIHNlcsOhIGEgc29tYSBkYSBwYWxhdnJhICdTaVllb24nPw==
TVNJX0RFQVRIX1EwNg==,W1Blcmd1bnRhIGRvIEFuam9dIFNlICdBJyDDqSAxIGUgJ1onIMOpIDI2LCBxdWFsIHNlcsOhIGEgc29tYSBkYSBwYWxhdnJhICdNdW5hayc/
TVNJX0RFQVRIX1EwNw==,W1Blcmd1bnRhIGRvIEFuam9dIFNlICdBJyDDqSAxIGUgJ1onIMOpIDI2LCBxdWFsIHNlcsOhIGEgc29tYSBkYSBwYWxhdnJhICdCb25ndW4nPw==
TVNJX0RFQVRIX1EwOA==,W1Blcmd1bnRhIGRvIEFuam9dIFNlICdBJyDDqSAxIGUgJ1onIMOpIDI2LCBxdWFsIHNlcsOhIGEgc29tYSBkYSBwYWxhdnJhICdSYWduYXJvayc/
TVNJX0RFQVRIX1EwOQ==,W1Blcmd1bnRhIGRvIEFuam9dIFNlICdBJyDDqSAxIGUgJ1onIMOpIDI2LCBxdWFsIHNlcsOhIGEgc29tYSBkYSBwYWxhdnJhICdPbmxpbmUnPw==
TVNJX0RFQVRIX1ExMA==,W1Blcmd1bnRhIGRvIEFuam9dIFNlICdBJyDDqSAxIGUgJ1onIMOpIDI2LCBxdWFsIHNlcsOhIGEgc29tYSBkYSBwYWxhdnJhICdEZWF0aCc/
TVNJX0RFQVRIX1ExMQ==,W1Blcmd1bnRhIGRvIEFuam9dIFNlICdBJyDDqSAxIGUgJ1onIMOpIDI2LCBxdWFsIHNlcsOhIGEgc29tYSBkYSBwYWxhdnJhICdLbmlnaHQnPw==
TVNJX0RFQVRIX1ExMg==,W1Blcmd1bnRhIGRvIEFuam9dIFNlICdBJyDDqSAxIGUgJ1onIMOpIDI2LCBxdWFsIHNlcsOhIGEgc29tYSBkYSBwYWxhdnJhICdHcmF2aXR5Jz8=
TVNJX0RFQVRIX1ExMw==,W1Blcmd1bnRhIGRvIEFuam9dIFNlICdBJyDDqSAxIGUgJ1onIMOpIDI2LCBxdWFsIHNlcsOhIGEgc29tYSBkYSBwYWxhdnJhICdEYXJrJz8=
TVNJX0RFQVRIX1ExNA==,W1Blcmd1bnRhIGRvIEFuam9dIFNlICdBJyDDqSAxIGUgJ1onIMOpIDI2LCBxdWFsIHNlcsOhIGEgc29tYSBkYSBwYWxhdnJhICdDb2xsZWN0b3InPw==
TVNJX0RFQVRIX1IwMQ==,W1Jlc3Bvc3RhIGRvIEFuam9dIE9icmlnYWRvIHBvciBtZSBpbmZvcm1hci4=
TVNJX0RFQVRIX1IwMg==,W1Jlc3Bvc3RhIGRvIEFuam9dIFZvY8OqIMOpIGFkb3LDoXZlbCwgZXN0b3UgYWdyYWRlY2lkby4=
TVNJX0RFQVRIX1IwNQ==,W1Jlc3Bvc3RhIGRvIEFuam9dIEVzdG91IGRlc2Fwb250YWRvIGNvbSB2b2PDqi4uLg==
TVNJX0RFQVRIX1BPSU5U,W1BPTlRPXSBQb250dWHDp8OjbyBubyBSYW5raW5nIGF1bWVudG91IGVtICVkLiBPIHRvdGFsIMOpICVkIHBvbnRvcy4=
TVNJX1BPSU5UX1NIT1A=,WyVzXSA6ICVkIFJPUHM=
TVNJX0NPTkZJUk1fU0VMRUNUX0NIQVJBQ1RFUlM=,UGVyc29uYWdlbnMgbsOjbyBzZWxlY2lvbmFkb3Mgc2Vyw6NvIGFwYWdhZG9zLiBDb250aW51YXI/
TVNJX0VSUk9SX1NFTEVDVF9DSEFSQUNURVJT,Vm9jw6ogbsOjbyBwb2RlIHNlbGVjaW9uYXIgbWFpcyBxdWUgOC4=
TVNJX0NPTkZJUk1fVE9fQ0hBTkdFX05BTUU=,UXVlciBtdWRhciBzZXUgbm9tZSBwYXJhICclcyc/
TVNJX0NIQU5HRV9OQU1FX1NVQ0NFU1M=,Tm9tZSBkbyBQZXJzb25hZ2VtIGZvaSBhbHRlcmFkbyBjb20gc3VjZXNzby4=
TVNJX0NIQU5HRV9OQU1FX0ZBSUxVUkU=,VHJvY2EgZGUgbm9tZSBkbyBQZXJzb25hZ2VtIGZhbGhvdS4=
TVNJX0NBTl9CVVlfT05MWV9PTkVJVEVN,Vm9jw6ogc8OzIHBvZGUgY29tcHJhciB1bSB0aXBvIGRlIGl0ZW0gcG9yIHZlei4=
TVNJX05PX1NFTEVDVF9DSEFSQUNURVJT,TmVuaHVtIHBlcnNvbmFnZW0gc2VsZWNpb25hZG8uIFZvY8OqIGRldmUgc2VsZWNpb25hciBhbyBtZW5vcyB1bSBwZXJzb25hZ2VtLg==
TVNJX0FMUkVBRFlfQ0hBTkdFRF9OQU1F,Tm9tZSBkbyBwZXJzb25hZ2VtIGrDoSBhbHRlcmFkbyBhbnRlcmlvcm1lbnRlLiBWb2PDqiBuw6NvIHBvZGUgYWx0ZXJhLWxvIG1haXMgZGUgdW1hIHZlei4=
TVNJX05PVFJFR0lTVEVEX1VTRVI=,SW5mb3JtYcOnw7VlcyBkbyBVc3XDoXJpbyBpbmNvcnJldGFzLg==
TVNJX0RVUExJQ0FURURfQ0hBUl9OQU1F,Tm9tZSBqw6EgdXRpbGl6YWRvIHBvciBvdXRybyBwZXJzb25hZ2VtLiBQb3IgZmF2b3IsIGVzY29saGEgb3V0cm8gbm9tZS4=
TVNJX0NBTk5PVF9QQVJUWUNBTEw=,TyBtZW1icm8gZG8gZ3J1cG8gbsOjbyBmb2kgY2hhbWFkbywgcG9ycXVlIHZvY8OqIG7Do28gw6kgbyBsw61kZXIgZG8gZ3J1cG8u
TVNJX05PX1BBUlRZTUVNX09OX1RISVNNQVA=,TsOjbyBleGlzdGVtIG1lbWJyb3Mgbm8gZ3J1cG8gbmVzdGUgbWFwYSBwYXJhIHNlcmVtIGludm9jYWRvcy4=
TVNJX05PVEZJTkRfQk9TU01PTg==,Vm9jw6ogbsOjbyBjb25zZWd1ZSBlbmNvbnRyYXIgcmFzdHJvcyBkZSBNVlAgbmVzdGEgw6FyZWEu
TVNJX0FQUEVBUkFOQ0VfVElNRV9PRl9CT1NTTU9O,TyBNVlAgWyVzXSBhcGFyZWNlcsOhIGVtICUwMmQ6aCUwMmQu
TVNJX1NIT1dfUE9TSVRJT05fT0ZfQk9TU01PTg==,QSBsb2NhbGl6YcOnw6NvIGRvIE1WUCBbJXNdIHNlcsOhIGluZGljYWRhIG5vIG1pbmltYXBhLg==
TVNJX0NPTkZJUk1fVE9fT1BFTl9DQVNIX0lURU0=,RGVzZWphIGFicmlyIFslc10/IF5mZjAwMDBOw6NvIGhhdmVyw6EgcmVzdGl0dWnDp8Ojby5eMDAwMDAwLg==
TVNJX0JVWV9DQVNIX0ZBSUxfTlBD,TyBOUEMgbsOjbyBleGlzdGUuIEEgY29tcHJhIGZvaSBjYW5jZWxhZGEu
TVNJX0JVWV9DQVNIX0ZBSUxfU1lTVEVN,U2lzdGVtYSBkZSBST1BzIG7Do28gZXN0w6EgZnVuY2lvbmFuZG8gY29ycmV0YW1lbnRlLiBBIGNvbXByYSBmb2kgY2FuY2VsYWRhLg==
TVNJX0JVWV9DQVNIX0ZBSUxfRVhDSEFOR0U=,Vm9jw6ogbsOjbyBwb2RlIGNvbXByYXIgZW5xdWFudG8gZXN0aXZlciBlbSBvdXRyYSBuZWdvY2lhw6fDo28u
TVNJX0JVWV9DQVNIX0ZBSUxfSVRFTV9JRA==,SW5mb3JtYcOnw7VlcyBkbyBpdGVtIG7Do28gZXN0w6NvIGNvcnJldGFzLiBBIGNvbXByYSBmb2kgY2FuY2VsYWRhLg==
TVNJX0VOU1RfU1RS,Rk9SIGZvaSBhdW1lbnRhZGEu
TVNJX0RTU1RfU1RS,Rk9SIHZvbHRvdSBhbyBub3JtYWwu
TVNJX0VOU1RfQUdJ,QUdJIGZvaSBhdW1lbnRhZGEu
TVNJX0RTU1RfQUdJ,QUdJIHZvbHRvdSBhbyBub3JtYWwu
TVNJX0VOU1RfVklU,VklUIGZvaSBhdW1lbnRhZGEu
TVNJX0RTU1RfVklU,VklUIHZvbHRvdSBhbyBub3JtYWwu
TVNJX0VOU1RfSU5U,SU5UIGZvaSBhdW1lbnRhZGEu
TVNJX0RTU1RfSU5U,SU5UIHZvbHRvdSBhbyBub3JtYWwu
TVNJX0VOU1RfREVY,REVTIGZvaSBhdW1lbnRhZGEu
TVNJX0RTU1RfREVY,REVTIHZvbHRvdSBhbyBub3JtYWwu
TVNJX0VOU1RfTFVL,U09SIGZvaSBhdW1lbnRhZGEu
TVNJX0RTU1RfTFVL,U09SIHZvbHRvdSBhbyBub3JtYWwu
TVNJX0VOU1RfQVZPSURBTkNF,QSBFc3F1aXZhIGZvaSBhdW1lbnRhZGEu
TVNJX0RTU1RfQVZPSURBTkNF,QSBFc3F1aXZhIHZvbHRvdSBhbyBub3JtYWwu
TVNJX0VOU1RfSElU,QSBQcmVjaXPDo28gZm9pIGF1bWVudGFkYS4=
TVNJX0RTU1RfSElU,QSBQcmVjaXPDo28gdm9sdG91IGFvIG5vcm1hbC4=
TVNJX0VOU1RfQ1JJVElDQUxTVUNDRVNTVkFMVUU=,QSB0YXhhIGRlIENyw610aWNvIGZvaSBhdW1lbnRhZGEu
TVNJX0RTU1RfQ1JJVElDQUxTVUNDRVNTVkFMVUU=,QSB0YXhhIGRlIENyw610aWNvIHZvbHRvdSBhbyBub3JtYWwu
TVNJX1BMVVNFWFA=,QSBFWFAgZGUgQmFzZSBlIENsYXNzZSByZWNlYmlkYSBmb2kgYXVtZW50YWRhIHRlbXBvcmFyaWFtZW50ZS4=
TVNJX0RERUFUSFBFTkFMVFk=,U2V1IHBlcnNvbmFnZW0gbsOjbyBwZXJkZXLDoSBFWFAgc2UgbW9ycmVyIHVtYSB2ZXou
TVNJX1JFQ0VJVkVJVEVN,QSB0YXhhIGRlIERyb3AgZG9zIG1vbnN0cm9zIGZvaSBhdW1lbnRhZGEgdGVtcG9yYXJpYW1lbnRlLg==
TVNJX0JPU1NfQUxBUk0=,QSBsb2NhbGl6YcOnw6NvIGRvICdDaGVmZScgbm8gbWFwYSBlc3RhcsOhIGRpc3BvbsOtdmVsIHBvciAxMCBtaW51dG9zLg==
TVNJX0JVWV9SRUNPTkZJUk0=,Vm9jw6ogZGVzZWphIGNvbXByYXIgPyAlZCBST1BzIHNlcsOjbyB1dGlsaXphZG9zLg==
TVNJX0JVWV9DQVNIX0ZBSUxfTU9ORVk=,Vm9jw6ogbsOjbyBwb3NzdWkgUk9QcyBzdWZpY2llbnRlcy4=
TVNJX05PVElDRV9UT19ERUxFVEVfVElNRQ==,XmZmMDAwMFZhbGlkYWRlOiAlc14wMDAwMDA=
TVNJX05PVElDRV9UT19SRU1BSU5fSVRFTVVTSU5HVElNRQ==,JXMgc2Vyw6EgZGVsZXRhZG8gZGUgc2V1IGludmVudMOhcmlvIGVtICVkIG1pbnV0b3Mu
TVNJX0xBU1RfTk9USUNFX1RPX1JFTUFJTl9JVEVNVVNJTkdUSU1F,JXMgc2Vyw6EgZGVsZXRhZG8gZGUgc2V1IGludmVudMOhcmlvIGVtIDEgbWludXRvLg==
TVNJX05PVElDRV9UT19ERUxFVEVfSVRFTQ==,JXMgZm9pIGRlbGV0YWRvIGRlIHNldSBpbnZlbnTDoXJpby4=
TVNJX0lOUFVUX05VTUJFUg==,RGlnaXRlIG8gbsO6bWVybw==
TVNJX1RJTUVfVFlQRTI=,JWQvJW0gw6BzICVIOiVN
TVNJX0FQUEVBUkFOQ0VfVElNRV9PRl9CT1NTTU9OMg==,TyBtb25zdHJvIENoZWZlIGFwYXJlY2Vyw6EgZW0gdW0gbWludXRvLg==
TVNJX01FUl9TS0lMTExJU1Q=,SGFiaWxpZGFkZXMgZGUgQXNzaXN0ZW50ZQ==
TVNJX0RBX0VYUF9BQ0NFUFQ=,QSBtYWdpYSBjdXN0YXLDoSAxIEdlbWEgTmVncmEgZSAxLDAwMCwwMDAgemVueS4gVm9jw6ogZGVzZWphIGNvbnRpbnVhcj8=
TVNJX0NPTExFQ1RPUl9QT0lOVA==,W1BPTlRPXSBQb250dWHDp8OjbyBubyBSYW5raW5nICJDb2xldG9yIiBhdW1lbnRvdSBlbSAlZC4gTyB0b3RhbCDDqSAlZCBwb250b3Mu
TVNJX0NPTExFQ1RPUl9NSVNTSU9O,W0NvbGV0YV0gSXRlbSBhbHZvOiAlcw==
TVNJX01FUl9GSU5JU0g=,TyBob3LDoXJpbyBkZSB0cmFiYWxobyBkbyBBc3Npc3RlbnRlIGVzdMOhIGVuY2VycmFkby4=
TVNJX01FUl9ESUU=,U2V1IEFzc2lzdGVudGUgZm9pIG5vY2F1dGVhZG8u
TVNJX01FUl9SRVRJUkU=,U2V1IEFzc2lzdGVudGUgZm9pIGRpc3BlbnNhZG8u
TVNJX01FUl9SVU5BV0FZ,U2V1IEFzc2lzdGVudGUgZnVnaXUu
TVNJX05PVElDRV9UT19SRU1BSU5fSVRFTVVTSU5HVElNRTI=,TyBpdGVtICclcycgZGVzYXBhcmVjZXLDoSBlbSAlZCBzZWd1bmRvKHMpLg==
TVNJX1BDQkFOR19FVkVOVA==,QsO0bnVzIGRlIElQIDogRXhwLiBCYXNlL0V4cC4gQ2xhc3NlICVkJSUsIFBlbmFsaWRhZGUgJWQlJSwgJ0Ryb3AnICVkJSU=
TVNJX0xJTUlUX0NIQVJfREVMRVRF,UG9yIGZhdm9yLCB0ZW50ZSBhcMOzcyAyNCBob3Jhcy4=
TVNJX01FUl9VU0VSQUlfT04=,TyBBc3Npc3RlbnRlIHNlZ3VpcsOhIGEgQUkgY3VzdG9taXphZGEu
TVNJX01FUl9VU0VSQUlfT0ZG,TyBBc3Npc3RlbnRlIHNlZ3VpcsOhIGEgQUkgcGFkcsOjby4=
TVNJX0NIQVJBQ1RFUl9OQU1F,JXM6
TVNJX0lURU1fUElDS1VQX1BBUlRZ,JXMgYWRxdWlyaXUgJXMu
TVNJX1ZJRVdfQ0hBVF9NU0c=,TWVuc2FnZW5zIFDDumJsaWNhcw==
TVNJX1ZJRVdfV0hJU1BFUl9NU0c=,TWVuc2FnZW5zIFBhcnRpY3VsYXJlcw==
TVNJX1ZJRVdfUEFSVFlfTVNH,TWVuc2FnZW5zIGRvIEdydXBv
TVNJX1ZJRVdfR1VJTERfTVNH,TWVuc2FnZW5zIGRvIENsw6M=
TVNJX1ZJRVdfR0VUX0lURU1fTVNH,TWVuc2FnZW0gZGUgT2J0ZXIvSm9nYXIgaXRlbQ==
TVNJX1ZJRVdfRVFVSVBfTVNH,TXNnIGRlIGl0ZW0gRXF1aXBhZG8gZSBSZXRpcmFkbw==
TVNJX1ZJRVdfQ0hBTkdFX1NUQVRVU19NU0c=,TWVuc2FnZW0gZGUgTXVkYW7Dp2EgZGUgU3RhdHVz
TVNJX1ZJRVdfR0VUX0lURU1fUEFSVFlfTVNH,KEdydXBvKSBNc2cgZGUgSXRlbSBJbXBvcnRhbnRl
TVNJX1ZJRVdfQ0hBTkdFX1NUQVRVU19QQVJUWV9NU0c=,KEdydXBvKSBNc2cgZGUgTXVkYW7Dp2EgZGUgU3RhdHVz
TVNJX1ZJRVdfRkFJTF9TS0lMTF9NU0c=,TWVuc2FnZW0gZGUgRmFsaGEgZGUgSGFiaWxpZGFkZQ==
TVNJX1ZJRVdfUEFSVFlfU0VUVVBfTVNH,KEdydXBvKSBNZW5zYWdlbSBkZSBDb25maWd1cmHDp8Ojbw==
TVNJX1ZJRVdfREFNQUdFRF9FUVVJUF9NU0c=,TWVuc2FnZW0gZGUgRXF1aXBhbWVudG8gcXVlYnJhZG8=
TVNJX0JBVFRMRV9DSEFUX1dORF9PUFRJT04=,TW9zdHJ1w6FyaW8gZGUgTWVuc2FnZW5zIGRlIEJhdGFsaGE=
TVNJX1BPSU5UX1NIT1BfTkhO,WyVzXSdzIEhhbiBDb2luOiAlZCBIYW4gQ29pbg==
TVNJX1NUX0NIQVQ=,UMO6YmxpY28=
TVNJX0JUX0NIQVQ=,QmF0YWxoYQ==
TVNJX1BIT05FX0NPTkZJUk0=,TW9iaWxlIEF1dGhlbnRpY2F0aW9u
TVNJX0JPT0tfUkVBRA==,TGVy
TVNJX0JPT0tfQVVUT1JFQUQ=,TGVyIEF1dG9tYXRpY2FtZW50ZQ==
TVNJX0JPT0tfS0VFUA==,TWFyY2Fkb3IgZGUgTGl2cm8=
TVNJX0JPT0tfUFJFVg==,QW50ZXJpb3I=
TVNJX0JPT0tfTkVYVA==,UHLDs3hpbW8=
TVNJX0JPT0tfQ0xPU0U=,RmVjaGFy
TVNJX0RBTUFHRURfRVFVSVA=,JXMgZm9pIGRhbmlmaWNhZGEu
TVNJX0RBTUFHRURfRVFVSVBfUEFSVFk=,JXM6ICVzIGZvaSBkYW5pZmljYWRhLg==
TVNJX0RBTUFHRURfV0VBUE9O,YXJtYQ==
TVNJX0RBTUFHRURfQk9EWQ==,YXJtYWR1cmE=
TVNJX05PVF9FTk9VR0hfU0tJTExMRVZFNV8y,TsOjbyDDqSBwb3Nzw612ZWwgdW5pci1zZSBhbyBHcnVwby4gTsOtdmVsIGRlIGhhYmlsaWRhZGUgaW5zdWZpY2llbnRlLg==
TVNJX1BPSU5UX1NIT1Ay,WyVzXSdzIFJPUCdzIHByb21vY2lvbmFpcyA6ICVkIFJPUCdz
TVNJX1VTRV9GUkVFX1BPSU5U,VXNlIFJPUCdzIHByb21vY2lvbmFpcyA6
TVNJX0NBU0g=,Uk9Qcw==
TVNJX1NFVFRMRV9XRUJfVVJMX0hBTkdBTUU=,aHR0cDovL3BheW1lbnQucm8uaGFuZ2FtZS5jb20vaW5kZXguYXNw
TVNJX0JBTl9HUkFWSVRZX01FTV9BR1JFRQ==,Vm9jw6ogcHJlY2lzYSBhY2VpdGFyIGEgUG9sw610aWNhIGRlIFByaXZhY2lkYWRlIGRhIEdyYXZpdHkgcGFyYSB1dGlsaXphciBlc3RlIHNlcnZpw6dvLg==
TVNJX0JBTl9HQU1FX01FTV9BR1JFRQ==,Vm9jw6ogcHJlY2lzYSBjb25jb3JkYXIgY29tIG8gQ29udHJhdG8gZGUgTGljZW7Dp2EgcGFyYSB1dGlsaXphciBlc3RlIHNlcnZpw6dvLg==
TVNJX0JBTl9IQU5fVkFMSUQ=,SUQgaW5jb3JyZXRvIG91IG7Do28gZXhpc3RlbnRlLg==
TVNJX0JVWV9SRUNPTkZJUk0y,Vm9jw6ogZGVzZWphIG1lc21vIGFkcXVpcmlyICclcyc/ICVkIFJPUCdzIHJlZ3VsYXJlcyBlICVkIFJPUCdzIGdyYXR1aXRvcyBzZXLDo28gZ2FzdG9zLg==
TVNJX05PVElGWV9QTEFZVElNRTE=,JWQgaG9yYShzKSBzZSBwYXNzb3UocGFzc2Fyw6NvKS4=
TVNJX05PVElGWV9QTEFZVElNRTI=,JWQgaG9yYShzKSAlZCBtaW51dG8ocykgc2UgcGFzc291KHBhc3NhcsOjbyku
TVNJX1dBUk5JTkdfTVNHMQ==,RmF2b3IgcGFyYXIgbyBqb2dvLiBFeHBlcmnDqm5jaWEgZSBvdXRyYXMgY2FyYWN0ZXLDrXN0aWNhcyBzZXLDo28gbGltaXRhZGFzIGEgNTAlLg==
TVNJX1dBUk5JTkdfTVNHMg==,Vm9jw6ogcGFzc291IGRvIGxpbWl0ZSBkZSBob3Jhcy4gUG9yIGZhdm9yLCBwYXJlIG8gam9nby4gRXhwZXJpw6puY2lhIGUgb3V0cmFzIGNhcmFjdGVyw61zdGljYXMgc2Vyw6NvIGxpbWl0YWRhcyBhIDAlLg==
TVNJX1FVRVNUV0lO,TWlzc8O1ZXM=
TVNJX1JPX1NIT1A=,TG9qYSBiUk8=
TVNJX01EVU5HRU9OX1NVQlNDUklQVElPTl9FUlJPUl9VTktOT1dO,QSBpbnN0w6JuY2lhICclcycgZm9pIGNyaWFkYS4=
TVNJX01EVU5HRU9OX1NVQlNDUklQVElPTl9FUlJPUl9EVVBMSUNBVEU=,RmFsaGEgYW8gY3JpYXIgYSBpbnN0w6JuY2lhLCAnJXMnLg==
TVNJX01EVU5HRU9OX1NVQlNDUklQVElPTl9FUlJPUl9SSUdIVA==,QSBpbnN0w6JuY2lhICclcycgasOhIGZvaSBjcmlhZGEu
TVNJX01EVU5HRU9OX1NVQlNDUklQVElPTl9FUlJPUl9FWElTVA==,QSBpbnN0w6JuY2lhICclcycgZm9pIGNyaWFkYS5cbiBQb3IgZmF2b3IgZW50cmUgZW0gYXTDqSA1IG1pbnV0b3Mu
TVNJX01EVU5HRU9OX1NVQlNDUklQVElPTl9DQU5DRUxfRkFJTA==,RmFsaGEgYW8gY3JpYXIgYSBpbnN0w6JuY2lhLCAnJXMnLlxuIFBvciBmYXZvciwgdGVudGUgbm92YW1lbnRlLg==
TVNJX0pPSU5NU0dfUkVGVVNF,TyBwZXJzb25hZ2VtIGJsb3F1ZW91IG9zIHBlZGlkb3MgZGUgR3J1cG8u
TVNJX0lOVklURV9QQVJUWV9SRUZVU0U=,QmxvcXVlaWEgdG9kb3Mgb3MgcGVkaWRvcyBkZSBHcnVwby4=
TVNJX0lOVklURV9QQVJUWV9BQ0NFUFQ=,UGVybWl0ZSB0b2RvcyBvcyBwZWRpZG9zIGRlIEdydXBvLg==
TVNJX1lPVVJJVEVNX0VRVUlQ,RXN0ZSBpdGVtIGZpY2Fyw6EgcGVybWFuZW50ZW1lbnRlIHVuaWRvIGFvIHBlcnNvbmFnZW0gbm8gbW9tZW50byBlbSBxdWUgZm9yIGVxdWlwYWRvLiBEZXNlamEgbWVzbW8gZXF1aXDDoS1sbz8=
TVNJX1lPVVJJVEVNX0VRVUlQRUQ=,JXMgZm9pIHBlcm1hbmVudGVtZW50ZSB1bmlkbyBhIGVzdGUgcGVyc29uYWdlbS4=
TVNJX0JVWV9UT19GUkVFX1BPSU5U,Vm9jw6ogbsOjbyB0ZW0gUG9udG9zIGRlIENyw6lkaXRvIEthZnJhIG8gc3VmaWNpZW50ZS4gUG9yIGZhdm9yLCBlbnRyZSBxdWFuZG8gdGl2ZXIgUG9udG9zIGRlIENyw6lkaXRvIGxpdnJlcy4=
TVNJX1JFUV9KT0lOX1BBUlRZMw==,Q29udmlkYXIgcGFyYSBvIEdydXBv
TVNJX1ZJRVdfU0lFR0VfSU5GT19NU0c=,RXhpYmlyIGluZm9ybWHDp8O1ZXMgR2RF
TVNJX01EVU5HRU9OX1NVQlNDUklQVElPTl9DQU5DRUxfU1VDQ0VTUw==,QSByZXNlcnZhIGRlICVzIHBhcmEgYSBpbnN0w6JuY2lhIGZvaSBjYW5jZWxhZGEu
TVNJX01EVU5HRU9OX0NSRUFURV9GQUlM,RmFsaGEgYW8gY3JpYXIgYSBpbnN0w6JuY2lhICVzLiBUZW50ZSBub3ZhbWVudGUu
TVNJX0lNUE9TU0lCTEVfU0tJTExfQVJFQQ==,RXN0YSBoYWJpbGlkYWRlIG7Do28gcG9kZSBzZXIgdXRpbGl6YWRhIG5lc3RhIMOhcmVhLg==
TVNJX0lNUE9TU0lCTEVfVVNFSVRFTV9BUkVB,RXN0ZSBpdGVtIG7Do28gcG9kZSBzZXIgdXRpbGl6YWRvIG5lc3RhIMOhcmVhLg==
TVNJX01FTU9SSUFMX0RVTg==,SW5zdMOibmNpYQ==
TVNJX01FTU9SSUFMX0RVTl9XQUlUSU5H,JXMgbmEgZmlsYQ==
TVNJX01FTU9SSUFMX0RVTl9SRUFEWQ==,JXMgYWJyaXU=
TVNJX01FTU9SSUFMX0RVTl9JTg==,JXMgZW0gY3Vyc28=
TVNJX01FTU9SSUFMX0RVTl9PVVQx,TmluZ3XDqW0gZW50cm91IG5hIGluc3TDom5jaWEgZW0gc3VhIGR1cmHDp8OjbzsgYSBpbnN0w6JuY2lhIGZvaSBlbmNlcnJhZGEu
TVNJX01FTU9SSUFMX0RVTl9PVVQy,UG9yIGZhdm9yLCByZWdpc3RyZS1zZSBub3ZhbWVudGUgcGFyYSBqb2dhciBuZXN0YSBpbnN0w6JuY2lhLg==
TVNJX01FTU9SSUFMX0RVTl9QUklPUklUWQ==,U3VhIHBvc2nDp8OjbyBuYSBmaWxhIGRlIGVzcGVyYTogXkZGMDAwMCVkXjAwMDAwMA==
TVNJX01FTU9SSUFMX0RVTl9OT1RJRlk=,QSBpbnN0w6JuY2lhIHNlcsOhIGVuY2VycmFkYSBzZSB2b2PDqiBuw6NvIGFkZW50csOhLWxhIGVtIF5GRjAwMDAlc14wMDAwMDAu
TVNJX01FTU9SSUFMX0RVTl9OT1RJRlky,VGVtcG8gbGltaXRlIGRhIGluc3TDom5jaWE6
TVNJX01FTU9SSUFMX0RVTl9DQU5DRUw=,QSByZXNlcnZhIGRhIGluc3TDom5jaWEgZm9pIGNhbmNlbGFkYS4=
TVNJX01FTU9SSUFMX0RVTl9MSVZFX1RJTUVfT1VU,QSBkdXJhw6fDo28gZGEgaW5zdMOibmNpYSBleHBpcm91OyBlbGEgZm9pIGVuY2VycmFkYS4=
TVNJX01FTU9SSUFMX0RVTl9FTlRFUl9USU1FX09VVA==,TyB0ZW1wbyBsaW1pdGUgcGFyYSBlbnRyYXIgbmEgaW5zdMOibmNpYSBleHBpcm91OyBhIGVudHJhZGEgZm9pIGVuY2VycmFkYS4=
TVNJX01FTU9SSUFMX0RVTl9ERVNUUk9ZX1JFUVVFU1Q=,QSBpbnN0w6JuY2lhIGZvaSBlbmNlcnJhZGEu
TVNJX01FTU9SSUFMX0RVTl9FUlJPUg==,VW0gZXJybyBkZSBzaXN0ZW1hIG9jb3JyZXUgbmEgaW5zdMOibmNpYS4gUG9yIGZhdm9yLCBmZWNoZSBjb21wbGV0YW1lbnRlIG8gam9nbyBlIHZvbHRlIHBhcmEgY29udGludWFyLg==
TVNJX0ZSX0lOVkFMSURfU0xPVA==,Vm9jw6ogbsOjbyBwb2RlIHVzYXIgbyBzbG90IHNlbGVjaW9uYWRvLg==
TVNJX0ZSX0JBU0VMVkw=,U2V1IG7DrXZlbCBkZSBCYXNlIGV4Y2VkZXUgMTUu
TVNJX0ZSX0lOVkFMSURfSk9CTFY=,U2V1IG7DrXZlbCBkZSBDbGFzc2UgZXhjZWRldSAxNS4=
TVNJX0ZSX0pPQg==,Vm9jw6ogbsOjbyBwb2RlIGNyaWFyIGEgY2xhc3NlIG1lcmNhZG9yIG5vIHNsb3Qgc2VsZWNpb25hZG8u
TVNJX0ZSX01BUA==,U2V1IHBlcnNvbmFnZW0gcG9zc3VpIG1haXMgcXVlIDUwLDAwMCB6ZW55Lg==
TVNJX0ZSX0VSUl9NS0NIQVJfSU5WQUxJRF9TTE9U,RXN0ZSBub21lIG7Do28gZXN0w6EgZGlzcG9uw612ZWwh
TVNJX0ZSX0VSUl9ERUxDSEFSX0lOVkFMSURfU0xPVA==,Vm9jw6ogbsOjbyBwb2RlIGRlbGV0YXIgbyBwZXJzb25hZ2VtIHNlbGVjaW9uYWRvLg==
TVNJX09QRU5fRVFVSVBFRElURU1fUkVGVVNFRA==,SW5mb3JtYcOnw7VlcyBkb3MgZXF1aXBhbWVudG9zIGRlc3RlIHBlcnNvbmFnZW0gbsOjbyBlc3TDo28gZGlzcG9uw612ZWlzIGFvIHDDumJsaWNvLg==
TVNJX09QRU5fRVFVSVBFRElURU1fUkVGVVNF,TsOjbyBtb3N0cmFyIHNldXMgZXF1aXBhbWVudG9zIGFvIHDDumJsaWNvLg==
TVNJX09QRU5fRVFVSVBFRElURU1fQUNDRVBU,TW9zdHJhciBzZXVzIGVxdWlwYW1lbnRvcyBhbyBww7pibGljby4=
TVNJX1JFUV9WSUVXX09USEVSVVNFUg==,VmVyaWZpY2FyIGVxdWlwYW1lbnRvcyBkZSAlcy4=
TVNJX09USEVSVVNFUl9FUVVJUEVEX0lURU0=,RXF1aXBhbWVudG9zIGRlICVz
TVNJX09QRU5fRVFVSVBFRF9JVEVN,RXhpYmlyIEVxdWlw
TVNJX05FRURfUFJFTUlVTV9TRVJWSUNF,RXN0ZSBzZXJ2acOnbyBzw7MgZXN0w6EgZGlzcG9uw612ZWwgcGFyYSB1c3XDoXJpb3MgUHJlbWl1bS4=
TVNJX0ZSX0lOVkFMSURfTU9ORVk=,Q29udGFzIFRyaWFsIG7Do28gcG9kZW0gbWFudGVyIG1haXMgcXVlIDUwLjAwMCB6ZW55cy4=
TVNJX0JBVFRMRUNIQVRfT04=,Q2hhdCBkZSBCYXRhbGhhIGF0aXZhZG8u
TVNJX0JBVFRMRUNIQVRfT0ZG,Q2hhdCBkZSBCYXRhbGhhIGRlc2F0aXZhZG8u
TVNJX01FUl9JTkZPX1RZUEVfTU9OU1RFUg==,SW5mLiBBc3Npc3RlbnRlcyAtIFRpcG8gZGUgTW9uc3Rybw==
TVNJX1JPX01BUA==,TWFwYS1NdW5kaQ==
TVNJX01FTU9SSUFMX0RVTl9DTE9TRQ==,QSBpbnN0w6JuY2lhIHNlIGZlY2hvdS4=
TVNJX0RFTEVURV9NRVI=,XkZGMDAwMERpc3BlbnNhciB1bSBBc3Npc3RlbnRlXjAwMDAwMCB0YW1iw6ltIGFwYWdhcsOhIHNldSBoaXN0w7NyaWNvIGRlIGNyZXNjaW1lbnRvLiBEZXNlamEgcmVhbG1lbnRlIHByb3NzZWd1aXIgZW0gZGlzcGVuc8OhLWxvPw==
TVNJX01FTU9SSUFMX0RVTl9PUEVO,QSBpbnN0w6JuY2lhIHNlIGFicml1Lg==
TVNJX1BIT05FX0JMT0NL,QSBjb25maXJtYcOnw6NvIGRlc3RhIGNvbnRhIG7Do28gZm9pIHJlYWxpemFkYSBzZSBjb25lY3RhbmRvIGNvbSBhIGNoYXZlIHNlZ3VyYS4gUG9yIGZhdm9yLCBzZSBjb25lY3RlIHByaW1laXJvIGNvbSBhIGNoYXZlIGUgZGVwb2lzIGVudHJlIG5vIGpvZ28u
TVNJX0JBTl9QQ19JUF9MSU1JVF9BQ0NFU1M=,TyBuw7ptZXJvIGRlIGNvbnRhcyBjb25lY3RhZGFzIG5lc3RlIElQIGV4Y2VkZXUgbyBsaW1pdGUu
TVNJX1FVRVNUR0VU,Vm9jw6ogcmVjZWJldSB1bWEgbm92YSBtaXNzw6NvLg==
TVNJX0ZJTkRURVhUX1RPX1NLSUxMREVT,Xjc3Nzc3N0NvbmRpw6fDtWVzIHBhcmEgYXF1aXNpw6fDo28gOg==
TVNJX1ZJRVdfU0tJTExfREVTQ1JJUFQ=,RGVzY3Jpw6fDtWVz
TVNJX0FQUExZX1NLSUxMX1VQ,T3MgcG9udG9zIGRlIGhhYmlsaWRhZGUgZ2FzdG9zIG7Do28gcG9kZW0gc2VyIHJldmVydGlkb3MuIFF1ZXIgZ2FzdGFyIG8ocykgcG9udG8ocykgZGUgaGFiaWxpZGFkZT8=
TVNJXzFUQUJOQU1FX1NLSUxMV05E,McKq
TVNJXzJUQUJOQU1FX1NLSUxMV05E,MsKqIC0gVA==
TVNJX1JFMTc=,RXN0YSBjb250YSBmb2kgdXNhZGEgcG9yIHVtIHByb2dyYW1hIGlsZWdhbCBvdSBkZSBoYWNraW5nLiAgICAgICAgICAgIFRlbXBvIGRlIEJsb3F1ZWlvOiAlcw==
TVNJX1JFMTg=,Rm9pIGRldGVjdGFkYSBhIHBvc3NpYmlsaWRhZGUgZGUgZXhwb3Npw6fDo28gYSBwcm9ncmFtYSBpbGVnYWwsIGluZmVjw6fDo28gcG9yIHbDrXJ1cyBkZSBjb21wdXRhZG9yIG91IGZlcnJhbWVudGEgZGUgaGFja2luZy4gUG9yIGZhdm9yLCBleGVjdXRlIG8gcHJvZ3JhbWEtY2xpZW50ZSBvZmljaWFsLiBOb3NzYSBlcXVpcGUgZXN0w6EgdGVudGFuZG8gY3JpYXIgbyBtZWxob3IgYW1iaWVudGUgcGFyYSBqb2dhZG9yZXMgZG8gYlJPLg==
TVNJX1dBUk5JTkdfTVNHMw==,QWdvcmEgdm9jw6ogZXN0w6Egam9nYW5kbyBubyBtZWxob3IgYW1iaWVudGUgZGUgam9nby4gQXByb3ZlaXRlIFJhZ25hcm9rIE9ubGluZS4=
TVNJX1BMVVNPTkxZSk9CRVhQ,QSBFWFAgZGUgQ2xhc3NlIHJlY2ViaWRhIHNlcsOhIGF1bWVudGFkYSB0ZW1wb3JhcmlhbWVudGUu
TVNJX1BMVVNFWFAxNDUzMg==,QSBFWFAgZGUgQmFzZSBlIENsYXNzZSByZWNlYmlkYSBzZXLDoSBhdW1lbnRhZGEgdGVtcG9yYXJpYW1lbnRlLg==
TVNJX1BMVVNFWFAxNDUzMw==,QSBFWFAgZGUgQmFzZSBlIENsYXNzZSByZWNlYmlkYSBzZXLDoSBhdW1lbnRhZGEgdGVtcG9yYXJpYW1lbnRlLg==
TVNJX1BMVVNFWFAxMjMxMg==,QSBFWFAgZGUgQmFzZSBlIENsYXNzZSByZWNlYmlkYSBzZXLDoSBhdW1lbnRhZGEgdGVtcG9yYXJpYW1lbnRlLg==
TVNJX05PUEFSVFk=,TsOjbyDDqSBwb3Nzw612ZWwgZm9ybWFyIHVtIGdydXBvIG5lc3RlIG1hcGEu
TVNJX05PUEFSVFky,KCVzKSBlc3TDoSBlbSB1bSBtYXBhIGNvbSByZXN0cmnDp8OjbyBwYXJhIGVudHJhciBlbSBncnVwb3Mu
TVNJX1NJTVBMRV9DQVNIX1NIT1A=,RGVzdGFxdWVzIGRhIExvamEgZGUgUk9Qcw==
TVNJX1NJTVBMRV9QT0lOVF9TSE9QX05ITg==,TW9lZGFzIEhhbjogOiAlZCBNb2VkYShzKSBIYW4=
TVNJX1NJTVBMRV9QT0lOVF9TSE9Q,Uk9QczogJWQgUk9Qcw==
TVNJX1NJTVBMRV9QT0lOVF9TSE9QMg==,RGluaGVpcm8gR3LDoXRpcyA6ICVkIChlbSBkaW5oZWlybyk=
TVNJX01BSU5fVVNFUl9DQU5PTlRfTE9HSU5fRlJFRV9TRVJWRVI=,VW0gdXN1w6FyaW8gZGVzdGUgc2Vydmlkb3IgbsOjbyBwb2RlIGNvbmVjdGFyLXNlIGFvIHNlcnZpZG9yIGdyYXR1aXRv
TVNJX0lOVkFMSURfT05FVElNRUxJTUlU,U3VhIHNlbmhhIGV4cGlyb3UuIFBvciBmYXZvciwgY29uZWN0ZS1zZSBub3ZhbWVudGU=
TVNJXzNUQUJOQU1FX1NLSUxMV05E,M8Kq
TVNJX1VTRVNLSUxMX0ZBSUxfVE9UQVJHRVQ=,RXN0YSBoYWJpbGlkYWRlIG7Do28gcG9kZSBzZXIgdXNhZGEgbmVzdGUgaXRlbQ==
TVNJX1VTRVNLSUxMX0ZBSUxfQU5DSUxMQV9OVU1PVkVS,Vm9jw6ogbsOjbyBwb2RlIHV0aWxpemFyIGEgaGFiaWxpZGFkZSBwb3JxdWUgZXhjZWRldSBhIHF1YW50aWRhZGUgZGUgQW5jaWxsYXMgcXVlIHBvZGUgY2FycmVnYXI=
TVNJX1VTRVNLSUxMX0ZBSUxfSE9MWVdBVEVS,TmVjZXNzaXRhIGRlIMOBZ3VhIEJlbnRh
TVNJX1VTRVNLSUxMX0ZBSUxfQU5DSUxMQQ==,TmVjZXNzaXRhIGRlIEFuY2lsbGE=
TVNJX1VTRVNLSUxMX0ZBSUxfRFVQTElDQVRFX1JBTkdFSU4=,TsOjbyBwb2RlIHNlciBkdXBsaWNhZG8gbmVzdGEgZGlzdMOibmNpYQ==
TVNJX1VTRVNLSUxMX0ZBSUxfTkVFRF9PVEhFUl9TS0lMTA==,UGFyYSB1c2FyIGVzdGEgaGFiaWxpZGFkZSwgdm9jw6ogcHJlY2lzYSBkZSBvdXRyYXMgaGFiaWxpZGFkZXM=
TVNJX05PX0NIQVRUSU5H,TsOjbyDDqSBwZXJtaXRpZG8gY29udmVyc2FyIG5lc3RlIG1hcGE=
TVNJX1ZFVF8zSE9VUg==,MyBob3JhcyBzZSBwYXNzYXJhbQ==
TVNJX1ZFVF81SE9VUg==,NSBob3JhcyBzZSBwYXNzYXJhbQ==
TVNJX05QR0FNRU1PTl9FUlJPUl9HQU1FR1VBUkQ=,Rm9yYW0gZW5jb250cmFkb3MgZXJyb3MgZGUgaW5pY2lhbGl6YcOnw6NvIGRvIEdhbWUgR3VhcmQgb3UgbyBwcm9ncmFtYSBlc3TDoSB1c2FuZG8gdW1hIHZlcnPDo28gYW50aWdhLiBSZWluc3RhbGUgbyBwcm9ncmFtYSB0ZW50ZSBub3ZhbWVudGU=
TVNJX05QR01VUF9FUlJPUl9QQVJBTQ==,TyBhcnF1aXZvIGluaSBlc3TDoSBmYWx0YW5kbyBvdSBmb2kgYWx0ZXJhZG8u
TVNJX05QR0dfRVJST1JfQ09MTElTSU9O,Rm9pIGVuY29udHJhZG8gdW0gcHJvZ3JhbWEgcXVlIGNvbmZsaXRhIGNvbSBvIEdhbWUgR3VhcmQ=
TVNJX1BST09GX0VSUk9S,Q2xpZW50ZSBpbmNvbXVtIGRldGVjdGFkby4gRXhlY3V0ZSB1bSBjbGllbnRlIG5vcm1hbC4=
TVNJX01PQklMRV9MT0NLU0VSVkVS,UHJpbWVpcm8sIHZvY8OqIHByZWNpc2EgdmFsaWRhciBhcyBpbmZvcm1hw6fDtWVzIGRvIHNldSBjZWx1bGFyLg==
TVNJX0ZBSUxFRF9NT0JJTEVfTE9DS1NFUlZFUg==,RmFsaGEgYW8gdmFsaWRhciBhcyBpbmZvcm1hw6fDtWVzIGRvIHNldSBjZWx1bGFyLg==
TVNJX1VTRVNLSUxMX0ZBSUxfTkVFRF9IRUxQRVI=,QSBoYWJpbGlkYWRlIG7Do28gcG9kZSBzZXIgdXNhZGEgaXNvbGFkYW1lbnRlLg==
TVNJX1VTRVNLSUxMX0ZBSUxfSU5WQUxJRF9ESVI=,QSBoYWJpbGlkYWRlIHPDsyBwb2RlIHNlciB1c2FkYSBlbSB1bWEgZGlyZcOnw6NvIGVzcGVjw61maWNhLg==
TVNJX1VTRVNLSUxMX0ZBSUxfU1VNTU9O,TsOjbyDDqSBtYWlzIHBvc3PDrXZlbCBjb252b2Nhci4=
TVNJX1VTRVNLSUxMX0ZBSUxfU1VNTU9OX05PTkU=,TsOjbyBow6EgbmVuaHVtYSBlc2ZlcmEgY29udm9jYWRhLg==
TVNJX1VTRVNLSUxMX0ZBSUxfSU1JVEFUSU9OX1NLSUxMX05PTkU=,TsOjbyBow6EgaGFiaWxpZGFkZSBkZSBpbWl0YcOnw6NvIHBhcmEgdXNhci4=
TVNJX1VTRVNLSUxMX0ZBSUxfRFVQTElDQVRF,QSBoYWJpbGlkYWRlIG7Do28gcG9kZSBzZXIgcmVwZXRpZGEu
TVNJX1VTRVNLSUxMX0ZBSUxfQ09ORElUSU9O,TsOjbyDDqSBwb3Nzw612ZWwgdXNhciBhIGhhYmlsaWRhZGUu
TVNJX1BJQ0tVUF9NQVhDT1VOVF9MSU1JVA==,Vm9jw6ogbsOjbyBwb2RlIGNhcnJlZ2FyIG1haXMgaXRlbnMgZG8gcXVlIGEgcXVhbnRpZGFkZSBtw6F4aW1hLg==
TVNJX05QS19FUlJPUl9OT1RBRE1JTg==,Vm9jw6ogbsOjbyB0ZW0gYSBhdXRvcml6YcOnw6NvIGFwcm9wcmlhZGEuIFZvY8OqIGRldmUgdGVyIHByaXZpbMOpZ2lvcyBkZSBhZG1pbmlzdHJhZG9yIHBhcmEgZXhlY3V0YXIgbyBwcm9ncmFtYSBwZWxhIHByaW1laXJhIHZlei4=
TVNJX05QS19FUlJPUl9EUklWRVJWRVJTSU9O,QSB2ZXJzw6NvIGRlIGRyaXZlciBkbyBuUHJvdGVjdCBLZXlDcnlwdCBuw6NvIGVzdMOhIGNvcnJldGEuIFJlaW5pY2llIHNldSBzaXN0ZW1hIGUgZXhlY3V0ZSBvIHByb2dyYW1hIG5vdmFtZW50ZS4=
TVNJX05QS19FUlJPUl9WRVJJRllWRVJTSU9O,U2V1IFNpc3RlbWEgZXN0w6Egbm8gTW9kbyBkZSBDb21wYXRpYmlsaWRhZGUgV2luZG93cyBYUC4gTyBwcm9ncmFtYSBhdHVhbCByZW1vdmV1IG8gTW9kbyBkZSBDb21wYXRpYmlsaWRhZGUuIFJlaW5pY2llIG8gcHJvZ3JhbWEu
TVNJX0RFVEVDVF9QUzJLRVlMT0dHRVI=,SMOhIHVtIEtleWxvZ2dlciBQUy8yIGluc3RhbGFkby4=
TVNJX0RFVEVDVF9VU0JLRVlMT0dHRVI=,Rm9pIGRldGVjdGFkYSB1bWEgcG9zc8OtdmVsIHRlbnRhdGl2YSBkZSBoYWNraW5nIGNvbSBkcml2ZXIgZGUgdGVjbGFkbyBVU0Iu
TVNJX0RFVEVDVF9ISERVU0JI,RmVycmFtZW50YSBkZSBNb25pdG9yYW1lbnRvIGRlIERpc2NvIFLDrWdpZG8gZGV0ZWN0YWRhLg==
TVNJX1VTRVNLSUxMX0ZBSUxfUEFJTlRCUlVTSA==,UGluY2VsIG5lY2Vzc8OhcmlvLg==
TVNJX1VTRVNLSUxMX0ZBSUxfSUlfU1VSRkFDRV9QQUlOVFM=,VGludGFzIG5lY2Vzc8Ohcmlhcy4=
TVNJX1VTRVNLSUxMX0ZBSUxfUE9T,TsOjbyDDqSBwb3Nzw612ZWwgdXNhciB1bWEgaGFiaWxpZGFkZSBuYSDDoXJlYSBkZXNpZ25hZGEu
TVNJX1VTRVNLSUxMX0ZBSUxfSEVMUEVSX1NQX0lOU1VGRklDSUVOVA==,TyBTUCBkbyBBc3Npc3RlbnRlIGVzdMOhIGJhaXhvLg==
TVNJX0JBTl9PVkVSX0NIQVJBQ1RFUl9MSVNU,TyBuw7ptZXJvIGRlIHBlcnNvbmFnZW5zIHF1ZSBwb2RlbSBzZXIgY3JpYWRvcyBhdGluZ2l1IG8gbGltaXRl
TVNJX1VTRVNLSUxMX0ZBSUxfSUlfTkVDS19DQU5EWQ==,TmVjZXNzaXRhIGRlIFBhc3RpbGhhcyBSZWZyZXNjYW50ZXM=
TVNJX1VTRVNLSUxMX0ZBSUxfSUlfTUlTRVJBQkxFX1RFQVI=,TmVjZXNzaXRhIGRlIEzDoWdyaW1hcyBkZSBBcnJlcGVuZGltZW50bw==
TVNJX1VTRVNLSUxMX0ZBSUxfSUlfUFJPVEVDVF9ORUNLX0NBTkRZ,TmVjZXNzaXRhIGRlIFBhc3RpbGhhcyBSZWZyZXNjYW50ZXM=
TVNJX1VTRVNLSUxMX0ZBSUxfR0NfV0VBUE9OQkxPQ0tJTkc=,UG9kZSBzZXIgdXNhZG8gYXBlbmFzIHBhcmEgYmxvcXVlYXIgYXRhcXVlcw==
TVNJX1VTRVNLSUxMX0ZBSUxfR0NfUE9JU09OSU5HV0VBUE9O,TmVjZXNzaXRhIGRlIHVtYSBhcm1hIGVudmVuZW5hZGEgY29tIGEgdG94aW5hIGRlIHVtIFNpY8Ohcmlv
TVNJX1VTRVNLSUxMX0ZBSUxfTUFET0dFQVI=,UG9kZSBzZXIgdXNhZG8gYXBlbmFzIG5vIE0uRS5DLkguQS4=
TVNJX1VTRVNLSUxMX0ZBSUxfSUlfVlVMQ0FOQlVMTEVU,TmVjZXNzaXRhIGRlIEPDoXBzdWxhIEluY2FuZGVzY2VudGU=
TVNJX1VTRVNLSUxMX0ZBSUxfSUlfRlVFTEdBUw==,TmVjZXNzaXRhIGRlIENvbWJ1c3TDrXZlbCBEaWZlcmVuY2lhZG8gTGV2ZQ==
TVNJX1VTRVNLSUxMX0ZBSUxfSUlfQ09MRFNMT1dFUkJVTExFVA==,TmVjZXNzaXRhIGRlIEPDoXBzdWxhIGRlIE5pdHJvZ8OqbmlvIEzDrXF1aWRv
TVNJX1VTRVNLSUxMX0ZBSUxfQ0FOT05CQUxM,Q2FycmVndWUgdW1hIEJhbGEgZGUgQ2FuaMOjbw==
TVNJX1VTRVNLSUxMX0ZBSUxfSUlfTUFET0dFQVJfQUNDRUxFUkFUSU9O,QWNvcGxhIG8gQWNlbGVyYWRvcg==
TVNJX1VTRVNLSUxMX0ZBSUxfSUlfTUFET0dFQVJfSE9WRVJJTkdfQk9PU1RFUg==,QWNvcGxhIG8gUGxhbmFkb3I=
TVNJX1RPWElO,RWZlaXRvIGRlIFtDaWN1dGFdIGFwbGljYWRvIMOgIGFybWE=
TVNJX1BBUkFMWVpF,RWZlaXRvIGRlIFtDdXJhcmVdIGFwbGljYWRvIMOgIGFybWE=
TVNJX1ZFTk9NQkxFRUQ=,RWZlaXRvIGRlIFtCZWxhZG9uYV0gYXBsaWNhZG8gw6AgYXJtYQ==
TVNJX01BR0lDTVVTSFJPT00=,RWZlaXRvIGRlIFtXYXJhaXRha2VdIGFwbGljYWRvIMOgIGFybWE=
TVNJX0RFQVRISFVSVA==,RWZlaXRvIGRlIFtTcXVhbWF0YV0gYXBsaWNhZG8gw6AgYXJtYQ==
TVNJX1BIWVJFWElB,RWZlaXRvIGRlIFtQaXJleGlhXSBhcGxpY2FkbyDDoCBhcm1h
TVNJX09CTElBTkNVUlNF,RWZlaXRvIGRlIFtPYmxpdml1bV0gYXBsaWNhZG8gw6AgYXJtYQ==
TVNJX1JJQ0hFTkQ=,RWZlaXRvIGRlIFtWaXBlcmFdIGFwbGljYWRvIMOgIGFybWE=
TVNJX1VTRVNLSUxMX0ZBSUxfTUFET0dFQVJfSE9WRVJJTkc=,QXBlbmFzIHBvZGUgc2VyIHVzYWRvIGFvIFBsYW5hcg==
TVNJX1VTRVNLSUxMX0ZBSUxfSUlfTUFET0dFQVJfU0VMRkRFU1RSVUNUSU9OX0RFVklDRQ==,TmVjZXNzaXRhIGRlIHVtIERldG9uYWRvcg==
TVNJX1VTRVNLSUxMX0ZBSUxfSUlfTUFET0dFQVJfU0hBUEVTSElGVEVS,TmVjZXNzaXRhIGRlIHVtIFJlY29uZmlndXJhZG9y
TVNJX1VTRVNLSUxMX0ZBSUxfR1VJTExPTlRJTkVfUE9JU09O,TmVjZXNzaXRhIGRlIHVtYSBUb3hpbmEgZGUgU2ljw6FyaW8=
TVNJX1VTRVNLSUxMX0ZBSUxfSUlfTUFET0dFQVJfQ09PTElOR19ERVZJQ0U=,TmVjZXNzaXRhIGRlIHVtIFRlcm1vcmVndWxhZG9y
TVNJX1VTRVNLSUxMX0ZBSUxfSUlfTUFET0dFQVJfTUFHTkVUSUNGSUVMRF9HRU5FUkFUT1I=,TmVjZXNzaXRhIGRlIHVtIEdlcmFkb3IgZGUgTWFnbmV0aXNtbw==
TVNJX1VTRVNLSUxMX0ZBSUxfSUlfTUFET0dFQVJfQkFSUklFUl9HRU5FUkFUT1I=,TmVjZXNzaXRhIGRlIHVtIEdlcmFkb3IgZGUgQmFycmVpcmE=
TVNJX1VTRVNLSUxMX0ZBSUxfSUlfTUFET0dFQVJfT1BUSUNBTENBTU9VRkxBR0VfR0VORVJBVE9S,TmVjZXNzaXRhIGRlIHVtIEdlcmFkb3IgZGUgQ2FtdWZsYWdlbQ==
TVNJX1VTRVNLSUxMX0ZBSUxfSUlfTUFET0dFQVJfUkVQQUlSS0lU,TmVjZXNzaXRhIGRlIHVtIEtpdCBkZSBSZXBhcmHDp8Ojbw==
TVNJX1VTRVNLSUxMX0ZBSUxfSUlfTU9OS0VZX1NQQU5ORVI=,TmVjZXNzaXRhIGRlIHVtYSBDaGF2ZSBJbmdsZXNh
TVNJX1NLSUxMSU5URVJWQUwy,WyVzXSBuw6NvIHBvZGUgc2VyIHVzYWRh
TVNJX0xFTUlUX0RFTEVURV9MRVZFTA==,TsOjbyDDqSBwb3Nzw612ZWwgZGVsZXRhciBhY2ltYSBkbyBuw612ZWwgJWQ=
TVNJX1VTRVNLSUxMX0ZBSUxfTUFET0dFQVJfUklERQ==,TsOjbyBwb2RlIHNlciB1c2FkbyBjb20gbyBNLkUuQy5ILkEu
TVNJX0RSQUdPTk9GRg==,RGVzbW9udGUgZG8gRmVydXM=
TVNJX01BRE9PRkY=,U2FpYSBkbyBNLkUuQy5ILkEu
TVNJX1NUT1JFX1RBQk5BTUVfMA==,SVRFTQ==
TVNJX1NUT1JFX1RBQk5BTUVfMQ==,RGluaGVpcm8=
TVNJX1NUT1JFX1RBQk5BTUVfMg==,QXJtYWR1cmE=
TVNJX1NUT1JFX1RBQk5BTUVfMw==,QXJtYQ==
TVNJX1NUT1JFX1RBQk5BTUVfNA==,UHJvasOpdGls
TVNJX1NUT1JFX1RBQk5BTUVfNQ==,Q2FydGE=
TVNJX1NUT1JFX1RBQk5BTUVfNg==,RVRD
TVNJX0VSUk9SX0hTX1RJTUVPVVQ=,QSBjb25leMOjbyBmb2kgZW5jZXJyYWRhIHBvcnF1ZSBvIHByb2dyYW1hIGRlbW9yb3UgYSByZXNwb25kZXI=
TVNJX0VSUk9SX0RJRkZfQ0xJRU5U,VmVyc8OjbyBpbmNvcnJldGEgZG8gYXJxdWl2byBkbyBIYWNrU2hpZWxkLiBSZWluc3RhbGUgbyBwcm9ncmFtYQ==
TVNJX1VTRVNLSUxMX0ZBSUxfU1BFTExCT09L,TmVjZXNzaXRhIGRlIHVtIEdyaW3Ds3Jpbw==
TVNJX1VTRVNLSUxMX0ZBSUxfU1BFTExCT09LX0RJRkZJQ1VMVF9TTEVFUA==,Vm9jw6ogc2VudGUgc29ubywgasOhIHF1ZSBvIEdyaW3Ds3JpbyDDqSBtdWl0byBkaWbDrWNpbCBkZSBlbnRlbmRlcg==
TVNJX1VTRVNLSUxMX0ZBSUxfU1BFTExCT09LX1BSRVNFUlZBVElPTl9QT0lOVA==,TsOjbyBwb3NzdWkgcG9udG9zIHN1ZmljaWVudGVz
TVNJX1VTRVNLSUxMX0ZBSUxfU1BFTExCT09LX1JFQURJTkc=,TsOjbyBwb2RlIGxlciBtYWlzIEdyaW3Ds3Jpb3M=
TVNJX1VTRVNLSUxMX0ZBSUxfSUlfRkFDRV9QQUlOVFM=,TmVjZXNzaXRhIGRlIHVtYSBUaW50YSBwYXJhIFBlbGU=
TVNJX1VTRVNLSUxMX0ZBSUxfSUlfTUFLRVVQX0JSVVNI,TmVjZXNzaXRhIGRlIHVtIFBpbmNlbCBkZSBNYXF1aWFnZW0=
TVNJX01PQklMRV9USU1FT1ZFUg==,TyB0ZW1wbyBkZSBlc3BlcmEgZW5jZXJyb3UuIFRlbnRlIG5vdmFtZW50ZQ==
TVNJX01PQklMRV9BTk9USEVSX0xPR0lO,QSBjb250YSBqw6EgZXN0w6EgY29uZWN0YWRhLiBQb3IgbWVkaWRhIGRlIHNlZ3VyYW7Dp2EsIHRyb3F1ZSBzdWEgc2VuaGE=
TVNJX01PQklMRV9XQUlUSU5HX1NUQVRF,QSBjb250YSBqw6EgZXN0w6EgY29uZWN0YWRhLiBQb3IgbWVkaWRhIGRlIHNlZ3VyYW7Dp2EsIHRyb3F1ZSBzdWEgc2VuaGE=
TVNJX0VTQ19PUFRJT05XTkQ=,SmFuZWxhIGRlIENvbmZpZ3VyYcOnw7Vlcw==
TVNJX0dSQVBISUNfT1BUSU9OV05E,Q29uZmlndXJhw6fDtWVzIEdyw6FmaWNhcw==
TVNJX1NPVU5EX09QVElPTldORA==,Y29uZmlndXJhw6fDtWVzIGRlIHNvbQ==
TVNJX0hPVEtFWVdORF9OT1RJQ0Ux,TXVkZSBuYXMgdGVjbGFzIGRlIGF0YWxobw==
TVNJX0hPVEtFWVdORF9OT1RJQ0Uy,RXN0ZSBhdGFsaG8gbsOjbyBwb2RlIHNlciB1bWEgdGVjbGEgw7puaWNh
TVNJX0hPVEtFWVdORF9OT1RJQ0Uz,RXN0YSB0ZWNsYSBuw6NvIHBvZGUgc2VyIHV0aWxpemFkYQ==
TVNJX0hPVEtFWVdORF9OT1RJQ0U0,VGVjbGEgZHVwbGljYWRhIGVtIHVzbyBwb3IgXCclc1wuIFZvY8OqIGRlc2VqYSBhbHRlcmFyIG1lc21vIGFzc2ltPw==
TVNJX0hPVEtFWVdORF9OT1RJQ0U1,Q29tYmluYcOnw6NvIGRlIGF0YWxob3Mgc2Vyw6EgcmVpbmljaWFkby4gRGVzZWphIHJlaW5pY2lhcj8=
TVNJX0hPVEtFWVdORF9UQUIx,SGFiaWxpZGFkZQ==
TVNJX0hPVEtFWVdORF9UQUIy,SW50ZXJmYWNl
TVNJX0hPVEtFWVdORF9UQUIz,RW1vdGljb24=
TVNJX0hPVEtFWVdORF9USVRMRQ==,SmFuZWxhIGRlIEF0YWxob3M=
TVNJX0JHTQ==,TcO6c2ljYQ==
TVNJX1NPVU5E,U29ucw==
TVNJX1NLSU4=,U2tpbg==
TVNJX1RJTkdPTkxZX09O,U29tIGRlIGVudHJhZGEgZGUgQmF0ZS1QYXBvIExJR0FETw==
TVNJX1RJTkdPTkxZX09GRg==,U29tIGRlIGVudHJhZGEgZGUgQmF0ZS1QYXBvIERFU0xJR0FETw==
TVNJX0VYUExBSU5fVElOR09OTFk=,L3Rpbmdvbmx5IDogQXBlbmFzIG8gc29tIGRlIGVudHJhZGEgZGUgQmF0ZS1QYXBvIGVzdMOhIGxpZ2Fkbw==
TVNJX0VNT1RJT05fUk9DSw==,L3JvY2s=
TVNJX0VNT1RJT05fU0NJU1NPUg==,L3NjaXNzb3Jz
TVNJX0VNT1RJT05fV1JBUA==,L3BhcGVy
TVNJX0VNT1RJT05fTFVW,L2Ftb3Jl
TVNJX0VNT1RJT05fTU9CSUxF,L23Ds3ZlbA==
TVNJX0VNT1RJT05fTUFJTA==,L2NvcnJlc3BvbmTDqm5jaWE=
TVNJX0VNT1RJT05fQU5URU5OQTA=,L2FudGVuYTA=
TVNJX0VNT1RJT05fQU5URU5OQTE=,L2FudGVuYTE=
TVNJX0VNT1RJT05fQU5URU5OQTI=,L2FudGVuYTI=
TVNJX0VNT1RJT05fQU5URU5OQTM=,L2FudGVuYTM=
TVNJX0VNT1RJT05fSFVNMg==,L3p1bWJpcg==
TVNJX0VNT1RJT05fQUJT,L2FiZMO0bWVu
TVNJX0VNT1RJT05fT09QUw==,L29wcw==
TVNJX0VNT1RJT05fU1BJVA==,L3NhbGl2YQ==
TVNJX0VNT1RJT05fRU5F,L2VuZQ==
TVNJX0VNT1RJT05fUEFOSUM=,L3DDom5pY28=
TVNJX0VNT1RJT05fV0hJU1A=,L3N1c3N1cnJv
TVNJX0hPVEtFWV9OT1RISU5H,dmF6aW8=
TVNJX1VTRVNLSUxMX0ZBSUxfQ0FSVA==,U8OzIHBvZGUgc2VyIHV0aWxpemFkbyBxdWFuZG8gZXN0aXZlciB1dGlsaXphbmRvIGNhcnJpbmhv
TVNJX1VTRVNLSUxMX0ZBSUxfSUlfVEhPUk5TX1NFRUQ=,U2Vyw6EgbmVjZXNzw6FyaW8gbyBpdGVtIFtTZW1lbnRlIGRlIFBsYW50YSBTZWx2YWdlbV0=
TVNJX1VTRVNLSUxMX0ZBSUxfSUlfQkxPT0RfU1VDS0VSX1NFRUQ=,U2Vyw6EgbmVjZXNzw6FyaW8gbyBpdGVtIFtTZW1lbnRlIFNhbmd1ZXNzdWdhXQ==
TVNJX1VTRVNLSUxMX0ZBSUxfTk9fTU9SRV9TUEVMTA==,TsOjbyBwb2RlIG1haXMgY29uanVyYXI=
TVNJX1VTRVNLSUxMX0ZBSUxfSUlfQk9NQl9NVVNIUk9PTV9TUE9SRQ==,U2Vyw6EgbmVjZXNzw6FyaW8gbyBpdGVtIFtFc3Bvcm8gRXhwbG9zaXZvXQ==
TVNJX1VTRVNLSUxMX0ZBSUxfSUlfR0FTT0xJTkVfQk9PTUI=,U2Vyw6EgbmVjZXNzw6FyaW8gbyBpdGVtIFtGcmFzY28gZGUgRm9nbyBHcmVnb10=
TVNJX1VTRVNLSUxMX0ZBSUxfSUlfT0lMX0JPVFRMRQ==,U2Vyw6EgbmVjZXNzw6FyaW8gbyBpdGVtIFtHYXJyYWZhIGNvbSDDk2xlb10=
TVNJX1VTRVNLSUxMX0ZBSUxfSUlfRVhQTE9TSU9OX1BPV0RFUg==,U2Vyw6EgbmVjZXNzw6FyaW8gbyBpdGVtIFtQw7MgRXhwbG9zaXZvXQ==
TVNJX1VTRVNLSUxMX0ZBSUxfSUlfU01PS0VfUE9XREVS,U2Vyw6EgbmVjZXNzw6FyaW8gbyBpdGVtIFtHw6FzIGRlIEZ1bWHDp2Fd
TVNJX1VTRVNLSUxMX0ZBSUxfSUlfVEVBUl9HQVM=,U2Vyw6EgbmVjZXNzw6FyaW8gbyBpdGVtIFtHw6FzIExhY3JpbW9nw6puZW9d
TVNJX1VTRVNLSUxMX0ZBSUxfSUlfSFlEUk9DSExPUklDX0FDSURfQk9UVExF,U2Vyw6EgbmVjZXNzw6FyaW8gbyBpdGVtIFtHYXJyYWZhIGRlIMOBY2lkb10=
TVNJX1VTRVNLSUxMX0ZBSUxfSUlfSEVMTFNfUExBTlRfQk9UVExF,U2Vyw6EgbmVjZXNzw6FyaW8gbyBpdGVtIFtGcmFzY28gZGUgUGxhbnRhIENhcm7DrXZvcmFd
TVNJX1VTRVNLSUxMX0ZBSUxfSUlfTUFORFJBR09SQV9GTE9XRVJQT1Q=,U2Vyw6EgbmVjZXNzw6FyaW8gbyBpdGVtIFtNdWRhIGRlIE1hbmRyw6Fnb3JhXQ==
TVNJX1lJRUxEX1BBUlRZTUFTVEVS,VHJhbnNmZXJpciBhIGxpZGVyYW7Dp2E=
TVNJX0RPX1lPVV9SRUFMTFlfV0FOVF9ZSUVMRF9QQVJUWU1BU1RFUg==,Vm9jw6ogcmVhbG1lbnRlIGRlc2VqYSBtdWRhciBhIGxpZGVyYW7Dp2EgZG8gR3J1cG8/
TVNJX0NBTk5PVF9ZSUVMRF9QQVJUWU1BU1RFUg==,TsOjbyBwb2RlIGFsdGVyYXIgYSBsaWRlcmFuw6dhIGRvIEdydXBvLg==
TVNJX0ZBSUxFRF9DSEFOR0U=,TsOjbyBwb2RlIHNlciBlZGl0YWRv
TVNJX1VTRVNLSUxMX0ZBSUxfTkVFRF9JVEVN,WyVzXSBuZWNlc3PDoXJpbyhhKSAlZA==
TVNJX0lURU1fUkVGSU5JTkdfRE9XTkdSQURF,TsOtdmVsIGRvIHJlZmlubyBjYWl1Lg==
TVNJX1VTRVNLSUxMX0ZBSUxfTkVFRF9FUVVJUE1FTlQ=,UHJlY2lzYSBjb2xvY2FyIFslc10gcGFyYSB1c2Fy
TVNJX0JBVFRMRUZJRUxEX0xJU1Q=,R2VyZW5jaWFkb3IgZGUgSW5zdMOibmNpYXM=
TVNJX0NBTk5PVF9KT0lOVE9fQkFUVExFRklFTEQ=,JSB2b2PDqiBlc3TDoSBlbSB1bWEgY29uZGnDp8OjbyBxdWUgbsOjbyBwZXJtaXRlIGVudHJhciBubyBDYW1wbyBkZSBCYXRhbGhhLCBlbnTDo28gbyBwZWRpZG8gZGUgZW50cmFkYSBmb2kgY2FuY2VsYWRv
TVNJX0NPTVBMRVRFRF9KT0lOVE9fQkFUVExFRklFTEQ=,
TVNJX0RJRkZFUl9KT0lOVE9fQkFUVExFRklFTEQ=,JSBFbnRyYWRhIGVtIENhbXBvIGRlIEJhdGF0YSBhZGlhZGEuIEFndWFyZGFuZG8gb3V0cm9zIGpvZ2Fkb3Jlcw==
TVNJX1NUQVRVU19KT0lOVE9fQkFUVExFRklFTEQ=,
TVNJX1JFUV9DQU5DRUxfSk9JTlRPX0JBVFRMRUZJRUxE,Y2xpcXVlIGVtICdPSycgcGFyYSBjYW5jZWxhciBvIHBlZGlkbyBkZSBlbnRyYWRhIG5vIENhbXBvIGRlIEJhdGFsaGEuIENsaXF1ZSBubyBib3TDo28gYWJhaXhv
TVNJX0NBTkNFTF9KT0lOVE9fQkFUVExFRklFTEQ=,QSBlbnRyYWRhIG5vIENhbXBvIGRlIEJhdGFsaGEgZm9pIGNhbmNlbGFkYQ==
TVNJX01PVkVUT19CQVRUTEVGSUVMRA==,Vm9jw6ogc2Vyw6EgbW92aWRvIHBhcmEgbyBDYW1wbyBkZSBCYXRhbGhhICVzIG1haXMgdGFyZGUuIEFndWFyZGUgbyB0cmFuc3BvcnRl
TVNJX0JBVFRMRUZJRUxEX05BTUU=,Tm9tZSBkbyBDYW1wbyBkZSBCYXRhbGhh
TVNJX01PVkVUT19TQVZFUE9JTlQ=,Vm9jw6ogZGVzZWphIHJlYWxtZW50ZSBtb3Zlcj8=
TVNJX1ZJRVdfU0VFS19QQVJUWQ==,TWVuc2FnZW0gZGUgcHJvY3VyYSBkZSBtZW1icm9zIGRvIEdydXBv
TVNJX1VOVklFV19TRUVLX1BBUlRZ,TWVuc2FnZW0gZGUgcHJvY3VyYSBkZSBtZW1icm9zIGRvIEdydXBvIGRlc2F0aXZhZGE=
TVNJX1NFRUtfUEFSVFlfREVBTFk=,MTAgc2VndW5kb3MgZGUgYXRyYXNvIGRlIHN1cG9ydGUgcGFyYSBHcnVwbw==
TVNJX05PVElGWV9QQVJUWV9ST0xFX01BU1RFUg==,TMOtZGVyIGRvIEdydXBvIGFnb3JhIMOpIFslc10=
TVNJX0VSUk9SX1NZU1RFTV9FUlJPUl9CQVRUTEVGSUVMRA==,Vm9jw6ogbsOjbyBwb2RlIGVudHJhciBkZXZpZG8gYSB1bSBlcnJvIG5vIHNpc3RlbWE=
TVNJX0VSUk9SX0ZVTExfRVNST09NX0JBVFRMRUZJRUxE,Vm9jw6ogbsOjbyBwb2RlIGVudHJhciBkZXZpZG8gYSBmaWxhIG11aXRvIGdyYW5kZQ==
TVNJX0VSUk9SX0RPVUJMRV9PRkZFUl9CQVRUTEVGSUVMRA==,TyBwZWRpZG8gasOhIGZvaSBmZWl0bw==
TVNJX0VSUk9SX1dBSVRfVElNRU9VVF9CQVRUTEVGSUVMRA==,TyByZWdpc3RybyBmb2kgY2FuY2VsYWRvIGRldmlkbyBhIHRlbXBvIGRlIGVzcGVyYSBlbGV2YWRv
TVNJX0VSUk9SX0JBVFRMRUZJTERfRU5URVJfQkFUVExFRklFTEQ=,TyByZWdpc3RybyBmb2kgY2FuY2VsYWRvIGRldmlkbyBhIGNvbmRpw6fDtWVzIGlycmVndWxhcmVz
TVNJX0VSUk9SX0RST1BfRU5UUkFOQ0VTVEFUSU9OX0JBVFRMRUZJRUxE,TyByZWdpc3RybyBmb2kgY2FuY2VsYWRvIGRldmlkbyBhIHVtIGVycm8=
TVNJX1VTRVNLSUxMX0ZBSUxfQ09NQk9TS0lMTA==,SGFiaWxpZGFkZSBhc3NvY2lhZGEgYSBbJXNd
TVNJX1VTRVNLSUxMX0ZBSUxfQ09NQk9TS0lMTDI=,SGFiaWxpZGFkZSBhc3NvY2lhZGEgYSBvdXRyYSBoYWJpbGlkYWRl
TVNJX1VTRVNLSUxMX0ZBSUxfU1BJUklUUw==,TmVjZXNzaXRhIGRlICVkIEVzcGVyYXMgRXNwaXJpdHVhaXM=
TVNJX1VTRVNLSUxMX0ZBSUxfU1BJUklUUzI=,TmVjZXNzaXRhIEVzZmVyYXMgRXNwaXJpdHVhaXM=
TVNJX1JVTkVTVE9ORV9NQUtFRVJST1JfT1ZFUkNPVU5U,Vm9jw6ogbsOjbyBwb2RlIGNyaWFyIG1haXMgUnVuYXMgZG8gcXVlIGEgcXVhbnRpZGFkZSBtw6F4aW1h
TVNJX0VSUk9SX0xJU1RfT1BFTl9CQVRUTEVGSUVMRA==,TsOjbyBwb2RlIHJlY2ViZXIgYSBsaXN0YSBkZSBDYW1wb3MgZGUgQmF0YWxoYS4gVGVudGUgbm92YW1lbnRlIG1haXMgdGFyZGU=
TVNJX0VSUk9SX0xFVkVMX0xJTUlUX0JBVFRMRUZJRUxE,TsOtdmVsIG7Do28gw6kgc3VmaWNpZW50ZQ==
TVNJX1VQR1JBREVTS0lMTEVSUk9SX01PUkVfRklSU1RKT0JTS0lMTA==,QXVtZW50ZSBhdMOpICVkIHBhcmEgSGFiaWxpZGFkZXMgZGUgY2xhc3NlIDE=
TVNJX1VQR1JBREVTS0lMTEVSUk9SX01PUkVfU0VDT05ESk9CU0tJTEw=,QXVtZW50ZSBhdMOpICVkIHBhcmEgSGFiaWxpZGFkZXMgZGUgY2xhc3NlIDEgZSAy
TVNJX0lURU1TWU9VQ0FOQ0hBTkdF,SXRlbSBxdWUgcG9kZSBzZXIgY29udmVydGlkbw==
TVNJX0lURU1TX0ZPUl9DSEFOR0U=,SXRlbSBwYXJhIGNvbnZlcnRlcg==
TVNJX1NLSUxMX1JFQ0lQRV9OT1RFWElTVA==,Q29tYmluYcOnw6NvIGlycmVndWxhcg==
TVNJX1NLSUxMX0lOVkVOVE9SWV9XRUlHSFRfT1ZFUg==,TXVpdG8gcGVzbyBubyBpbnZlbnTDoXJpbw==
TVNJX1NLSUxMX0lOVkVOVE9SWV9LSU5EQ05UX09WRVI=,TGliZXJlIGVzcGHDp28gbm8gaW52ZW50w6FyaW8=
TVNJX1NLSUxMX01BVEVSSUFMX0ZBSUw=,TWF0ZXJpYWwgbsOjbyBleGlzdGVudGU=
TVNJX1NLSUxMX1NVQ0NFU1M=,U3VjZXNzbw==
TVNJX1NLSUxMX0ZBSUw=,RnJhY2Fzc28=
TVNJX1NLSUxMX0ZBSUxfTUFURVJJQUxfREVTVFJPWQ==,T3MgbWF0ZXJpYWlzIGZvcmFtIHBlcmRpZG9zIGRldmlkbyBhIGZhbGhhcw==
TVNJX0ZBSUxFRF9DSEFOR0VfVEFCTkFNRQ==,TsOjbyBmb2kgcG9zc8OtdmVsIG11ZGFyIGRldmlkbyBhbyBub21lIGxvbmdvIGRlbWFpcw==
TVNJX0ZBSUxFRF9BRERfVEFC,TsOjbyBmb2kgcG9zc8OtdmVsIGFkaWNpb25hciBtYWlz
TVNJX0ZBSUxFRF9MT0NLU0VSVkVS,TsOjbyBmb2kgcG9zc8OtdmVsIHJlY29uaGVjZXI=
TVNJX0JPVF9DSEVDSw==,VmVyaWZpcXVlIGJvdA==
TVNJX1NLSUxMX0ZBSUxfTUFURVJJQUxfSURFTlRJVFk=,TsOjbyBwb2RlIHVzYXIgbyBpdGVtIG7Do28gc2VsZWNpb25hZG8gY29tbyBtYXRlcmlhbA==
TVNJX0JBTl9JUF9CTE9DSw==,TsOjbyBwb2RlIGFjZXNzYXIgbyBJUA==
TVNJX0JBTl9JTlZBTElEX1BXRF9DTlQ=,TsOjbyBwb2RlIGFjZXNzYXIgZGV2aWRvIGEgNiBlcnJvcyBuYSBzZW5oYQ==
TVNJX01JWF9BQ0NFUFQ=,U2Vyw6EgdXNhZG8gbmEgY3JpYcOnw6NvIGRlIGl0ZW5zLiBWb2PDqiBjb25jb3JkYT8=
TVNJX0JPVF9DSEVDS19OT1RJQw==,cGxlYXNlIGluc2VydCBsZXR0ZXIgYW5kIG51bWJlciBvbiB5b3VyIGxlZnQ=
TVNJX0RFU0NSSUJFX0JBVFRMRUZJRUxE,SW5mb3JtYcOnw6NvIGRvIENhbXBvIGRlIEJhdGFsaGE=
TVNJX0JBVFRMRUZJRUxEX1NUQVRVUw==,RmlxdWUgZGUgcMOpIHBhcmEgZW50cmFy
TVNJX0JBVFRMRUZJRUxEX0hFTFA=,SW5mb3JtYcOnw6NvIGRlIGFqdWRhIHBhcmEgbyBDYW1wbyBkZSBCYXRhbGhh
TVNJX0JBTl9OT1RfQUxMT1dFRF9KT0JDTEFTUw==,TsOjbyB1dGlsaXplIG8gcGVyc29uYWdlbSBubyB0ZXN0ZQ==
TVNJX1JFTU9WRV9FUVVJUEVESVRFTQ==,RXF1aXBhbWVudG9zIGxpYmVyYWRvcw==
TVNJX01JTklfSUNPTg==,TWluaSDDrWNvbmU=
TVNJX0JBVFRMRUZJRUxEX1RFQU0=,QmF0YWxoYSBBOiAgQmF0YWxoYSBC
TVNJX1dBSVRfU1RBVFVT,RmlsYQ==
TVNJX05PVElGWV9CQVRUTEVGSUVMRF9DQU5DRUw=,QWxlcnRhIGRlIGNhbmNlbGFtZW50byBkZSBDYW1wbyBkZSBCYXRhbGhh
TVNJX0JBVFRMRUZJRUxEX0NPVU5U,TsO6bWVybyBkZSBwZXNzb2FzIG5lY2Vzc8OhcmlhcyBubyBDYW1wbyBkZSBCYXRhbGhh
TVNJX0JBVFRMRUZJRUxEX0FURUFNX0NPVU5U,UGVzc29hcyBubyBDYW1wbyBkZSBCYXRhbGhhIEE=
TVNJX0JBVFRMRUZJRUxEX0JURUFNX0NPVU5U,UGVzc29hcyBubyBDYW1wbyBkZSBCYXRhbGhhIEI=
TVNJX0JBVFRMRUZJRUxEX0FURUFNX1dBSVQ=,RW0gc2l0dWHDp8OjbyBkZSBhbGVydGE6ICVkKENhbXBvIGRlIEJhdGFsaGEgQSk=
TVNJX0JBVFRMRUZJRUxEX0JURUFNX1dBSVQ=,RW0gc2l0dWHDp8OjbyBkZSBhbGVydGE6ICVkKENhbXBvIGRlIEJhdGFsaGEgYik=
TVNJX1NIT1dfQkFUVExFRklFTERfSUNPTg==,TW9zdHJhciDDrWNvbmUgZGUgQ2FtcG8gZGUgQmF0YWxoYS4=
TVNJX0RPTlRfU0hPV19CQVRUTEVGSUVMRF9JQ09O,TsOjbyBtb3N0cmFyIMOtY29uZSBkZSBDYW1wbyBkZSBCYXRhbGhhLg==
TVNJX05PVElGWV9CQVRUTEVGSUVMRF9NT1ZF,Tm90YSBkZSBDYW1wbyBkZSBCYXRhbGhhIG1vZGlmaWNhZG8=
TVNJX05PVElGWV9CQVRUTEVGSUVMRF9ERUZFUg==,Tm90YSBkZSBDYW1wbyBkZSBCYXRhbGhhIGFkaWFkbw==
TVNJX1dIT19JUw==,QWxndcOpbQ==
TVNJX0lfUkVDRUlWRURfREFNQUdF,WyVzXSBjYXVzb3UgJyVkJyBkZSBkYW5vLg==
TVNJX1BBUlRZX1JFQ0VJVkVEX0RBTUFHRQ==,WyVzXSByZWNlYmV1IGRhbm8gWyVzXSBwb3IgJyVkJy4=
TVNJX0lfR0FWRV9EQU1BR0U=,WyVzXSByZWNlYmV1ICclZCcgZGUgZGFuby4=
TVNJX1BBUlRZX0dBVkVfREFNQUdF,WyVzXSBkZXUgWyVzXSBkYW5vIGRlICclZCcu
TVNJX0RST1BfSVRFTQ==,JXMgJWQgZGVycnViYWRvKHMp
TVNJX0NMRUFSX1FVRVNUX01PTlNURVI=,RGEgbWlzc8OjbyBbJXNdLCB2b2PDqiBkZXJyb3RvdSBbJXNdLiAoJWQvJWQp
TVNJX0RFTEVURV9RVUVTVA==,JXMgTWlzc8OjbyBmb2kgZGVsZXRhZGEu
TVNJX05PVElGWV9XSE8=,WyVzXSBwb3NzdWk=
TVNJX05PVElGWV9FWFA=,JWQnIGRlIEVYUA==
TVNJX05PVElGWV9KT0JFWFA=,JWQnIGRlIEVYUCBkZSBDbGFzc2U=
TVNJX0dFVA==,YWRxdWlyaWRvKHMp
TVNJX0xPU1M=,cGVyZGlkbyhzKQ==
TVNJX05PVElGWV9TVEVBTF9DT0lO,WyVzXSBmb3JhbSByb3ViYWRhcyAnJWQnIG1vZWRhcyBkZSB2b2PDqi4=
TVNJX1ZJRVdfQ09NQkFUX01TRw==,TWVuc2FnZW0gZGUgQmF0YWxoYQ==
TVNJX1ZJRVdfUEFSVFlfQ09NQkFUX01TRw==,TWVuc2FnZW0gZGUgYmF0YWxoYSBkZSBtZW1icm9zIGRvIEdydXBv
TVNJX1ZJRVdfR0VUVElOR19FWFBfTVNH,RVhQIHJlY2ViaWRh
TVNJX1ZJRVdfUEFSVFlfR0VUVElOR19FWFBfTVNH,RVhQIGRlIG1lbWJybyBkbyBHcnVwbyByZWNlYmlkYQ==
TVNJX1ZJRVdfUVVFU1RfSU5GT19NU0c=,SW5mb3JtYcOnw7VlcyBkZSBRdWVzdA==
TVNJX1ZJRVdfQkFUVExFRklFTERfSU5GT19NU0c=,SW5mb3JtYcOnw7VlcyBkYSBCYXRhbGhhIENhbXBhbA==
TVNJX05PVElGWV9UQVJHRVRfV0hP,WyVzXQ==
TVNJX05PVElGWV9TS0lMTF9UT19UQVJHRVQ=,Zm9pIGFsdm8gZGEgaGFiaWxpZGFkZSBbJXNdLg==
TVNJX0xPQ0tfTU9VU0U=,QmxvcXVlYXIgY2xpcXVlIHBhcmEgY2hhdA==
TVNJX1VOTE9DS19NT1VTRQ==,RGVzYmxvcXVlYXIgY2xpcXVlIHBhcmEgY2hhdA==
TVNJX0JST0FEQ0FTVElOR19TUEVDSUFMX0lURU1fT0JUQUlO,WyVzXSBhYnJpdSBbJXNdIGUgcmVjZWJldSBvIGl0ZW0gWyVzXS4=
TVNJX0pPQl9TV09SRE1BTg==,RXNwYWRhY2hpbQ==
TVNJX0pPQl9NQUdJQ0lBTg==,TWFnbw==
TVNJX0pPQl9BUkNIRVI=,QXJxdWVpcm8=
TVNJX0pPQl9BQ09MWVRF,Tm92acOnbw==
TVNJX0pPQl9NRVJDSEFOVA==,TWVyY2Fkb3I=
TVNJX0pPQl9USElFRg==,R2F0dW5v
TVNJX0pPQl9LTklHSFQ=,Q2F2YWxlaXJv
TVNJX0pPQl9QUklFU1Q=,U2FjZXJkb3Rl
TVNJX0pPQl9XSVpBUkQ=,QnJ1eG8=
TVNJX0pPQl9CTEFDS1NNSVRI,RmVycmVpcm8=
TVNJX0pPQl9IVU5URVI=,Q2HDp2Fkb3I=
TVNJX0pPQl9BU1NBU1NJTg==,TWVyY2Vuw6FyaW8=
TVNJX0pPQl9DUlVTQURFUg==,VGVtcGzDoXJpbw==
TVNJX0pPQl9NT05L,TW9uZ2U=
TVNJX0pPQl9TQUdF,U8OhYmlv
TVNJX0pPQl9ST0dVRQ==,QXJydWFjZWlybw==
TVNJX0pPQl9BTENIRU1JU1Q=,QWxxdWltaXN0YQ==
TVNJX0pPQl9CQVJE,QmFyZG8=
TVNJX0pPQl9EQU5DRVI=,T2RhbGlzY2E=
TVNJX0pPQl9SVU5FX0tOSUdIVA==,Q2F2YWxlaXJvIFLDum5pY28=
TVNJX0pPQl9XQVJMT0NL,QXJjYW5v
TVNJX0pPQl9SQU5HRVI=,U2VudGluZWxh
TVNJX0pPQl9BUkNIQklTSE9Q,QXJjZWJpc3Bv
TVNJX0pPQl9NRUNIQU5JQw==,TWVjw6JuaWNv
TVNJX0pPQl9HVUlMTE9USU5FX0NST1NT,U2ljw6FyaW8=
TVNJX0pPQl9ST1lBTF9HVUFSRA==,R3VhcmRpw6NvIFJlYWw=
TVNJX0pPQl9TT1JDRVJFUg==,RmVpdGljZWlybw==
TVNJX0pPQl9NSU5TVFJFTA==,VHJvdmFkb3I=
TVNJX0pPQl9XQU5ERVJFUg==,TXVzYQ==
TVNJX0pPQl9TVVJB,U2h1cmE=
TVNJX0pPQl9HRU5FVElD,QmlvcXXDrW1pY28=
TVNJX0pPQl9TSEFET1dfQ0hBU0VS,UmVuZWdhZG8=
TVNJX0pPQl9TV09SRE1BTl9I,RXNwYWRhY2hpbSBU
TVNJX0pPQl9NQUdJQ0lBTl9I,TWFnbyBU
TVNJX0pPQl9BUkNIRVJfSA==,QXJxdWVpcm8gVA==
TVNJX0pPQl9BQ09MWVRFX0g=,Tm92acOnbyBU
TVNJX0pPQl9NRVJDSEFOVF9I,TWVyY2Fkb3IgVA==
TVNJX0pPQl9USElFRl9I,R2F0dW5vIFQ=
TVNJX0pPQl9LTklHSFRfSA==,TG9yZGU=
TVNJX0pPQl9QUklFU1RfSA==,U3VtbyBTYWNlcmRvdGU=
TVNJX0pPQl9XSVpBUkRfSA==,QXJxdWltYWdv
TVNJX0pPQl9CTEFDS1NNSVRIX0g=,TWVzdHJlIEZlcnJlaXJv
TVNJX0pPQl9IVU5URVJfSA==,QXRpcmFkb3IgZGUgRWxpdGU=
TVNJX0pPQl9BU1NBU1NJTl9I,QWxnb3o=
TVNJX0pPQl9DUlVTQURFUl9I,UGFsYWRpbm8=
TVNJX0pPQl9NT05LX0g=,TWVzdHJl
TVNJX0pPQl9TQUdFX0g=,UHJvZmVzc29y
TVNJX0pPQl9ST0dVRV9I,RGVzb3JkZWlybw==
TVNJX0pPQl9BTENIRU1JU1RfSA==,Q3JpYWRvcg==
TVNJX0pPQl9CQVJEX0g=,TWVuZXN0cmVs
TVNJX0pPQl9EQU5DRVJfSA==,Q2lnYW5h
TVNJX0pPQl9OT1ZJQ0U=,QXByZW5kaXo=
TVNJX0pPQl9OT1ZJQ0VfSA==,QXByZW5kaXogVA==
TVNJX0pPQl9TVVBFUk5PVklDRQ==,U3VwZXJhcHJlbmRpeg==
TVNJX0pPQl9HVU5TTElOR0VS,SnVzdGljZWlybw==
TVNJX0pPQl9OSU5KQQ==,TmluamE=
TVNJX0pPQl9UQUVLV09O,VGFla3dvbg==
TVNJX0pPQl9TVEFS,TWVzdHJlIFRhZWt3b24=
TVNJX0pPQl9MSU5LRVI=,RXNwaXJpdHVhbGlzdGE=
TVNJX1NFRUtfUEFSVFlfTUVNQkVS,UHJvY3VyYS1zZSBHcnVwbw==
TVNJX1NFRUtfUEFSVFlfTElTVA==,UHJvY3VyYXIgR3J1cG9z
TVNJX1NFRUtfUEFSVFlfQ0hFQ0s=,UmVjcnV0YW1lbnRvIGRlIEdydXBv
TVNJX0ZBSUxfTkVFRF9FUVVJUFBFRF9CT1c=,Vm9jw6ogcHJlY2lzYSBlcXVpcGFyIHVtIGl0ZW0gdGlwbyBbQXJjb10u
TVNJX0ZBSUxfTkVFRF9FUVVJUFBFRF9JTlNUUlVNRU5UX1dISVA=,Vm9jw6ogcHJlY2lzYSBlcXVpcGFyIHVtIGl0ZW0gdGlwbyBbSW5zdHJ1bWVudG8gTXVzaWNhbC9DaGljb3RlXS4=
TVNJX0JBRF9DSEFS,QXBlbmFzIGNhcmFjdGVyZXMgYWxmYSBudW3DqXJpY29zIHPDo28gYWNlaXRvcy4=
TVNJX0FMUkFN,Tm90YXM=
TVNJX0ZBSUxfQlVZX0lURU1fSU5WQUxJRF9NQ1NUT1JF,Q29tcHJhIGRlIGl0ZW0gZmFsaG91IGRldmlkbyBhIGluZm9ybWHDp8O1ZXMgaW5jb3JyZXRhcyBkYSBsb2phLg==
TVNJX0NBTl9EUk9QX0lURU1fVE9fSVRFTVdORA==,UG9kZSBkZXJydWJhciBkYSBqYW5lbGEgZGUgaXRlbnMu
TVNJX1RJTUU=,SG9yYQ==
TVNJX01BUA==,TWFwYQ==
TVNJX0NBTlRfVVNFX1dIRU5fT1BFTkVEX0VYQ0hBTkdFV05E,Vm9jw6ogbsOjbyBwb2RlIHVzYXIsIGVxdWlwYXIgb3UgZGVzYXJtYXIgaXRlbnMgcXVlIHZvY8OqIGVzdMOhIHRyb2NhbmRvLg==
TVNJX0hPVEtFWV9VTktPV04=,VmFsb3IgbsOjbyBpZGVudGlmaWNhZG8=
TVNJX0VYUExBSU5fU1RBVEVJTkZP,L3N0YXRlaW5mbyA6IE1vc3RyYSBleHBsaWNhw6fDtWVzIGRvcyDDjWNvbmVzIGRlIEVzdGFkby4gTElHQURPIC8gREVTTElHQURP
TVNJX1NIT1dfU1RBVEVJTkZPX09O,SW5mb3JtYcOnw6NvIGRlIEVzdGFkbyBMaWdhZGEgOiBNb3N0cmEgaW5mb3JtYcOnw7VlcyBzb2JyZSBvcyDDjWNvbmVzIGRlIEVzdGFkbw==
TVNJX1NIT1dfU1RBVEVJTkZPX09GRg==,SW5mb3JtYcOnw6NvIGRlIEVzdGFkbyBEZXNsaWdhZGEgOiBOw6NvIG1vc3RyYSBpbmZvcm1hw6fDtWVzIHNvYnJlIG9zIMONY29uZXMgZGUgRXN0YWRv
TVNJX0xJTUlUX0JVWV9JVEVNMg==,T3MgbWVzbW9zIGl0ZW5zIG7Do28gcG9kZW0gc2VyIGNvbXByYWRvcyBtYWlzIHF1ZSAlZCBwb3IgdmV6Lg==
TVNJX0xJTUlUX1NFTExfSVRFTQ==,T3MgbWVzbW9zIGl0ZW5zIG7Do28gcG9kZW0gc2VyIHZlbmRpZG9zIG1haXMgcXVlICVkIHBvciB2ZXou
TVNJX0NBTl9CVVlfSVRFTV9OVU0=,TyB0b3RhbCBhZHF1aXJpZG8gZG9zIGl0ZW5zIGNvcnJlc3BvbmRlbnRlcyDDqSAlZC4=
TVNJX1NBVkVfSE9US0VZX1RPX0ZJTEU=,Q29uZmlndXJhw6fDtWVzIHNlcsOjbyBzYWx2YXMgWyVzXFwlc10gcXVhbmRvIHZvY8OqIGRlc2NvbmVjdGFyLg==
TVNJX0NIQVJBQ1RFUl9JU19CVVNZ,WyVzXSBuw6NvIHBvZGUgYWNlaXRhciBwZWRpZG9zIGRlIHRyb2NhIG5vIG1vbWVudG8u
TVNJX1JPX0hFTFA=,Uk9fSEVMUC4=
TVNJX0hBVkVOT1RfQU5WSUw=,U2VtIEJpZ29ybmE=
TVNJX1dISVNQRVJfQkxPQ0tfTk9WSUNFX0xFVkVMMTA=,TsOjbyDDqSBwb3Nzw612ZWwgZW52aWFyIE1lbnNhZ2VucyBQYXJ0aWN1bGFyZXMgYWJhaXhvIGRvIG7DrXZlbCAxMC4=
TVNJX0pPQl9BVFRBQ0tFUg==,S2lsbGVy
TVNJX0pPQl9UQU5LRVI=,VGFua2Vy
TVNJX0pPQl9IRUFMRVI=,U3Vwb3J0ZQ==
TVNJX0pPQl9BU1NJU1RBTkNF,TW9iYmVy
TVNJX0RFU0NSSUJFX1BBUlRZX0JPT0tJTkc=,Q29tYW5kb3MgZGUgR3J1cG8=
TVNJX0dVSUxEX0FMTFlfUkVRVUVTVF9ESVNBQkxF,TsOjbyDDqSBwb3Nzw612ZWwgc2UgYWxpYXIgYSB1bSBDbMOj
TVNJX0dVSUxEX0hPU1RJTEVfUkVRVUVTVF9ESVNBQkxF,TsOjbyDDqSBwb3Nzw612ZWwgc2UgYWxpYXIgYSB1bSBDbMOjIGFkdmVyc8Ohcmlv
TVNJX0ZSSUVORF9BRERfRkFMU0VfQUdJVA==,TsOjbyDDqSBwb3Nzw612ZWwgYWRpY2lvbmFyIGFtaWdvcyBlbSBtYXBhcyBkZSBDYXN0ZWxv
TVNJX0JVWUlOR1NUT1JFX01BS0VXTkRfVElUTEU=,QWJyZSBMb2phIGRlIENvbXByYXM=
TVNJX0JVWUlOR1NUT1JFX01BS0VXTkRfUFJJQ0U=,UHJlw6dv
TVNJX0JVWUlOR1NUT1JFX01BS0VXTkRfTVlaRU5Z,WmVueQ==
TVNJX0JVWUlOR1NUT1JFX01BS0VXTkRfTElNSVRaRU5Z,TGltaXRlIGRlIENvbXByYQ==
TVNJX0JVWUlOR1NUT1JFX01BS0VXTkRfQURESVRFTQ==,TsOjbyByZWdpc3Ryb3UgaXRlbSBkZSBjb21wcmEuIFJlZ2lzdHJlIGl0ZW0gZGUgY29tcHJhLg==
TVNJX0JVWUlOR1NUT1JFX01BS0VXTkRfSU5QVVRQUklDRQ==,SW5zaXJhIG8gcHJlw6dvIGRvIGl0ZW0gJXM=
TVNJX0JVWUlOR1NUT1JFX01BS0VXTkRfUkVJTlBVVFBSSUNF,SW5zaXJhIG8gcHJlw6dvIGRvIGl0ZW0gJXMgYWJhaXhvIGRlIDk5OTkwMDAwIFplbnlz
TVNJX0JVWUlOR1NUT1JFX01BS0VXTkRfSU5QVVROVU0=,SW5zaXJhIGEgcXVhbnRpZGFkZSBkbyBpdGVtICVz
TVNJX0JVWUlOR1NUT1JFX01BS0VXTkRfUkVJTlBVVE5VTQ==,U29tYSBkZSBpdGVucyBhZHF1aXJpZG9zIGUgZG8gaW52ZW50w6FyaW8gdWx0cmFwYXNzYW0gOTk5OS4gSW5zaXJhIG8gbsO6bWVybyB0b3RhbCBpbmZlcmlvciBhIDk5OTk=
TVNJX0JVWUlOR1NUT1JFX01BS0VXTkRfRFVQTElDQVRFSVRFTQ==,RXhpc3RlbSBpdGVucyBkdXBsaWNhZG9z
TVNJX0JVWUlOR1NUT1JFX01BS0VXTkRfSU5QVVRMSU1JVFpFTlk=,SW5zaXJhIGxpbWl0ZSBkZSBwcmXDp28=
TVNJX0JVWUlOR1NUT1JFX01BS0VXTkRfUkVJTlBVVExJTUlUWkVOWQ==,Vm9jw6ogZXhjZWRldSBvIHZhbG9yIHF1ZSBwb3NzdWkuIEluc2lyYSBvIHZhbG9yIG5vdmFtZW50ZS4=
TVNJX0JVWUlOR1NUT1JFX01BS0VXTkRfSVRFTUxJU1Q=,JXMgIDogICVzICBaZW55ID0+ICVzIENhZGE=
TVNJX0JVWUlOR1NUT1JFX01JUlJPUkJVWUlURU1MSVNU,TGlzdGEgZGUgaXRlbnMgcGFyYSBjb21wcmE=
TVNJX0JVWUlOR1NUT1JFX01ZU0hPUFdORF9USVRMRQ==,TWluaGEgTG9qYSBkZSBDb21wcmFz
TVNJX0JVWUlOR1NUT1JFX01ZU0hPUFdORF9MSU1JVFpFTlk=,VmFsb3IgbcOheGltbzogJXMgWmVueQ==
TVNJX0JVWUlOR1NUT1JFX01ZU0hPUFdORF9JVEVNSU5GTw==,JXMgJXMgWmVueSAlZCBxdWFudGlkYWRl
TVNJX0JVWUlOR1NUT1JFX1NIT1BXTkRfVElUTEU=,TG9qYSBkZSBDb21wcmFz
TVNJX0JVWUlOR1NUT1JFX01JUlJPUlNFTExXTkRfVElUTEU=,TGlzdGEgZGUgVmVuZGFz
TVNJX0JVWUlOR1NUT1JFX1NFTExXTkRfTElNSVROVU0=,TsO6bWVybyB0b3RhbCBkZSBpdGVucyBzZWxlY2lvbmFkb3MgJWQ=
TVNJX0JVWUlOR1NUT1JFX1NFTExXTkRfTEFDS0JVWUVSWkVOWQ==,VmVuZGEgY2FuY2VsYWRhLCBwb2lzIG8gdmFsb3IgdG90YWwgdWx0cmFwYXNzYSBvIGxpbWl0ZSBtw6F4aW1vIGVzdGlwdWxhZG8gcGVsbyBjb21wcmFkb3I=
TVNJX0JVWUlOR1NUT1JFX09QRU5fRkFJTEVE,TsOjbyBwb2RlIGFicmlyIGEgTG9qYSBkZSBDb21wcmFz
TVNJX0JVWUlOR1NUT1JFX09WRVJXRUlHSFQ=,Vm9jw6ogZXhjZWRldSBvIGxpbWl0ZSBkZSBxdWFudGlkYWRlIGRlIGl0ZW5z
TVNJX0JVWUlOR1NUT1JFX1RSQURFX09WRVJMSU1JVFpFTlk=,Vm9jw6ogYWRxdWlyaXUgdG9kb3Mgb3MgaXRlbnMgbm8gbGltaXRlIGRvIHZhbG9y
TVNJX0JVWUlOR1NUT1JFX1RSQURFX0JVWUNPTVBMRVRF,Vm9jw6ogYWRxdWlyaXUgdG9kb3Mgb3MgaXRlbnM=
TVNJX0JVWUlOR1NUT1JFX1RSQURFX0xBQ0tCVVlFUlpFTlk=,SW1wb3Nzw612ZWwgcmVhbGl6YXIgYSB0cm9jYSBkZXZpZG8gYSBkaW5oZWlybyBpbnN1ZmljaWVudGU=
TVNJX0JVWUlOR1NUT1JFX1RSQURFX1NFTExDT01QTEVURQ==,Vm9jw6ogdmVuZGV1ICVzICVkdW4gbm8gdmFsb3IgZGUgJWR6
TVNJX0JVWUlOR1NUT1JFX1RSQURFX09WRVJDT1VOVA==,JHMgaXRlbSBuw6NvIGZvaSB2ZW5kaWRvIGRldmlkbyBhIGV4Y2Vzc28gZGUgaXRlbnMgZGVzZWphZG9z
TVNJX1VTRVNLSUxMX0ZBSUxfRUxfU1VNTU9O,TsOjbyBow6EgRWxlbWVudGFs
TVNJX0FHQUlOU1RTRVJWRVJTSUVHRVdBUkZBUkVfUkVTVFJJQ1RJT04=,VGhpcyBpcyByZXN0cmljdGlvbiBzZXJ2ZXIgdW5pdGUgd2Fy
TVNJX09UUF9NVVNUXzZfQ0hBUg==,T1BUIHBvc3N1aSA2IHNlbmhhcw==
TVNJX0RCX0VSUk9S,dGhlcmUgaXMgbm8gT1RQIGluZm9ybWF0aW9uLiBjb250YWN0IGFkbWluaXN0cmF0b3I=
TVNJX09UUF9GQUlMRUQ=,ZmFpbCB0byByZWNvZ25pemluZyBPVFA=
TVNJX1BBUlRZX0JPT0tJTkdfTk9USUZZ,QWRpY2lvbm91IG9mZXJ0YSBkZSBHcnVwbw==
TVNJX1BBUlRZX0JPT0tJTkdfUkVRVVJU,QWRpY2lvbm91IG9mZXJ0YSBkZSBtZW1icm8gZG8gR3J1cG8=
TVNJX1BBUlRZX0JPT0tJTkdfVFlQRQ==,RnVuw6fDo28=
TVNJX1BBUlRZX0JPT0tJTkdfVFlQRV8x,Q2xhc3NlIDE=
TVNJX1BBUlRZX0JPT0tJTkdfVFlQRV8y,Q2xhc3NlIDI=
TVNJX1BBUlRZX0JPT0tJTkdfVFlQRV8zXzE=,Q2xhc3NlIDMtMQ==
TVNJX1BBUlRZX0JPT0tJTkdfVFlQRV8zXzI=,Q2xhc3NlIDMtMg==
TVNJX1BBUlRZX0JPT0tJTkdfVFlQRV8xUExVUw==,Q2xhc3NlIDEgVHJhbnM=
TVNJX1BBUlRZX0JPT0tJTkdfVFlQRV8yUExVUw==,Q2xhc3NlIDIgVHJhbnM=
TVNJX1BBUlRZX0JPT0tJTkdfVFlQRV9FVEM=,RXhwYW5kaWRhcw==
TVNJX1BBUlRZX0JPT0tJTkdfUkVRVVJUSU5H,UmVjcnV0YXI=
TVNJX1BBUlRZX0JPT0tJTkdfUkVRVVJUX1RJUA==,Q29udmlkYXIgcGFyYSBHcnVwbw==
TVNJX1BBUlRZX0JPT0tJTkdfU0VBUkNI,QnVzY2FuZG8=
TVNJX1BBUlRZX0JPT0tJTkdfQUxMX1NFTEVDVA==,U2VsZWNpb25hciB0dWRv
TVNJX1BBUlRZX0JPT0tJTkdfRVJSMQ==,Vm9jw6ogZGV2ZSBjb252aWRhciBhbyBtZW5vcyB1bWEgY2xhc3Nl
TVNJX1BBUlRZX0JPT0tJTkdfRVJSMg==,Vm9jw6ogZGV2ZSBzZWxlY2lvbmFyIGFvIG1lbm9zIHVtYSBjbGFzc2U=
TVNJX1BBUlRZX0JPT0tJTkdfRVJSMw==,Vm9jw6ogc2VsZWNpb25vdSAlZCBkYXMgY2xhc3Nlcy4gVm9jw6ogcG9kZSBlc2NvbGhlciA2IGNsYXNzZXM=
TVNJX1BBUlRZX0JPT0tJTkdfRVJSNA==,QXBlbmFzIG7Dum1lcm9zIHBvZGVtIHNlciBjb2xvY2Fkb3Mgbm8gbsOtdmVs
TVNJX1BBUlRZX0JPT0tJTkdfRVJSNQ==,SW5zaXJhIG8gbsOtdmVsIGVudHJlIDEgZSAxNTA=
TVNJX0RJU0FCTEVfQ09TVFVNRUlURU1fTUFQ,TsOjbyDDqSBwb3Nzw612ZWwgdmVyIGVzdGUgbWFwYQ==
TVNJX0NBTk5PVF9FUVVJUF9JVEVNX0xFVkVM,Vm9jw6ogbsOjbyBwb2RlIHRlciBpdGVucyBkZXN0ZSBuw612ZWw=
TVNJX0NBTk5PVF9VU0VfSVRFTV9MRVZFTA==,Vm9jw6ogbsOjbyBwb2RlIHVzYXIgaXRlbnMgZGVzdGUgbsOtdmVs
TVNJX0NIQVRNT0RFX09OT0ZG,QmF0ZS1wYXBv
TVNJX09WRVJfVEFCU0laRQ==,TsOjbyBwb2RlIGFkaWNpb25hciBkZXZpZG8gYSBsaW1pdGUgZGUgdGFtYW5obw==
TVNJX1NFVF9DSEFUSU5GTw==,LSBDb25maWd1cmHDp8OjbyBkZSBhYmE=
TVNJX1NFTEw=,VmVuLg==
TVNJX0JVWQ==,Q29tLg==
TVNJX1NFQVJDSF9TVE9SRUlORk8=,QnVzY2Fy
TVNJX1NUT1JFX05BTUU=,Tm9tZQ==
TVNJX1NFQVJDSF9JVEVNX0NPVU5U,UXRk
TVNJX1NFQVJDSF9JVEVNX1BSSUNF,UHJlw6dv
TVNJX1NTSV9GQUlMRURfT1ZFUl9NQVhDT1VOVA==,TXVpdG9zIHJlc3VsdGFkb3MgZW5jb250cmFkb3MuIFJlZmluZSBzdWEgYnVzY2Eu
TVNJX09QRU5fU0VBUkNIX1NUT1JF,Vm9jw6ogZGVzZWphIGFicmlyIGEgbG9qYT8=
TVNJX1NTT19GQUlMRUQ=,RmFsaGEgYW8gcmVjb25oZWNlciBTU08=
TVNJX1pPTkVfTU9WRV9GQUlM,TsOjbyBmb2kgcG9zc8OtdmVsIG1vdmVyIHBhcmEgYSDDoXJlYSBzZWxlY2lvbmFkYQ==
TVNJX1NFQVJDSF9JTkNMVURFRA==,QnVzY2FyIGEgcGFsYXZyYQ==
TVNJX1dJVEhEUkVXX1VTRVJT,VXN1w6FyaW8gc2FpdQ==
TVNJX0RJRE5PVF9BR1JFRQ==,Vm9jw6ogbsOjbyBjb25jb3Jkb3UgY29tIGFzIHJlZ3Jhcw==
TVNJX0FDQ09VTlRfRE9FU05PVF9FWElTVA==,RXN0YSBjb250YSBkZSBqb2dvIG7Do28gZXhpc3Rl
TVNJX0FHRV9SRVNUUklDVElPTlM=,RGlzcG9uw612ZWwgYWNpbWEgZGUgMTI=
TVNJX0FDQ09VTlRfQkxPQ0s=,QmxvcXVlYWRhIHBhcmEgYW7DoWxpc2U=
TVNJX0JVR19CTE9DSw==,QmxvcXVlYWRhIHBhcmEgYW7DoWxpc2U=
TVNJX1BMVVNFWFA3NQ==,QSBFWFAgZGUgQmFzZSBlIENsYXNzZSByZWNlYmlkYSBzZXLDoSBhdW1lbnRhZGEgdGVtcG9yYXJpYW1lbnRlLg==
TVNJX1BMVVNFWFA1MA==,QSBFWFAgZGUgQmFzZSBlIENsYXNzZSByZWNlYmlkYSBzZXLDoSBhdW1lbnRhZGEgdGVtcG9yYXJpYW1lbnRlLg==
TVNJX0ZBSUxfT1BFTl9TVE9SRQ==,U2VtIGluZm9ybWHDp8O1ZXMgc29icmUgYSB2ZW5kYQ==
TVNJX1NTSV9GQUlMRURfU0VBUkNIX0NOVA==,TsOjbyDDqSBwb3Nzw612ZWwgcmVhbGl6YXIgbWFpcyBidXNjYXM=
TVNJX1NTSV9GQUlMRURfSVRFTV9ET0VTX05PVF9FWElTVA==,TyBpdGVtIG7Do28gZXhpc3Rl
TVNJX1NTSV9GQUlMRURfTElNSVRfU0VSQUNIX1RJTUU=,TsOjbyDDqSBwb3Nzw612ZWwgYnVzY2FyIGFpbmRh
TVNJX1NTSV9UT09MVElQX09GX1NFUkFDSElOR19USEVfQ0FSRA==,SW5zaXJhIG8gcHJlZmlybyBvdSBzdWZpeG8gZGEgY2FydGE=
TVNJX1NTSV9SRVNUX09GX05VTUJFUl9PRl9TRUFSQ0hFUw==,QnVzY2FzIHJlc3RhbnRlcyA6ICVk
TVNJX1NTSV9GQUlMRURfU0VBUkNIX1NUT1JF,TmVuaHVtYSBMb2phIGVuY29udHJhZGE=
TVNJX1NTSV9GQUlMRURfUFJJQ0VfSVNOT1RfVkFMSUQ=,Rm9yYSBkbyB2YWxvcg==
TVNJX0dFTkVSQUxfRVFVSVBNRU5U,RXF1aXA=
TVNJX0NPU1RVTUVfRVFVSVBNRU5U,VmlzdWFpcw==
TVNJX01JTlVURQ==,bWludXRvcw==
TVNJX1NFQ09ORA==,c2VndW5kb3M=
TVNJX1NTSV9GQUlMRURfRU5URVJfVEhFX05BTUVfT0ZfSVRFTQ==,SW5zaXJhIG8gbm9tZSBkbyBpdGVt
TVNJX1NTSV9GQUlMRURfTkFNRV9PRl9JVEVNX0RPRVNfTk9UX0VYSVNU,TyBpdGVtIG7Do28gZXhpc3Rl
TVNJX05PVF9FWElTVF9FTlRSWU1BUA==,TWFwYSBuw6NvIGRpc3BvbsOtdmVs
TVNJX1NTSV9GQUlMRURfTkFNRV9PRl9DQVJEX0RPRVNfTk9UX0VYSVNU,TsOjbyBleGlzdGUgbyBzdWZpeG8vcHJlZml4byBzZWxlY2lvbmFkbw==
TVNJX0NBU0hfRkFJTEVEX1RPVEFMX0NOVA==,Vm9jw6ogcG9kZSBhZHF1aXJpciBubyBtw6F4aW1vIDEw
TVNJX0NBU0hfRkFJTEVEX0JVWV9TT01F,TsOjbyBmb2kgcG9zc8OtdmVsIGNvbXByYXI=
TVNJX0VOVEVSX1BFT1BMRV9CSVJUSA==,SW5zaXJhIGEgZGF0YSBkZSBuYXNjaW1lbnRvIChleDo4MDExMjIp
TVNJX1JFU1VMVF9GQUlMX1VOS05PV04=,U2Vydmlkb3IgZGVzbGlnYWRvLCByZWluaWNpYWxpemUgbyBqb2dvLg==
TVNJX1JFU1VMVF9GQUlMX0RBVEFCQVNF,VW0gZXJybyBubyBkYXRhYmFzZSBvY29ycmV1
TVNJX1JFU1VMVF9GQUlMX0dVSUxE,Vm9jw6ogZGV2ZSBkZWl4YXIgbyBjbMOjIHBhcmEgcmVtb3ZlciBvIHBlcnNvbmFnZW0=
TVNJX1JFU1VMVF9GQUlMX1BBUlRZ,Vm9jw6ogZGV2ZSBkZWl4YXIgbyBncnVwbyBwYXJhIHJlbW92ZXIgbyBwZXJzb25hZ2Vt
TVNJX1JFU1VMVF9GQUlMX0NPTkZJR1VSQVRJT04=,TsOjbyDDqSBwb3Nzw612ZWwgZGVsZXRhciBkZXZpZG8gYSBjb25maWd1cmHDp8O1ZXM=
TVNJX1JFU1VMVF9GQUlMX0RBVEU=,TsOjbyDDqSBwb3Nzw612ZWwgZGVsZXRhciBhZ29yYQ==
TVNJX1JFU1VMVF9GQUlMX0JJUlRI,QSBkYXRhIGRlIG5hc2NpbWVudG8gbsOjbyBjb25mZXJl
TVNJX1VTRVNLSUxMX0ZBSUxfUkVMQVRJT05HUkFERQ==,TmVjZXNzw6FyaW8gYXVtZW50YXIgTGVhbGRhZGU=
TVNJX1VTRVNLSUxMX0ZBSUxfU1RZTEVfQ0hBTkdFX0ZJR0hURVI=,RGlzcG9uw612ZWwgYXBlbmFzIG5vIG1vZG8gZGUgQ29tYmF0ZQ==
TVNJX1VTRVNLSUxMX0ZBSUxfU1RZTEVfQ0hBTkdFX0dSQVBQTEVS,b25seSBhdmFpbGFibGUgb24gc3R5bGUgY2hhbmdlIGdyYXBsZXIgbW9kZSBOb3ZpY2U=
TVNJX1BBUlRZX1JFR0lTVFJBVElPTl9GQUlMRUQ=,TsOjbyBmb2kgcG9zc8OtdmVsIHJlZ2lzdHJhciBvIEdydXBv
TVNJX1BBUlRZX1NFQVJDSF9GQUlMRUQ=,TsOjbyBmb2kgZW5jb250cmFkbw==
TVNJX1BBUlRZX0FEX0RFTEVURV9GQUlMRUQ=,TsOjbyBmb2kgcG9zc8OtdmVsIHJlbW92ZXIgYW7Dum5jaW9z
TVNJX1BBUlRZX05PVF9FWElTVF9BRA==,RmFsaGEuIE7Do28gaMOhIGFuw7puY2lvcyBjb20gZXN0YXMgY2FyYWN0ZXLDrXN0aWNhcw==
TVNJX1JFRlVTRV9TU09fTk9UX1BBWV9VU0VS,WW91IGRvbid0IGhhdmUgYW55IGlzc3VlZCBwYXltZW50IGluZm9ybWF0aW9u
TVNJX1NDUkVFTlNIT1RfRk9SX0VYQ0hBTkdF,VGlyYXIgU1MgZGEgdHJvY2E=
TVNJX1NDUkVFTlNIT1RfRk9SX0VYQ0hBTkdFX0NIQVJOQU1F,W1RyYWRlXyVzXQ==
TVNJX05PVElGWV9ORU9fSU5TVVJBTkNFX0lURU1fVVNF,TyAnU2VndXJvIEVzdGVuZGlkbycgZm9pIGNvbnN1bWlkbyBhdXRvbWF0aWNhbWVudGUsIHBvaXMgdm9jw6ogbW9ycmV1Lg==
TVNJX1RBTEs=,Q29udmVyc2Fy
TVNJX01BQ1JPX0RVUExJQ0FURQ==,aW1wb3Nzw612ZWwgdXNhciBkZXZpZG8gYW8gdXNvIGV4Y2Vzc2l2bw==
TVNJX01BQ1JPX1BPU1RERUxBWQ==,ZXhpc3RlIHVtIGxpbWl0ZSBkZSB1c28=
TVNJX01BQ1JPX05PVF9QT1NUREVMQVk=,bsOjbyBow6EgdW0gbGltaXRlIGRlIHVzbyBuZXN0ZSBtb21lbnRv
TVNJX1NTT19FUlJPUl9NU0c=,ZmFsaGEgYW8gY29uZWN0YXIgZGV2aWRvIGEgcmF6w6NvIGluZXNwZXJhZGEuIENvbnRhdGUgdW0gYWRtaW5pc3RyYWRvcg==
TVNJX1JFRlVTRV9TU09fQVVUSF9JTlZBTElEX1RPS0VO,ZmFsaGEgZW0gY29uZmlybWFyIGEgaW5mb3JtYcOnw6NvIGRlIGNvbmV4w6Nv
TVNJX1JFRlVTRV9TU09fQVVUSF9JTlZBTElEX1VTRVI=,Y29udGEgbsOjbyByZWdpc3RyYWRhLg==
TVNJX1JFRlVTRV9TU09fQVVUSF9JTlZBTElEX0FHRQ==,aW1wb3Nzw612ZWwgY29uZWN0YXIgZGV2aWRvIGFvIGxpbWl0ZSBkZSBpZGFkZQ==
TVNJX05DX0JVWQ==,Y29tcHJhcg==
TVNJX05DX0JMQU5L,ZXN2YXppYXIgY2FycmluaG8=
TVNJX05DX0ZJUlNUUEFHRQ==,cHJpbWVpcmEgcMOhZ2luYQ==
TVNJX05DX0xBU1RQQUdF,w7psdGltYSBww6FnaW5h
TVNJX05DX0NBVDE=,Tm92bw==
TVNJX05DX0NBVDI=,Q29uc3Vtw612ZWw=
TVNJX05DX0NBVDM=,VXRpbGl0w6FyaW8=
TVNJX05DX0NBVDQ=,RXF1aXBhbWVudG8gZGUgQWx1Z3VlbA==
TVNJX05DX0NBVDU=,Q2hhcMOpdXM=
TVNJX05DX0NBVDY=,RXF1aXBhbWVudG9zIFBlcm1hbmVudGVz
TVNJX05DX0NBVDc=,TWFzY290ZXM=
TVNJX05DX0NBVDg=,Q2FydGFz
TVNJX05DX0NPU1Q=,cHJlw6dv
TVNJX05DX05VTQ==,UXRkOg==
TVNJX05DX0NPVU5U,VW5pZGFkZShzKQ==
TVNJX05DX0ZSRUVDQVNI,Q2FzaCBncmF0dWl0byA6ICVzIEM=
TVNJX05DX0NBU0g=,Uk9QcyA6ICVz
TVNJX0NBTExNT05TVEVSX0ZBSUxfQVJFQQ==,SW1wb3Nzw612ZWwgaW52b2NhciBtb25zdHJvcyBuZXNzYSDDoXJlYQ==
TVNJX0JVWV9DQVNIX0ZBSUwy,VG90YWwgZGUgY2FzaCBncmF0dWl0byBmb2kgZXhjZWRpZG8=
TVNJX01BQ1JPX1NBVkVfREFUQQ==,SW5mb3JtYcOnw6NvIHNlcsOhIHNhbHZhIGVtIFtTYXZlRGF0YV9FeE1hY3JvJWRd
TVNJX0lURU1fUkVVU0VfTElNSVRfU0VDT05E,w4kgcG9zc8OtdmVsIHVzYXIgJWQgc2VndW5kb3MgbWFpcyB0YXJkZQ==
TVNJX0ZBSUxfTkVFRF9FUVVJUFBFRF9TUEVBUg==,RGV2ZSB0ZXIgW0xhbsOnYV0gZXF1aXBhZGE=
TVNJX1VTRVNLSUxMX0ZBSUxfRFJBR09O,RGlzcG9uw612ZWwgYXBlbmFzIG5vIGRyYWfDo28=
TVNJX09WRVJfQ09OTkVDVF9VU0VS,SW1wb3Nzw612ZWwgcHJvY2VkZXIgZGV2aWRvIGEgZXhjZWRlciBhIGNhcGFjaWRhZGU=
TVNJX0FVVEhFTlRJQ0FURQ==,w4kgbmVjZXNzw6FyaW8gaWRlbnRpZmljYXIgbyBub21lIHJlYWwuIE1vdmVyIHBhcmEgdW0gc2l0ZSBkZSBjZXJ0aWZpY2HDp8Ojbw==
TVNJX1NFTEVDVF9TQVZFU0xPVA==,U2VsZWNpb25lIG8gbG9jYWwgZW0gcXVlIHZvY8OqIGRlc2VqYSBzYWx2YXI=
TVNJX0JST0FEQ0FTVElOR19TUEVDSUFMX0lURU1fT0JUQUlOMg==,UGFyYWLDqW5zICVzLCAgYWRxdWlyaXUgJyVzJyAh
TVNJX05PVFVTRV9HUk9PTVk=,SW1wb3Nzw612ZWwgdXRpbGl6YXIgbmVzc2UgZXN0YWRv
TVNJX0JVWUlOR1NUT1JFX09WRVJGTE9XX01PTkVZ,RXhjZWRldSBvIHByZcOnbyBkZSBwcm9kdXRvcyBjb21wcmFkb3Mu
TVNJX1BSRVZFTlRfUEFSVFlfSk9JTg==,TsOjbyBwb2RlIGFjZWl0YXIgbmluZ3XDqW0gbm8gZ3J1cG8gbmVzdGUgbWFwYQ==
TVNJX1BSRVZFTlRfUEFSVFlfTEVBVkU=,TsOjbyBwb2RlIHJldGlyYXIgbmluZ3XDqW0gZG8gZ3J1cG8gbmVzdGUgbWFwYQ==
TVNJX1BSRVZFTlRfUEFSVFlfRVhQRUw=,TsOjbyBwb2RlIGRlc2ZhemVyIG8gZ3J1cG8gbmVzdGUgbWFwYQ==
TVNJX1NET19SRUFMTkFNRQ==,Tm9tZSByZWFs
TVNJX1NET19JRF9OVU1CRVI=,TsO6bWVybyBkZSBpZGVudGlmaWNhw6fDo28=
TVNJX1NET19FTUFJTA==,RW1haWw=
TVNJX1NET19XUk9OR19WQUxVRQ==,Q29tYW5kbyBpbmNvcnJldG8=
TVNJX01DU1RPUkVfRkFJTF9TRUxMRVJfTU9ORVlfR0lWRQ==,RmFsaGEgYW8gcGFnYXIuIE8gdmVuZGVkb3Igb3Ugdm9jw6ogYXRpbmdpdSBvIGxpbWl0ZSBkZSB6ZW55cyBwZXJtaXRpZG8=
TVNJX0lOVkFMSURfQ0xBU1M=,TsOjbyDDqSB1bWEgY2xhc3NlIHJlbGV2YW50ZQ==
TVNJX0lOVkFMSURfR0VOREVS,TsOjbyDDqSB1bSBzZXhvIHJlbGV2YW50ZQ==
TVNJX1NVQ0NFU1NfQVVUSEVOVElDQVRF,SWRlbnRpZmljb3UgYSBpbmZvcm1hw6fDo28gZG8gdXN1w6FyaW8gY29tIHN1Y2Vzc28=
TVNJX0lOVkFMSURfUkVBTE5BTUU=,Tm9tZSBpbmNvcnJldG8sIHBvciBmYXZvciB0ZW50ZSBub3ZhbWVudGU=
TVNJX0lOVkFMSURfSUROVU1CRVI=,TsO6bWVybyBkZSBpZGVudGlmaWNhw6fDo28gaW5jb3JyZXRvLCB0ZW50ZSBub3ZhbWVudGU=
TVNJX0lOVkFMSURfQVVUSEVOVElDQVRF,QWxnbyBlcnJhZG8gY29tIG8gc2VydmnDp28sIHRlbnRlIG5vdmFtZW50ZSBtYWlzIHRhcmRl
TVNJX0NBTk5PVF9BVFRBQ0tfSU5fUklESU5HX1NUQVRF,SW1wb3Nzw612ZWwgYXRhY2FyIG5lc3RlIG1vZG8=
TVNJX0NBTk5PVF9VU0VfU0tJTExfSU5fUklESU5HX1NUQVRF,SW1wb3Nzw612ZWwgY29uanVyYXIgbmVzdGUgbW9kbw==
TVNJX1NUT1JFX1BBU1NXT1JEXzRfNg==,TsO6bWVybyBkZSBQaW4gZGV2ZSB0ZXIgNCBjYXJhY3RlcmVz
TVNJX1NFQ09ORF9QQVNTV09SRF9MT0dJTl9TVUNDRVNT,TG9nLWluIHJlYWxpemFkbyBjb20gc3VjZXNzbw==
TVNJX1NFQ09ORF9QQVNTV09SRF9NQUtFX1NVQ0NFU1M=,UElOIGNhZGFzdHJhZG8gY29tIHN1Y2Vzc28=
TVNJX1NFQ09ORF9QQVNTV09SRF9ERUxfU1VDQ0VTUw==,U2VndW5kYSBzZW5oYSBkZWxldGFkYQ==
TVNJX1NFQ09ORF9QQVNTV09SRF9FRElUX1NVQ0NFU1M=,U2VndW5kYSBzZW5oYSBjb3JyaWdpZGE=
TVNJX1NFQ09ORF9QQVNTV09SRF9MT0dJTl9GQUlMRUQ=,TyBQSU4gZXN0YSBpbmNvcnJldG8sIHRlbnRlIG5vdmFtZW50ZQ==
TVNJX1NFQ09ORF9QQVNTV09SRF9NQUtFX0ZBSUxFRA==,ZmFsaGEgYW8gY3JpYXIgc2VndW5kYSBzZW5oYQ==
TVNJX1NFQ09ORF9QQVNTV09SRF9ERUxfRkFJTEVE,ZmFsaGEgYW8gZGVsZXRhciBzZWd1bmRhIHNlbmhh
TVNJX1NFQ09ORF9QQVNTV09SRF9FRElUX0ZBSUxFRA==,ZmFsaGEgYW8gY29ycmlnaXIgc2VndW5kYSBzZW5oYQ==
TVNJX1NFQ09ORF9QQVNTV09SRF9FRElUX1JFU1RSSUNUX1BX,UElOIGludsOhbGlkby4gUG9yIGZhdm9yLCBuw6NvIHVzZSBzZXF1w6puY2lhcyBvdSBuw7ptZXJvcyByZXBldGlkb3Mu
TVNJX1NFQ09ORF9QQVNTV09SRF9FRElUX1BFUlNPTkFMTlVNX1BX,SW1wb3Nzw612ZWwgdXRpbGl6YXIgbyBuw7ptZXJvIGRlIHJlc2lkw6puY2lh
TVNJX1NFQ09ORF9QQVNTV09SRF9NQUtFX0RVUExJQ0FURURfUFc=,Q8OzZGlnbyBkZSBzZWd1cmFuw6dh
TVNJX1NFQ09ORF9QQVNTV09SRA==,SW5zZXJpciBzZW5oYSAoNCBjYXJhY3RlcmVzKQ==
TVNJX1NFQ09ORF9QQVNTV09SRF9JTlBVVA==,RGVmaW5hIHVtIFBJTiBwYXJhIHN1YSBzZWd1cmFuw6dh
TVNJX1NFQ09ORF9QQVNTV0RSRF9OT1RfQVZBSUxBQkxFX1NVQ0NFU1M=,Q8OzZGlnbyBkZSBzZWd1cmFuw6dhIG7Do28gZXN0w6EgZW0gdXNv
TVNJX1NFQ09ORF9QQVNTV0RSRF9OT1RfQVZBSUxBQkxFX0ZBSUxFRA==,RmFsaGEgYW8gZGVmaW5pciBjw7NkaWdvIGRlIHNlZ3VyYW7Dp2E=
TVNJX1NFQ09ORF9QQVNTV0RSRF9BVkFJTEFCTEVfU1VDQ0VTUw==,Q8OzZGlnbyBkZSBzZWd1cmFuw6dhIGF0aXZhZG8uIFNlcsOhIHVzYWRvIG5hIHByw7N4aW1hIHZleg==
TVNJX1NFQ09ORF9QQVNTV0RSRF9BVkFJTEFCTEVfRkFJTEVE,RmFsaGEgYW8gZGVmaW5pciBjw7NkaWdvIGRlIHNlZ3VyYW7Dp2E=
TVNJX1NFQ09ORF9QQVNTV09SRF9JTkZPXzE=,VXRpbGl6ZSB1bSBDw7NkaWdvIFBJTiBwYXJhIHN1YSBzZWd1cmFuw6dh
TVNJX1NFQ09ORF9QQVNTV09SRF9JTkZPXzI=,Q2xpcXVlIGVtIHVtYSBzZXF1w6puY2lhIGRlIDQgbsO6bWVyb3M=
TVNJX1NFQ09ORF9QQVNTV09SRF9JTkZPXzM=,RmVjaGFuZG8gYXDDs3MgaW5zZXJpciBvIFBJTiBpbmNvcnJldGFtZW50ZSAzIHZlemVzLg==
TVNJX01BQ1JPX0lURU0=,SVRFTQ==
TVNJX01BQ1JPX1NLSUxM,SEFCSUxJREFERQ==
TVNJX01BQ1JPX1RBQ1RJQw==,VMOBVElDQQ==
TVNJX01BQ1JPX0VUQw==,RVRDLg==
TVNJX01BQ1JPX0NPTUJBVA==,Q09NQkFURQ==
TVNJX01BQ1JPX05PTl9DT01CQVQ=,Rk9SQSBERSBDT01CQVRF
TVNJX01BQ1JPX0JVRkY=,TUVMSE9S
TVNJX01BQ1JPX0FVVE9fRVFVSVBFRA==,QVVUTyBFUVVJUEFETw==
TVNJX01BQ1JPXzFTVF9BVFRBQ0s=,UFJJTUVJUk8gQVRBUVVF
TVNJX01BQ1JPX0FUVEFDSw==,QVRBUVVF
TVNJX01BQ1JPX05FWFRfQVRLX1RJTUU=,VGVtcG8gcGFyYSBwcsOzeGltbyBhdGFxdWUgOg==
TVNJX01BQ1JPX1dIRU5fRElFRA==,cXVhbmRvIG1vcnJldQ==
TVNJX01BQ1JPX1dIRU5fSU5WSVRFRF9QQVJUWQ==,cXVhbmRvIGNvbnZpZGFkbyBhIHVtIGdydXBv
TVNJX01BQ1JPX1BJQ0tVUF9JVEVN,cmVjb2xoZXIgaXRlbQ==
TVNJX01BQ1JPX09WRVJXRUlHSFQ=,QWNpbWEgZGUgODUlIGRvIHBlc28=
TVNJX0JVU1k=,UG9yIGZhdm9yLCBwcmltZWlybyB0ZXJtaW5lIGVzc2UgcHJvY2Vzc28gZSBkZXBvaXMgdGVudGUgbm92YW1lbnRlLihEacOhbG9nbywgUmVmaW5vLCBldGMp
TVNJX1BMVVNPTkxZSk9CRVhQMg==,RHVyYW50ZSAlZCBtaW51dG9zLCBhIHF1YW50aWRhZGUgZGUgSm9iIEVYUCByZWNlYmlkYSBhbyBkZXJyb3RhciBtb25zdHJvcyBzZXLDoSBkZSAlLjJmIHZlemVz
TVNJX01BQ1JPX1NBVkU=,U2F2ZURhdGFfRXhNYWNybyVk
TVNJX01BQ1JPX1NBVkVfREFUQTI=,U3VhIGNvbmZpZ3VyYcOnw6NvIGZvaSBzYWx2YSBlbSBbJXNd
TVNJX1NFQ09ORF9QQVNTV09SRF9MRVZFTA==,TsOtdmVsIGRlIFNlZ3VyYW7Dp2E=
TVNJX1JFU1VMVF9GQUlMX0NIQVJfREVMRVRF,UG9yIGZhdm9yLCByZXRpcmUgbyBwZXJzb25hZ2VtIGRvIGdydXBvIGUvb3UgY2zDoyBwYXJhIHNlciBkZWxldGFkby4=
TVNJX1VTRVNLSUxMX0ZBSUxfTkVFUl9XQUxM,Vm9jw6ogcG9kZSB1dGlsaXphciBlc3NhIGhhYmlsaWRhZGUgYXBlbmFzIHByw7N4aW1vIGEgbXVyb3MgLg==
TVNJX1NFRUtfUEFSVFlfU0VU,JXMgOiBOw612ZWwgJWQgJXMgcHJvY3VyYW5kbyBncnVwbw==
TVNJX0ZBSUVMRF9SSURJTkdfT1ZFUkxBUFBFRA==,Vm9jw6ogbsOjbyBwb2RlIHV0aWxpemFyIGVzdGUgaXRlbSBkZSBtb250YXJpYSBlbnF1YW50byBlc3RpdmVyIHVzYW5kbyBtb250YXJpYS4=
TVNJX1VTRVNLSUxMX0ZBSUxfTkVFRF9FWFBfMVBFUkNFTlQ=,Vm9jw6ogcHJlY2lzYSBkZSAxJSBkZSBFWFAgcGFyYSB1dGlsaXphciBlc3NhIGhhYmlsaWRhZGUu
TVNJX0VYUF9NU0c=,VGF4YSBkZSBFIFggUCA6
TVNJX0RST1BfTVNH,VGF4YSBkZSBEUk9QOg==
TVNJX0RFQVRIX01TRw==,UGVuLiBkZSBNb3J0ZSA6
TVNJX0JBU0lDX0VYUF9NU0c=,JWQlJSAoUEMgY2FmZSAlZCUlICsgVFBMVVMgJWQlJSArIHByZW1pdW0gJWQlJSArICVzIHNlcnZlciAlZCUlKQ==
TVNJX1VTRVNLSUxMX0ZBSUxfQ0hPUlVTX1NQX0lOU1VGRklDSUVOVA==,UXVhbnRpZGFkZSBkZSBTUCBkb3MgbWVtYnJvcyBkbyBncnVwbyBuw6NvIMOpIHN1ZmljaWVudGUgcGFyYSB1c2FyICdDYW50byBkZSBiYXRhbGhhJw==
TVNJX0NIQVJBQ1RFUl9JU19PVkVSX0NPVU5U,Vm9jw6ogbsOjbyBwb2RlIHJlYWxpemFyIGEgdHJvY2EgcG9ycXVlIGVzc2UgcGVyc29uYWdlbSBwb3NzdWkgbXVpdG9zIHRpcG9zIGRlIGl0ZW5z
TVNJX0NIQVJBQ1RFUl9JU19FQUNISVRFTV9PVkVSX0NPVU5U,Vm9jw6ogbsOjbyBwb2RlIHJlYWxpemFyIGEgdHJvY2EgcG9ycXVlIGVzc2UgcGVyc29uYWdlbSBhdGluZ2l1IG8gbGltaXRlIGRlIGl0ZW5zLg==
TVNJX1BVUkNIQVNFX0ZBSUxfRUFDSElURU1fQ09VTlQ=,Vm9jw6ogasOhIHBvc3N1aSBvIGxpbWl0ZSBkZXNzZSBpdGVtLg==
TVNJX1BBUlRZX0ZBSUxFRF9USU1FT1VU,QWd1YXJkZSBvIFJlZ2lzdHJvIGRvIEFuw7puY2lvLg==
TVNJX1VORVhDRVBUSU9OX01TRzFTVA==,UG9yIGZhdm9yLCBlbmNhbWluaGUgdW0gYXJxdWl2byBjb20gYXMgaW5mb3JtYcOnw7VlcyBuZWNlc3PDoXJpYXMgcGFyYSBzdWEgXHJcbiBDZW50cmFsIGRlIEF0ZW5kaW1lbnRvLlxyXG4=
TVNJX0lOR0FNQkFfQklMTElOR19aU1ZSX0VSUk9S,ZXhpc3RlIHVtIGVycm8gbm8gc2lzdGVtYSBkZSBiaWxsaW5nKCVkKQ==
TVNJX0NBU0hfRkFJTEVEX1JVTkVfT1ZFUkNPVU5U,U3VhIGNvbXByYSBmYWxob3UuIFZvY8OqIGrDoSBwb3NzdWkgbXVpdGFzIHJ1bmFzLg==
TVNJX0NBU0hfRkFJTEVEX0VBQ0hJVEVNX09WRVJDT1VOVA==,U3VhIGNvbXByYSBmYWxob3UuIE8gbsO6bWVybyBkZSBjYWRhIGl0ZW0gZXhjZWRldSBvIGxpbWl0ZSAu
TVNJX0NBU0hfRkFJTEVEX1VOS09XTg==,U3VhIGNvbXByYSBmYWxob3UuIEVycm8gZGVzY29uaGVjaWRvLg==
TVNJX0NBU0hfRkFJTEVEX0JVU1k=,UG9yIGZhdm9yLCB0ZW50ZSBtYWlzIHRhcmRlLg==
TVNJX1VTRVNLSUxMX0ZBSUxfTkVFRF9FUVVJUE1FTlRfS1VOQUk=,Vm9jw6ogcHJlY2lzYSBlcXVpcGFyIFtLdW5haV0gcGFyYSB1dGlsaXphciBlc3NhIGhhYmlsaWRhZGUu
TVNJX1NFRUtfUEFSVFlfTEVWRUxfSEVMUA==,UG9yIGZhdm9yLCBpbnNpcmEgdW0gbsOtdmVsIG3DrW5pbW8u
TVNJX0ZBSUxFRF9HRVRfSVRFTV9GUk9NX1pPTkVEQQ==,Vm9jw6ogbsOjbyBwb2RlIGFkcXVpcmlyIGl0ZW5zIGRvIE5QQyBab25kYS4gQ2VydGlmaXF1ZS1zZSBkZSBwb3NzdWlyIGVzcGHDp28gZW0gc2V1IGludmVudMOhcmlvLg==
TVNJX1VTRVNLSUxMX0ZBSUxfU0laRQ==,RXN0YSBoYWJpbGlkYWRlIGVzdMOhIGRpc3BvbsOtdmVsIGFwZW5hcyBwYXJhIG9zIG1hcGFzIGRlIGd1ZXJyYS4=
TVNJX1VTRVNLSUxMX0ZBSUxfVE9UQVJHRVRfUExBWUVS,RXN0YSBoYWJpbGlkYWRlIGVzdMOhIGRpc3BvbsOtdmVsIGFwZW5hcyBwYXJhIHBlcnNvbmFnZW5zLg==
TVNJX0NBTl9OT1RfRVFVSVBfSVRFTV9GT1JCSUQ=,Vm9jw6ogbsOjbyBwb2RlIGVxdWlwYXIgaXNzbyBuZXNzZSBtb21lbnRvLg==
TVNJX1VTRVNLSUxMX0ZBSUxfVEhFUkVfQVJFX05QQ19BUk9VTkQ=,Vm9jw6ogbsOjbyBwb2RlIHVzYXIgbyAnY2hhdCcgb3UgJ3ZlbmRlcicgbmVzc2EgbG9jYWxpemHDp8Ojby4=
TVNJX1JFUExBWV9FTEFQU0VEVElNRQ==,VGVtcG8gZGVjb3JyaWRvOiAlZDolZDolZCAvICVkOiVkOiVk
TVNJX1JFUExBWV9TUEVFRDFfNA==,VmVsb2NpZGFkZSA6IFggMS80
TVNJX1JFUExBWV9TUEVFRDFfMg==,VmVsb2NpZGFkZSA6IFggMS8y
TVNJX1JFUExBWV9TUEVFRDE=,VmVsb2NpZGFkZSA6IFggMQ==
TVNJX1JFUExBWV9TUEVFRDI=,VmVsb2NpZGFkZSA6IFggMg==
TVNJX1JFUExBWV9TUEVFRDQ=,VmVsb2NpZGFkZSA6IFggNA==
TVNJX1JFUExBWV9TUEVFRDg=,VmVsb2NpZGFkZSA6IFggOA==
TVNJX1JFUExBWV9TUEVFRDE2,VmVsb2NpZGFkZSA6IFggMTY=
TVNJX1JFUExBWV9TUEVFRFVOS05PV04=,VmVsb2NpZGFkZSA6IGRlc2NvbmhlY2lkYQ==
TVNJX1JFUExBWV9DSFJWSUNFSU5GTw==,SW5mbyBkZSBzZXJ2acOnbyA6ICVz
TVNJX1JFUExBWV9DSEFSQUNURVJOQU1F,Tm9tZSBkbyBQZXJzb25hZ2VtIDogJXM=
TVNJX1JFUExBWV9NQVBOQU1F,Tm9tZSBkbyBNYXBhIDogJXM=
TVNJX1JFUExBWV9SRUNPUkRUSU1F,VGVtcG8gUmVjb3JkZTogJWQtJTAxZC0lMDFkICVkOiAlMDJkOiAlMDJk
TVNJX1JFUExBWV9QTEFZVElNRQ==,SG9yYXMgZGUgSm9nbzogJTAyZDogJTAyZDogJTAyZA==
TVNJX1JFUExBWV9OT1JFUExBWUZJTEU=,U2VtIGFycXVpdm8gZGUgUmVwbGF5Lg==
TVNJX1JFUExBWV9TRVJWRVJOT01BVENI,U2Vydmlkb3IgbsOjbyByZXNwb25kZW5kbw==
TVNJX1JFUExBWV9SRVBMQVlPUFRJT05TRVRUSU5H,T3DDp8O1ZXMgZGUgUmVwbGF5
TVNJX1JFUExBWV9FTlRFUlRIRUZJTEVOQU1F,UG9yIGZhdm9yLCBpbnNpcmEgbyBub21lIGRvIGFycXVpdm8u
TVNJX1JFUExBWV9TRVRSRVBMQVlTQVZFREFUQQ==,U2FsdmFyIGRhZG9zIGRvIFJlcGxheQ==
TVNJX1JFUExBWV9TRVRSRUNPUFRJT04=,RGVmaW5pciBPcMOnw6NvIGRlIEdyYXZhw6fDo28=
TVNJX1JFUExBWV9HQUdFUE9TMQ==,JS4xZiAlJSBQb3PCosOROiVkOiVkOiVk
TVNJX1JFUExBWV9HQUdFUE9TMg==,JS4xZiAlJSBQb3PCosOROm7Do28gcG9kZSBzZSBtb3Zlcg==
TVNJX1JFUExBWV9TVEFSVA==,SW5pY2lhcg==
TVNJX1JFUExBWV9TVE9Q,UGFyYXI=
TVNJX1JFUExBWV9TVEFSVDI=,aW5zZXJpciBub21lIGRvIGFycXVpdm8gLT4gSW5pY2lhcg==
TVNJX1JFUExBWV9PUEVOT1BUSU9O,QWJyaXIgT3DDp8O1ZXM=
TVNJX1JFUExBWV9DTE9TRU9QSU9O,RmVjaGFyIE9ww6fDtWVz
TVNJX1JFUExBWV9FTkQ=,Rmlt
TVNJX1JFUExBWV9USU1F,VGVtcG8=
TVNJX1JFUExBWV9QQVJUWUZSSUVORA==,R3J1cG8gJiBBbWlnb3M=
TVNJX1JFUExBWV9DSEFU,QmF0ZS1QYXBv
TVNJX1JFUExBWV9TSE9SVENVVFM=,QXRhbGhv
TVNJX1JFUExBWV9BVVRPTUFUSUNGSUxFTkFNRQ==,QXV0byBjcmlhw6fDo28gZGUgbm9tZSBkbyBhcnF1aXZv
TVNJX1JFUExBWV9DSEVDS0lOR0ZJTEU=,Q2hlY2FuZG8gU3Vic2NyacOnw6Nv
TVNJX1JFUExBWV9USEVTQU1FRklMRUVYSVNUUw==,RXN0ZSDDqSBvIG1lc21vIG5vbWUgZG8gYXJxdWl2bw==
TVNJX1JFUExBWV9SRUNPUkRTVEFSVA==,SW7DrWNpbyBkbyByZWdpc3Rybw==
TVNJX1JFUExBWV9SRUNPUkRFTkQ=,Zm9pIHNhbHZvLg==
TVNJX1dFSUdIVA==,UGVzbyA6ICUzZCAvICUzZA==
TVNJX1RPVEFM,VG90YWw6ICVzIFJPUHM=
TVNJX0ZBSUxfTkVFRF9FUVVJUFBFRF9TWVVSSUtFTg==,Vm9jw6ogcHJlY2lzYSBlcXVpcGFyIFtTaHVyaWtlbl0gcGFyYSB1c2FyIGVzc2EgaGFiaWxpZGFkZS4=
TVNJX19CQVNJQ19NU0dfQkFTRQ==,TsOtdmVsIGLDoXNpY28uICVk
TVNJX19CQVNJQ19NU0dfSk9C,Q2xhc3NlIEx2LiAlZA==
TVNJX0JBU0lDX01TR19aRU5Z,TXVsaGVyZXM=
TVNJX0dSQVBISUNfTVNHX1RSSUxJTkVBUg==,VHJpbGluZWFy
TVNJX0dSQVBISUNfTVNHX0FUVEFDSw==,YXRhcXVl
TVNJX0dSQVBISUNfTVNHX1NLSUxM,aGFiaWxpLg==
TVNJX0dSQVBISUNfTVNHX0lURU0=,aXRlbQ==
TVNJX0dSQVBISUNfTVNHX05PQ1RSTA==,U2VtQ3RybA==
TVNJX0dSQVBISUNfTVNHX0JBVFRMRQ==,R2VyZW5jaWFkb3IgZGUgSW5zdMOibmNpYXM=
TVNJX0NIQVJBQ1RFUl9NU0dfQ0hBUkFDVEVSVE9UQUxTTE9U,KFBlcnNvbmFnZW5zIC8gVG90YWwp
TVNJX0NIQVJBQ1RFUl9NU0dfUFJFTUlVTVNFUlZJQ0U=,U2VydmnDp28gUHJlbWl1bQ==
TVNJX0NIQVJBQ1RFUl9NU0dfUFJFTUlVTQ==,UHLDqm1pbw==
TVNJX0NIQVJBQ1RFUl9NU0dfU0VSVklDRQ==,U2VydmnDp28=
TVNJX0NIQVJBQ1RFUl9NU0dfQklMTElOR1NFUlZJQ0U=,U2VydmnDp28gZGUgY29icmFuw6dh
TVNJX0NIQVJBQ1RFUl9NU0dfQklMTElORw==,Q29icmFuw6dh
TVNJX01TR19DT01NQU5ETElTVA==,TGlzdGEgZGUgQ29tYW5kb3M=
TVNJX1NFRUtfUEFSVFlfTEVWRUw=,TsONVkVM
TVNJX1NFRUtfUEFSVFlfTUFQ,TUFQQQ==
TVNJX1NFRUtfUEFSVFlfSk9C,Q0xBU1NF
TVNJX01TR19OT1RBVkFJTEFCTEU=,SW5kaXNwb27DrXZlbA==
TVNJX01TR19TVVBFUk5PVklDRV9DSE9QT0tHSV9DQVBQRURMRVZFTA==,W0Fuam8gR3VhcmRpw6NvXSBTZSB2b2PDqiBlc3RpdmVyIG5vIG7DrXZlbCBtw6F4aW1vLCBuw6NvIHBvZGVyw6EgdXNhciBpc3NvLg==
TVNJX0NIQU5HRV9DSEFSQUNURVJfU0xPVA==,Vm9jw6ogY29uZmlybWEgYSBtdWRhbsOnYSBkZSBTbG90Pw==
TVNJX0NIQU5HRV9DSEFSQUNURVJfU0xPVF9GQUlMRUQ=,T2NvcnJldSB1bSBlcnJvIG5hIG11ZGFuw6dhIGRlIFNsb3Qu
TVNJX0NIQVJBQ1RFUk5BTUVfRVJST1I=,Q2hhcmFjdGVyIG5hbWUgaXMgd3Jvbmcu
TVNJX1FVRVNUX0RJU1BMQVlfT05PRkY=,RXhpYmlyIE1pc3PDtWVz
TVNJX1NIVVRET1dOX0FMRVJUX01TRw==,VGhlIGdhbWUgd2lsbCBiZSBsaW1pdGVkIHRvIHVuZGVyIDE2IGFnZSBkdXJpbmcgMH42YW0gYnkgbGF3Lg==
TVNJX0JBTl9TSFVURE9XTl9URUVOQUdFUg==,QnkgdGhlIEtvcmVhbiBsYXcsIHRoZSB1bmRlciAxNiBhZ2UgdXNlcnMgd2lsbCBiZV5mZjAwMDBsaW1pdGVkIHRvIHBsYXkgZ2FtZXMgdW50aWwgMH42YW1eMDAwMDAwYW5kIGdhbWUgd2lsbCBiZSBjbG9zZWQu
TVNJX0ZBSUxFRF9SRU5BTUVfQkVMT05HU19UT19HVUlMRA==,UGFyYSBxdWUgdm9jw6ogY29uc2lnYSBtdWRhciBvIG5vbWUgZG8gc2V1IHBlcnNvbmFnZW0sIMOpIG5lY2Vzc8OhcmlvIHF1ZSB2b2PDqiBkZWl4ZSBzZXUgY2zDoy4=
TVNJX0ZBSUxFRF9SRU5BTUVfQkVMT05HU19UT19QQVJUWQ==,UGFyYSBxdWUgdm9jw6ogY29uc2lnYSBtdWRhciBvIG5vbWUgZG8gc2V1IHBlcnNvbmFnZW0sIMOpIG5lY2Vzc8OhcmlvIHF1ZSB2b2PDqiBkZWl4ZSBzZXUgZ3J1cG8u
TVNJX0ZBSUxFRF9SRU5BTUVfVU5LT1dO,TyBub21lIGRvIHBlcnNvbmFnZW0gbsOjbyBwb2RlIHNlciBhbHRlcmFkbyBkZXZpZG8gYSB1bSBlcnJvIGRlc2NvbmhlY2lkby4=
TVNJX0NIQVJTTE9UX0NIQU5HRV9EVVBMSUNBVEU=,Vm9jw6ogasOhIHBvZGUgdHJvY2FyIG8gc2xvdCBkZXN0ZSBwZXJzb25hZ2VtLiBWw6EgYXTDqSBhIHRlbGEgZGUgU2VsZcOnw6NvIGRlIFBlcnNvbmFnZW5zLiglZCk=
TVNJX0NIQVJOQU1FX0NIQU5HRV9EVVBMSUNBVEU=,Vm9jw6ogasOhIGVzdMOhIHByb250byBwYXJhIHRyb2NhciBvIG5vbWUuIFZlcmlmaXF1ZSBhIHRlbGEgZGUgU2VsZcOnw6NvIGRlIFBlcnNvbmFnZW5zLiglZCk=
TVNJX0ZBSUxFRF9SRU5BTUVfT1ZFUl9MRU5HVEg=,TyBub3ZvIG5vbWUgZXN0w6EgbXVpdG8gbG9uZ28uIEEgdHJvY2EgZGUgbm9tZSBuw6NvIG9jb3JyZXUu
TVNJX0ZBSUxFRF9SRU5BTUVfUFJFVkVOVE5BTQ==,Vm9jw6ogbsOjbyBwb2RlIHVzYXIgZXNzYSBwYWxhdnJhIG5vIG5vbWUuIEEgdHJvY2EgZGUgbm9tZSBuw6NvIG9jb3JyZXUu
TVNJX0ZBSUxFRF9SRU5BTUVfRk9SQklEREVO,TyBub21lIGVzY29saGlkbyBjb250w6ltIGNhcmFjdGVyZShzKSBpbnbDoWxpZG8ocyksIHBvciBmYXZvciwgZXNjb2xoYSBvdXRyby4=
TVNJX0NPTVBMRVRFX0hVTlRJTkdfUVVFU1Q=,Q29tcGxldG8=
TVNJX1BMVVNFWFBfVkFMVUU=,RVhQIGF1bWVudGFkYSB0ZW1wb3JhcmlhbWVudGUu
TVNJX1BBUlRZX1JFQ0FMTF9USU1F,SXQgaXMgJTAyZCBzZWMgbGVmdCB0byBzdW1tb24u
TVNJX1BBUlRZX1JFQ0FMTF9JTkZP,UGFydHkgbGVhZGVyIGlzIHN1bW1vbmluZyB5b3UgdG8gJXMgKCVzKS4gV2hlbiB5b3UgYXJlIHN1bW1vbmVkLCAlZCB6ZW55IHdpbGwgYmUgY29uc3VtZWQu
TVNJX1JFQ0FMTF9UQVJHRVQ=,c3VtbW9uaW5nIHRhcmdldA==
TVNJX1BBUlRZX0JMQUNLTElTVA==,TGlzdGEgZGUgQmxvcXVlYWRvcw==
TVNJX1BBUlRZX0NGX1BBWQ==,SW4gb3JkZXIgdG8gYWRkIFBhcnR5IGFkdmVydGlzZW1lbnQgJWQgemVueSB3aWxsIGJlIGNvbnN1bWVkLg==
TVNJX1BBUlRZX0NGX1BBWV9TSE9SVEFHRV9DT1NU,WW91IGhhdmUgbm90IGVub3VnaCB6ZW55IHRvIGFkZCBQYXJ0eSBhZHZlcnRpc2VtZW50Lg==
TVNJX1BBUlRZX0FERF9PSw==,QXBwcm92ZSApIFBhcnR5IHJlZ2lzdGVy
TVNJX1BBUlRZX0FERF9SRUZVU0VT,ZGVueSApIHBhcnR5IHJlZ2lzdGVy
TVNJX1BBUlRZX0lURU1fVklFVw==,U2VlICkncyBlcXVpcHBtZW50IHdpbmRvdw==
TVNJX1NFRUtfUEFSVFlfTUVNT19IRUxQ,UG9zc2libGUgdG8gdHlwZSAxOCBjaGFyYWN0ZXJzIGluIEtvciwgMzYgY2hhcmFjdGVycyBpbiBhbHBoYWJldA==
TVNJX1BBUlRZX1JFUVVFU1Q=,QXBsaWNhcg==
TVNJX0RJUkVDVF9DSEFU,TWVuc2FnZW0gUGFydGljdWxhcg==
TVNJX0FERF9CTEFDS0xJU1Q=,QmxvcXVlYXI=
TVNJX1BBUlRZX1JFQ1JVSVRfTk9UX1JFQ0FMTF9QQVk=,WW91IGhhdmUgbm90IGVub3VnaCB6ZW55IHRvIGJlIHN1bW1vbmVkIGZyb20gdGhlIHBhcnR5IGxlYWRlci4=
TVNJX1BBUlRZX1JFQ1JVSVRfTUVNT19FUlJPUg==,UGxlYXNlIHdyaXRlIHRoZSBwYXJ0eSBhZCBpbiBtZW1vLg==
TVNJX1BBUlRZX1JFQ1JVSVRfRVJST1I=,T25seSBwYXJ0eSBsZWFkZXIgY2FuIGFkZCBwYXJ0eSBhZHZlcnRpc2VtZW50Lg==
TVNJX1BBUlRZX1JFRlVTRV9FUlJPUg==,SXQgaXMgYWxyZWFkeSBhZGRlZCBwYXJ0eSBhZHZlcnRpc21lbnQu
TVNJX1BBUlRZX1JFQ1JVSVRfSU5GTw==,Q29udGVudA==
TVNJX0lOVkVOVE9SWV9UQUJOQU1FXzE=,RVFVSVBT
TVNJX0lOVkVOVE9SWV9UQUJOQU1FXzM=,RkFW
TVNJX0lURU1fRFJPUF9MT0NL,QmxvcXVlYXIgRHJvcA==
TVNJX1BBUlRZX1JFQ1JVSVRfQUxSQU0=,Tm90aWNlIHRvIGZpbmQgcGFydCBtZW1iZXJz
TVNJX0NSRUFURV9QQVJUWQ==,Q3JpYXIgR3J1cG8=
TVNJX1dJVEhEUkFXX1BBUlRZ,U2FpciBkbyBHcnVwbw==
TVNJX0lOVklURV9QQVJUWQ==,Q29udmlkYXIgcGFyYSBHcnVwbw==
TVNJX1BVVF9QQVJUWV9OQU1FX0lO,Tm9tZSBkbyBHcnVwbw==
TVNJX1BVVF9QTEFZRVJfTkFNRV9JTg==,Tm9tZSBkbyBwZXJzb25hZ2Vt
TVNJX0NIQVJBQ1RFUl9QQVJUWV9JTlZJVEFUSU9OX1RPX0pPSU4=,cmVjZWJldSBvIGNvbnZpdGUgcGFyYSBvIGdydXBvLg==
TVNJX0NIQVJBQ1RFUl9SRUpFQ1RfUEFSVFlfSU5WSVRBVElPTg==,cmVjdXNvdSBvIGNvbnZpdGUgZG8gZ3J1cG8u
TVNJX0NIQVJBQ1RFUl9BQ0NFUFRfUEFSVFlfSU5WSVRBVElPTg==,YWNlaXRvdSBvIGNvbnZpdGUgZG8gZ3J1cG8u
TVNJX1BBUlRZX1JFQ1JVSVRfRVJST1Ix,SXQgaXMgYWxyZWFkeSBnYXRoZXJpbmcgcGFydGllcy4=
TVNJX1BBUlRZX1JFQ1JVSVRfRVJST1Iy,aXQgaXMgdGhlIHNhbWUgY29uZGl0aW9uIGFzIHByZXZpb3VzIHNlYXJjaC4=
TVNJX0NIQVJOQU1FX0NIQU5HRV9GSUxFRF9HVUlMRE1FTUJFUg==,U8OzIHBvZGUgc2VyIHVzYWRvIGFww7NzIHNldSBwZXJzb25hZ2VtIHNhaXIgZG8gY2zDoy4=
TVNJX0NIQVJOQU1FX0NIQU5HRV9GSUxFRF9QQVJUWU1FTUJFUg==,U8OzIHBvZGUgc2VyIHVzYWRvIGFww7NzIHNldSBwZXJzb25hZ2VtIHNhaXIgZG8gZ3J1cG8u
TVNJX1BBUlRZX1JFQ1JVSVRfUkVDQUxMX0VSUjE=,U3VtbW9uZWQgdXNlciBpcyBpbiB0aGUgbWFwIHlvdSBjYW5ub3Qgc3VtbW9uLg==
TVNJX1BBUlRZX1JFQ1JVSVRfUkVDQUxMX0VSUjI=,SXQgaXMgbm90IHBvc3NpYmxlIHRvIHN1bW1vbiBpbiBjdXJyZW50IHBhcnR5IGxlYWRlciBsb2NhdGlvbi4=
TVNJX1BBUlRZX1JFQ1JVSVRfUkVDQUxMX0VSUjM=,U3VtbW9uaW5nIGlzIGRlbmllZC4=
TVNJX1BBUlRZX1JFQ1JVSVRfUkVDQUxMX0VSUjQ=,SXQgaXMgbm90IHBvc3NpYmxlIHRvIHN1bW1vbi4=
TVNJX1lPVV9BUkVfTk9UX1BBUlRZTUFTVEVS,QXBlbmFzIG8gbMOtZGVyIHBvZGUgY29udmlkYXIgcGFyYSBvIGdydXBvLg==
TVNJX05DX0lURU1fU0VBUkNI,RGlnaXRlIG8gbm9tZSBkbyBpdGVtIHF1ZSB2b2PDqiBlc3TDoSBwcm9jdXJhbmRvIDo=
TVNJX1BMRUFTRV9QVVRfQ0hBUkFDVEVSX05BTUVfSU4=,SW5zaXJhIG8gbm9tZSBkbyBwZXJzb25hZ2VtLg==
TVNJX1BMRUFTRV9QVVRfUEFSVFlfTkFNRV9JTg==,SW5zaXJhIG8gbm9tZSBkbyBncnVwby4=
TVNJX0dVSUxEX0hFTFBFUg==,SmFuZWxhIGRlIEd1aWEgZGUgQ2zDo3M=
TVNJX05PX0dVSUxEX0NVUlJFTlRMWV9QQVJUSUNJUEFURURfSU4=,Vm9jw6ogbsOjbyB0ZW0gY2zDoy4=
TVNJX0NSRUFURV9HVUlMRA==,Q3JpYXIgQ2zDow==
TUlTX1BVVF9HVUlMRF9OQU1FX0lO,RGlnaXRlIG8gbm9tZSBkbyBjbMOjLg==
TUlTX0dVSUxEX1RJUA==,RGljYXMgZGUgY3JpYcOnw6NvIGRlIGNsw6M=
TUlTX0dVSUxEX1NZU1RFTQ==,TyBxdWUgw6kgY2zDoy4=
TVNJX1BMRUFTRV9QVVRfR1VJTERfTkFNRV9JTg==,RGlnaXRlIHVtIG5vbWUgcGFyYSBvIHNldSBjbMOjLg==
TVNJX1BBUlRZX1JFQ1JVSVRfUkVGVVNFX1ZPTFVOVEVFUg==,WW91IGhhdmUgcmVqZWN0ZWQgZnJvbSB0aGUgcGFydHkgeW91IGFwcGxpZWQu
TVNJX1NFUlZJQ0VTRUxFQ1Q=,U2VsZWNpb25lIG8gc2Vydmlkb3Iu
TVNJX1NIT1dfTUFQTkFNRVRJVExF,TG9jYXRpb24gdGhhdCBpbXBvc3NpYmxlIHRvIGVzY2FwZS4=
TVNJX1JFUExBWV9TVFJfUkVQTEFZRklMRUxJU1Q=,TGlzdGEgZGUgUmVwbGF5cw==
TVNJX1JFUExBWV9TVFJfRklMRUlORk8=,SW5mb3JtYcOnw7VlcyBkbyBhcnF1aXZv
TVNJX1JFUExBWV9TVFJfRklMRUxJU1Q=,TGlzdGEgZGUgYXJxdWl2b3M=
TVNJX05PVF9NT1ZFQUJMRV9UUkFERQ==,JXMgaXRlbSBpcyBub3QgcG9zc2libGUgdG8gdHJhZGUu
TVNJX0dVSUxEX0RJU0JBTkQ=,RXhjbHVpciBDbMOjLg==
TVNJX1BVVF9ESVNCQU5EX0dVSUxETkFNRQ==,RGlnaXRlIG8gbm9tZSBkbyBzZXUgY2zDoy4=
TVNJX0pPSU5HVUlMRF9OT1RFWElTVF9VU0VS,SXQgaXMgbm90IGxvZ2dlZCBpbiBvciB1bmV4aXN0IGNoYXJhY3Rlci4=
TVNJX0ZBSUxFRF9TRVRfRUZGRUNUX0JJUkQ=,TsOjbyDDqSBwb3Nzw612ZWwgaW52b2NhciBhIEF2ZSBkZSBSYXBpbmEu
TVNJX0JBU0lDX0VYUF9NU0dfQlJa,JWQlJSAoIFByZW1pdW0gJWQlJSArICVzIHNlcnZlciAlZCUlICk=
TVNJX0pPSU5HVUlMRF9UQVJHRVRfVVNFUl9JTl9TSUVHRU1BUA==,VGhlIHVzZXIgaXMgY3VycmVudGx5IGpvaW5pbmcgaW4gdGhlIFNpZWdlLg==
TVNJX1BBUlRZX01BU1RFUl9DSEFOR0VfU0FNRV9NQVA=,TsOjbyDDqSBwb3Nzw612ZWwgYWx0ZXJhciBhIGxpZGVyYW7Dp2EgZG8gZ3J1cG8gY2FzbyBlc3RlamEgZW0gdW0gbWFwYSBkaWZlcmVudGUgZG8gb3V0cm8gcGVyc29uYWdlbS4=
TVNJX0NBTk5PVF9QQVJUWV9NQVNURVJfQ0hBTkdFX0lOX01BUA==,TsOjbyDDqSBwb3Nzw612ZWwgYWx0ZXJhciBhIGxpZGVyYW7Dp2EgZG8gZ3J1cG8gbmVzc2Egw6FyZWEgYXR1YWwu
TVNJX1JPWUFMX0NISUtFTk9GRg==,ZHB3biB0aGUgR3J5cGhvbg==
TVNJX1RJTUVfVFlQRTM=,JWQgTcOqcyAlZCBEaWEgJWQgSG9yYSAlZCBNaW4gJWQgU2Vn
TVNJX0pPSU5HVUlMRF9SRVFfVVNFUl9JTl9TSUVHRU1BUA==,WW91IGNhbm90IGludml0ZSB0byB0aGUgZ3VpbGQgYXMgeW91IGFyZSBpbiB0aGUgc2llZ2Uu
TVNJX0JBVFRMRUZJRUxEX01TR19SRVFVRVNUX0pPSU5XQUlU,WW91IGhhdmUgcmVxdWVzdGVkIHRvIHdhaXQgdG8gZW50ZXIgaW4gQmF0dGxlIGdyb3VuZC4=
TVNJX0JBVFRMRUZJRUxEX01TR19GVUxM,dGhlIG1heGltdW0gYW1vdW50IGhhcyBiZWVuIGV4Y2VlZGVkLg==
TVNJX0JBVFRMRUZJRUxEX01TR19VTktOT1dOX05BTUU=,VW5kZWZpbmVkIGJhdHRsZSBncm91bmQgbmFtZS4=
TVNJX0JBVFRMRUZJRUxEX01TR19VTktOT1dOX1RZUEU=,VW5kZWZpbmVkIHJlcXVlc3QgdHlwZS4=
TVNJX0JBVFRMRUZJRUxEX01TR19NQVhPVkVS,TWF4aW11bSBhbW91bnQgb2YgdXNlciBoYXMgZXhjZWVkZWQu
TVNJX0JBVFRMRUZJRUxEX01TR19KT0lOX05PVExFVkVM,U2V1IG7DrXZlbCBlc3TDoSBiYWl4byBwYXJhIGFjZXNzYXIgYSBpbnN0w6JuY2lhLg==
TVNJX0JBVFRMRUZJRUxEX01TR19KT0lOX09WRVJMQVA=,UmVxdWVzdCBoYXMgZHVwbGljYXRlZC4=
TVNJX0JBVFRMRUZJRUxEX01TR19SRVNUQVJU,UGxlYXNlIHJlLWFjY2VzcyBhbmQgcmVnaXN0ZXIgYWdhaW4u
TVNJX0JBVFRMRUZJRUxEX01TR19OT1RKT0I=,Sm9iIGlzIG5vdCBzdWl0YWJsZS4=
TVNJX0JBVFRMRUZJRUxEX01TR19KT0lOX09OTFlCT1NT,T25seSBwYXJ0eSBtZW1iZXIgb3IgZ3VpbGQgbGVhZGVyIGNhbiBhcHBseS4=
TVNJX0JBVFRMRUZJRUxEX01TR19CVVNZX1BBUlRZTUVNQkVS,dGhlcmUgaXMgYSB0ZWFtIG1lbWJlciBpbiB0aGUgYmF0dGxlIGdyb3VuZCwgaXQgaXMgbm90IHBvc3NpYmxlIHRvIGFwcGx5Lg==
TVNJX0JBVFRMRUZJRUxEX01TR19DQU5DRUxfSk9JTldBSVQ=,VGhlIHdhaXRpbmcgdG8gZW50ZXIgdGhlIGJhdHRsZSBncm91bmQgaGFzIGNhbmNlbGxlZC4=
TVNJX0JBVFRMRUZJRUxEX01TR19XUk9OR19OQU1F,VGhlIGJhdHRsZSBncm91bmQgbmFtZSBpcyB3cm9uZy4=
TVNJX0JBVFRMRUZJRUxEX01TR19OT1RSQU5L,WW91IGFyZSBub3Qgb24gdGhlIHdhaXRpbmcgbGlzdCBvZiBlbnRlcmluZyB0aGUgYmF0dGxlIGdyb3VuZC4=
TVNJX0JBVFRMRUZJRUxEX01TR19GQUlMX0NIT0lDRQ==,VGhlIGJhdHRsZSBncm91bmQgaXMgbm90IGF2YWlsYmxlLCBzbyB0aGUgd2FpdGluZyB3aWxsIGJlIGNhbmNlbGxlZC4=
TVNJX0JBVFRMRUZJRUxEX01TR19DQU5DRUxfSk9JTg==,RW50ZXJpbmcgdGhlIGJhdHRsZSBncm91bmQgaGFzIGNhbmNlbGxlZC4=
TVNJX0JBVFRMRUZJRUxEX01TR19ET1lPVV9KT0lO,V291bGQgeW91IGxpa2UgdG8gZW50ZXIgdGhlIGJhdHRsZSBncm91bmQ/
TVNJX0JBVFRMRUZJRUxEX0hFTFAx,RW50ZXJpbmcgdGhlIGJhdHRsZSBncm91bmQgcmVnaXN0ZXJpbmcgc3lzdGVt
TVNJX0JBVFRMRUZJRUxEX0hFTFAy,Tm90IHBvc3NpYmxlIHRvIHJlZ2lzdGVyIGVudGVyaW5nIGFuZCBtb3ZlIHRvIHRoZSBiYXR0bGUgZ3JvdW5k
TVNJX0JBVFRMRUZJRUxEX0hFTFAz,MS4gSXQgaXMgbm90IHBvc3NpYmxlIHRvIHJlZ2lzdGVyIHNldmVyYWwgYmF0dGxlIGdyb3VuZCBhdCB0aGUgc2FtZSB0aW1lLg==
TVNJX0JBVFRMRUZJRUxEX0hFTFA0,Mi4gWW91IGNhbm5vdCByZWdpc3RlciB0aGUgYmF0dGxlIGdyb3VuZCBmb3Igc2luZ2xlIC8gUGFydHkvIEd1aWxkIGF0IHRoZSBzYW1lIHRpbWUu
TVNJX0JBVFRMRUZJRUxEX0hFTFA1,My4gUGFydHkgYmF0dGxlIGdyb3VuZCBpcyBvbmx5IGF2YWlsYWJsZSB0byByZWdpc2VyIGZyb20gdGhlIHBhcnR5IGxlYWRlciw=
TVNJX0JBVFRMRUZJRUxEX0hFTFA2,dGhlIHBhcnR5IG1lbWJlciB3aG8gYXJlIG9mZmxpbmUgd2lsbCBiZSBtaXNzZWQgaW4gdGhlIHdhaXRpbmcgbGluZS4=
TVNJX0JBVFRMRUZJRUxEX0hFTFA3,NC4gUmVnaXN0ZXJpbmcgdGhlIGJhdHRsZSBncm91bmQgaXMgcG9zc2libGUgZnJvbSBldmVyeXdoZXJlIGV4Y2VwdCB0aGUgYmF0dGxlIGdyb3VuZCBtYXAs
TVNJX0JBVFRMRUZJRUxEX0hFTFA4,YnV0IGlmIHRoZSBlbnRlcmluZyBsb2NhdGlvbiBpcyBub3QgdG93biwgZmllbGQgb3Igbm9ybWFsIGR1bmdlb24sIGNoYXJhY3RlciB3aWxsIGJlIHRyYW5zZmVycmVkIHRvIHNhdmVkIGNvb3JkaW5hdGVzIHdoZW4gcmV0dXJucy4=
TVNJX0JBVFRMRUZJRUxEX0hFTFA5,NS4gdGhlIHJld2FyZHMgb2YgYmF0dGxlIGdyb3VuZCBvciBvdGhlciBzZXJ2aWNlcyBjYW4gYmUgZm91bmQgZnJvbSBiYXR0bGUgZ3JvdW5kIHdhaXRpbmcgcm9vbSB0aHJvdWdoIHJlY3J1aXRpbmcgb2ZmaWNlci4=
TVNJX0JBVFRMRUZJRUxEX0hFTFAxMA==,SW5mb3JtYcOnb2VzIGRvIEdlcmVuY2lhZG9yIGRlIEluc3TDom5jaWE=
TVNJX0JBVFRMRUZJRUxEX1NUQVJU,JXMgYmF0dGxlIGdyb3VuZCBpcyBnb2luZyB0byBzdGFydC4=
TVNJX0JBVFRMRUZJRUxEX0RPWU9VX01PVkU=,V291bGQgeW91IGxpa2UgdG8gbW92ZSB0byB0aGUgYmF0dGxlIGdyb3VuZD8=
TVNJX0JBVFRMRUZJRUxEX1dBUk5JTkdNU0cx,W05vdGVd
TVNJX0JBVFRMRUZJRUxEX1dBUk5JTkdNU0cy,SWYgY3VycmVudCBsb2NhdGlvbiBpcyBub3QgdG93biwgZmllbGQgb3Igbm9ybWFsIGR1bmdlb24=
TVNJX0JBVFRMRUZJRUxEX1dBUk5JTkdNU0cz,Vm9jw6ogc2Vyw6EgbGV2YWRvIGFvIHNldSBQb250byBkZSBSZXRvcm5v
TVNJX0JBVFRMRUZJRUxEX1dBUk5JTkdNU0c0,YWZ0ZXIgYmF0dGxlIGZpbmlzaGVkLg==
TVNJX0JBVFRMRUZJRUxEX1dBSVRfUExBWUVS,V2FpdGluZyBmb3Igb3RoZXIgcmVxdWVzdHMgcmVzdWx0Lg==
TVNJX0JBVFRMRUZJRUxEX1JFUVVFU1RfSk9JTg==,UmVxdWVzdCBlbnRlcmluZyB0aGUgYmF0dGxlIGdyb3VuZA==
TVNJX0JBVFRMRUZJRUxEX1dBSVRUSU1FX0Q=,QXdhaXRpbmcgdGltZSB0byBhY2NlcHQ6JWQgc2Vj
TVNJX0JBVFRMRUZJRUxEX1NUQVRFX0pPSU5XQUlU,V2FpdGluZyBzdGF0dXMgdG8gZW50ZXI=
TVNJX0JBVFRMRUZJRUxEX05BTUVfUw==,VGhlIGJhdHRsZSBncm91bmQgdGl0bGU6ICVz
TVNJX0JBVFRMRUZJRUxEX01FTUJFUl9E,TsO6bWVybyBuZWNlc3PDoXJpbyBkZSBqb2dhZG9yZXMgbm8gZ3J1cG8gcGFyYSBpbmljaWFyOiAlZA==
TVNJX0JBVFRMRUZJRUxEX01ZUkFOS19E,TXkgd2FpdGluZyBudW1iZXI6ICVk
TVNJX0JBVFRMRUZJRUxEX0RQX1RJVExF,LQ==
TVNJX0JBVFRMRUZJRUxEX0RQX0FJTQ==,UHJlbWlhw6fDo286
TVNJX0JBVFRMRUZJRUxEX0RQX01FTUJFUg==,TmVjZXNzw6FyaW8gZXN0YXIgZW0gdW0gZ3J1cG8u
TVNJX0JBVFRMRUZJRUxEX0RQX1JFUVVJUkVE,TsOtdmVsOg==
TVNJX0JBVFRMRUZJRUxEX0RQX1dJTg==,UXVlc3QgZGnDoXJpYTo=
TVNJX0JBVFRMRUZJRUxEX0RQX0RSQVc=,Q29vbGRvd246
TVNJX0JBVFRMRUZJRUxEX0RQX0xPU1M=,RGlmaWN1bGRhZGU6
TVNJX0JBVFRMRUZJRUxEX0RPWU9VX1NJTkdMRQ==,OiBEZXNlamEgZW50cmFyIG5lc3NhIGluc3TDom5jaWE/
TVNJX0JBVFRMRUZJRUxEX0RPWU9VX1BBTFRZ,OiBEZXNlamEgY3JpYXIgZXNzYSBpbnN0w6JuY2lhPw==
TVNJX0JBVFRMRUZJRUxEX0RPWU9VX0dVSUxE,OiBEZXNlamEgYWJyaXIgYSB3aWtpPw==
TVNJX0JBVFRMRUZJRUxEX0xJU1Qy,TGlzdGEgZGUgSW5zdMOibmNpYXM=
TVNJX0JBVFRMRUZJRUxEX0RfVlNfRA==,JWQgdmVyc3VzICVk
TVNJX0JBVFRMRUZJRUxEX0xFVkVMRE9XTl9E,JWQ=
TVNJX0JBVFRMRUZJRUxEX0xFVkVMVVBfRA==,JWQ=
TVNJX0JBVFRMRUZJRUxEX0xFVkVMX0RfRA==,TFYgYmFzZSAlZCB+ICVk
TVNJX0JBVFRMRUZJRUxEX0xJTUlUTEVTUw==,Tm8gbGltaXRz
TVNJX0JBVFRMRUZJRUxEX01TR19OT1RfSk9JTk1BUA==,W05vdCBwb3NzaWJsZSB0byBhcHBseSBmcm9tIHRoZSBjdXJyZW50IG1hcC5d
TVNJX0JBVFRMRUZJRUxEX01TR19XQUlUXzFNTQ==,W1lvdSBuZWVkIDEgbWluIGF3YWl0aW5nIHRpbWUgdG8gcmUtYXBwbHkgdG8gdGhlIGJhdHRsZSBncm91bmQuXQ==
TVNJX0JBVFRMRUZJRUxEX01TR19QTFpfUEFMVFlKT0lO,W1ZvY8OqIGRldmUgc2UganVudGFyIMOgIHVtIGdydXBvIHByaW1laXJvLl0=
TVNJX0JBVFRMRUZJRUxEX01TR19OT1RfUEFMVFlCT1NT,W1NvbWVudGUgbyBsw61kZXIgZG8gZ3J1cG8gcG9kZSBzZSBpbnNjcmV2ZXIuXQ==
TVNJX0JBVFRMRUZJRUxEX01TR19PVkVSX1BBUlRZTUVNQkVS,W1RoZXJlIGFyZSB0b28gbWFueSBwYXJ0eSBtZW1iZXJzIGxvZ2dlZCBpbi5d
TVNJX0JBVFRMRUZJRUxEX01TR19QTFpfR1VJTERKT0lO,W0JvdMOjbyBkZXNhdGl2YWRvLl0=
TVNJX0JBVFRMRUZJRUxEX01TR19OT1RfR1VJTERCT1NT,W09ubHkgdGhlIGd1aWxkIGxlYWRlciBjYW4gYXBwbHkuXQ==
TVNJX0JBVFRMRUZJRUxEX01TR19PVkVSX0dVSUxETUVNQkVS,W1RoZXJlIGFyZSB0b28gbWFueSBndWlsZCBtZW1iZXJzIGxvZ2dlZCBpbi5d
TVNJX1JFU0VSVkVfQ0hBTkdFX0NIQVJBQ1RFUl9TTE9U,UmVhbGl6YXIgYSB0cm9jYSBkZSBzbG90
TVNJX0NIQVJBQ1RFUl9TTE9UX0NIQU5HRQ==,VHJvY2FyIHBhcmEgZXNzZSBzbG90
TVNJX0NIQU5HRV9DSEFSQUNURVJfTkFNRQ==,VHJvY2FyIE5vbWU=
TVNJX01TR19NQUtFQ0hBUkNURVI=,Q3JpYXIgUGVyc29uYWdlbQ==
TVNJX1VBRV9VUkw=,MQ==
TVNJX1VBRV9TRVJWRVJTVFI=,JXMgU2VydmVy
TVNJX01FUkdFX0lURU0=,VW5pZmljYXIgSXRlbnM=
TVNJX1NFTEVDVF9JVEVNX1RPX01FUkdF,U2VsZWN0IGF0IGxlYXN0IDIgaXRlbXMgb2YgdGhlIHNhbWUga2luZC4=
TVNJX01FUkdFX0lURU1fU1VDQ0VTUw==,VW5pZmljYcOnw6NvIGRvcyBpdGVucyByZWFsaXphZGEgY29tIHN1Y2Vzc28u
TVNJX01FUkdFX0lURU1fRkFJTEVEX05PVF9NRVJHRQ==,Vm9jw6ogZGV2ZSB1bmlmaWNhciBzb21lbnRlIDEgdGlwbyBkZSBpdGVtIHBvciB2ZXou
TVNJX01FUkdFX0lURU1fRkFJTEVEX01BWF9DT1VOVA==,VGhlIGFtb3VudCBvZiB0aGUgaXRlbSBpcyBvdmVyIDMwMDAwIHBpZWNlcy4=
TVNJX0NIQVJBQ1RFUl9MRUZUX1JPTEw=,VmlyYXIgcHJhIEVzcXVlcmRh
TVNJX0NIQVJBQ1RFUl9SSUdIVF9ST0xM,VmlyYXIgcHJhIERpcmVpdGE=
TVNJX1ZJRVdfQkVGT1JFX1dPUkxESU5GTw==,U2VlIHByZXZpb3VzIHNlcnZlciBpbmZvIG9mICglcyk=
TVNJX1ZJRVdfQkVGT1JFX1dPUkxESU5GT19USVRMRQ==,UHJldmlvdXMgc2VydmVyIGluZm8=
TVNJX1ZJRVdfQkVGT1JFX1NFUlZFUklORk8=,XmZmMDAwMFByZXZpb3VzIHNlcnZlciA6IF4wMDAwZmY=
TVNJX1ZJRVdfQkVGT1JFX0NIQVJOQU1F,XmZmMDAwMFByZXZpb3VzIGNoYXJhY3RlciBuYW1lIDogXjAwMDBmZg==
TVNJX01PTlNURVJfSFBfT04=,TyBIUCBkb3MgbW9uc3Ryb3MgYXRhY2Fkb3Mgc2Vyw6EgbW9zdHJhZG8u
TVNJX01PTlNURVJfSFBfT0ZG,TyBIUCBkb3MgbW9uc3Ryb3MgYXRhY2Fkb3MgbsOjbyBzZXLDoSBtb3N0cmFkby4=
TVNJX01FUkdFX0lURU1fRkFJTEVEX05PVF9FWElTVA==,TmVuaHVtIGRvcyBpdGVucyBkaXNwb27DrXZlaXMgcG9kZW0gc2VyIHVuaWZpY2Fkb3Mu
TVNJX05PVF9FWElTVF9NRVJHRV9JVEVN,TmVuaHVtIGRvcyBpdGVucyBkaXNwb27DrXZlaXMgcG9kZW0gc2VyIHVuaWZpY2Fkb3Mu
TVNJX1FVRVNUVUlfVEFCX1BST0NFU1M=,UHJvZ3Jlc3M=
TVNJX1FVRVNUVUlfVEFCX0hPTEQ=,RGVsYXk=
TVNJX1FVRVNUVUlfVEFCX0JFU1Q=,UmVjb21tZW5k
TVNJX1FVRVNUVUlfVEFCX0VQSVNPREU=,RXBpc29kZQ==
TVNJX1FVRVNUVUlfVEFCX0xPQ0FM,TG9jYWw=
TVNJX1FVRVNUVUlfVEFCX0VWRU5U,RXZlbnQ=
TVNJX1FVRVNUVUlfVEFCX05FVw==,TmV3
TVNJX1FVRVNUVUlfSFVOVE1PTlNURVI=,SHVudGluZyBtb25zdGVycw==
TVNJX1FVRVNUVUlfUkVXQVJESVRFTQ==,UmV3YXJkIGl0ZW1z
TVNJX1FVRVNUVUlfTkVFRElURU0=,UmVxdWlyZWQgaXRlbXM=
TVNJX1FVRVNUVUlfVElNRUxJTUlU,TGltaXRlZCB0aW1l
TVNJX1FVRVNUVUlfQ0xPU0lOR1RJTUU=,UmV0b3JuZSBhcMOzcw==
TVNJX05BVklHQVRJT05fU0VBUkNI,QnVzY2E=
TVNJX05BVklHQVRJT05fVEFSR0VUR08=,Q2FsY3VsYXIgUm90YQ==
TVNJX05BVklHQVRJT05fUk9VVEVJTkZP,SW5kaWNhw6fDo28gZGUgUm90YQ==
TVNJX05BVklHQVRJT05fU0VBUkNISU5GTw==,RGV0YWxoZXMgZGEgQnVzY2E=
TVNJX05BVklHQVRJT05fVklFV0NIQU5HRQ==,TXVkYXIgbW9kbyBkZSBFeGliacOnw6Nv
TVNJX05BVklHQVRJT05fTElHSFRDSEFOR0U=,Q2hhbmdlIHRoZSBjb2xvciBvZiBuYXZpZ2F0aW9u
TVNJX05BVklHQVRJT05fRU5E,RmVjaGFy
TVNJX05BVklHQVRJT05fQkFTRQ==,TWF4aW1pemFy
TVNJX05BVklHQVRJT05fTUlOSQ==,TWluaW1pemFy
TVNJX05BVklHQVRJT05fSEVMUA==,QWp1ZGE=
TVNJX05BVklHQVRJT05fQUxM,VHVkbw==
TVNJX05BVklHQVRJT05fTUFQ,TWFwYQ==
TVNJX05BVklHQVRJT05fTlBD,TnBj
TVNJX05BVklHQVRJT05fTU9C,TW9uc3Rybw==
TVNJX05BVklHQVRJT05fU0VUU1RSSU5H,Q29sb3F1ZSBvIHF1ZSB2b2PDqiBxdWVyIHByb2N1cmFyIChFeDogcGF5b24sIHp1bWJpLi4uKQ==
TVNJX05BVklHQVRJT05fU0NST0xM,UGVyZy4=
TVNJX05BVklHQVRJT05fVVNFU0NST0xM,Q2FsY3VsYXIgcm90YSBjb20gUGVyZ2FtaW5obw==
TVNJX05BVklHQVRJT05fU0VSVklDRQ==,S2FmcmE=
TVNJX05BVklHQVRJT05fVVNFU0VSVklDRQ==,Q2FsY3VsYXIgcm90YSBjb20gYSBLYWZyYQ==
TVNJX05BVklHQVRJT05fUExBTkU=,QWVyb3Au
TVNJX05BVklHQVRJT05fVVNFUExBTkU=,Q2FsY3VsYXIgcm90YSBjb20gQWVyb3BsYW5v
TVNJX05BVklHQVRJT05fVEFSR0VUVU5LTk9XTg==,Pj4gTsOjbyDDqSBwb3Nzw612ZWwgbGVyIGEgaW5mb3JtYcOnw6NvIGRvIGFsdm8h
TVNJX05BVklHQVRJT05fR09JTkc=,PDwgZ3VpYW5kbyA+Pg==
TVNJX05BVklHQVRJT05fU0VBUkNISU5H,PDwgbG9jYWxpemFuZG8uLi4gPj4=
TVNJX05BVklHQVRJT05fVU4=,LS0tLS0tLS0tLS0=
TVNJX05BVklHQVRJT05fTkFWSQ==,TmF2ZWdhw6fDo28=
TVNJX05BVklHQVRJT05fU0VBUkNIUkVTVUxUX0Q=,PT0gUmVzdWx0YWRvICglZCkgPT0=
TVNJX05BVklHQVRJT05fTlBDX1NfUw==,TnBjKSVzOiVz
TVNJX05BVklHQVRJT05fTU9CX1NfUw==,TW9ucyklczolcw==
TVNJX05BVklHQVRJT05fTUFQX1M=,TWFwYSklcw==
TVNJX05BVklHQVRJT05fUkVTVUxUSU5GTw==,PT09PT09PT0gUmVzdWx0YWRvID09PT09PT09PT0=
TVNJX05BVklHQVRJT05fTEVOR1RI,RGlzdMOibmNpYSAgIDogJWQgU2VsbCAlZCBXYXJwTW92ZQ==
TVNJX05BVklHQVRJT05fVEFSR0VUTUFQX1NfUw==,RGVzdGlubzogJXMoJXMp
TVNJX05BVklHQVRJT05fVEFSR0VUX1NfRF9E,QWx2byAgIDogJXMoJWQsICVkKQ==
TVNJX05BVklHQVRJT05fQk9TUw==,Q2hlZmU=
TVNJX05BVklHQVRJT05fTk9STUFM,bm9ybWFs
TVNJX05BVklHQVRJT05fVEFSR0VUX1NfUw==,QWx2byAgIDogJXMoJXMp
TVNJX05BVklHQVRJT05fVEFSR0VUX0RfRA==,QWx2bzogKCVkLCAlZCk=
TVNJX05BVklHQVRJT05fR09JTkZP,PT09PT09PT0gUm90YSA9PT09PT09PQ==
TVNJX05BVklHQVRJT05fSVRFTV9TX1M=,JTJkKSBJdGVtOiVzID0+ICVzIHVzZQ==
TVNJX05BVklHQVRJT05fRF9TX0RfRF9EX0Q=,JTJkKSAlcyglZCwlZCk9PiglZCwlZCk=
TVNJX05BVklHQVRJT05fRV9EX1NfRF9EX0RfRA==,RSUyZCkgJXMoJWQsJWQpPT4oJWQsJWQp
TVNJX05BVklHQVRJT05fRV9EX1M=,RSUyZCkgJXM=
TVNJX05BVklHQVRJT05fR09FWElU,QSBsb2NhbGl6YcOnw6NvIGVzdMOhIGF0aXZhLCB2b2PDqiBnb3N0YXJpYSBkZSBmZWNoYXIgbyBzaXN0ZW1hIGRlIG5hdmVnYcOnw6NvPw==
TVNJX05BVklHQVRJT05fSEVMUFRJVExF,R3VpYSBkZSBOYXZlZ2HDp8Ojbw==
TVNJX05BVklHQVRJT05fSEVMUDE=,LS0tLS0tLS0tLS0tLS0tIENvbWFuZG9zIC0tLS0tLS0tLS0tLS0tLS0=
TVNJX05BVklHQVRJT05fSEVMUDI=,MS4gL25hdmVnYcOnw6NvIC9uYXZp
TVNJX05BVklHQVRJT05fSEVMUDM=,ZXgpL25hdmkgcHJvbnRlcmEgMTAwLzEwMCAtPiBub21lIGRvIG1hcGEsIDEwMC8xMDA=
TVNJX05BVklHQVRJT05fSEVMUDQ=,T3MgY29tYW5kb3MgYsOhc2ljb3Mgc8OjbyBiYXNlYWRvcyBlbSBKZW5ueSBlIG5hIGJ1c2NhIGRlIGRpcmlnw612ZWlzLg==
TVNJX05BVklHQVRJT05fSEVMUDU=,Mi4gL25hdmVnYcOnw6NvMiAvbmF2aTI=
TVNJX05BVklHQVRJT05fSEVMUDY=,ZXgpIC9uYXZpMiBib3JkYSAxMDAvMTAwIDEvMS8x
TVNJX05BVklHQVRJT05fSEVMUDc=,LT4gbm9tZSBkbyBtYXBhLCBsb2NhbGl6YcOnw6NvKDEwMC8xMDApLCB0ZWxlcG9ydGUvemVueS9hZXJvcGxhbm8gKDE6dXNhciAwOm7Do28gdXNhcik=
TVNJX05BVklHQVRJT05fSEVMUDg=,My4gJCRhbGwgICBtb3N0cmEgdG9kYSBhIGxpc3Rh
TVNJX05BVklHQVRJT05fSEVMUDk=,NC4gJCRsdjMwICAgbG9jYWxpemEgbW9uc3Ryb3MgbmVzc2UgTsOtdmVs
TVNJX05BVklHQVRJT05fSEVMUDEw,NS4gJCRsdjIwfjMwICBsb2NhbGl6YSBtb25zdHJvcyBkZW50cm8gZGVzc2UgYWxjYW5jZQ==
TVNJX05BVklHQVRJT05fSEVMUDEx,LS0tLS0tLS0tLS0tLS0tICBEZXNjcmnDp8OjbyAgLS0tLS0tLS0tLS0tLS0t
TVNJX05BVklHQVRJT05fSEVMUDEy,MS4gT3DDp8O1ZXMgZGUgQnVzY2Egc8OjbyBBbGwsIE1hcGEsIE5QQyBlIE1vbnN0cm9zLg==
TVNJX05BVklHQVRJT05fSEVMUDEz,Mi4gRmHDp2EgYnVzY2FzIGNvbSBvIGNvbWFuZG8uIEV4aWJlIHRvZG9zIG9zIG5vbWVzIHNpbWlsYXJlcy4=
TVNJX05BVklHQVRJT05fSEVMUDE0,ZXgpIHByb24ga2FmIC0+IGV4aWJlIHRvZGFzIGFzIGthZnJhcyBkZSBwcm9udGVyYS4=
TVNJX05BVklHQVRJT05fSEVMUDE1,My4gU2Ugdm9jw6ogY2xpY2FyIG5vIG5vbWUsIGV4aWJlIG1haXMgZGV0YWxoZXMu
TVNJX05BVklHQVRJT05fSEVMUDE2,dm9jw6ogcG9kZSBjbGljYXIgZW0gbmF2ZWdhciBwYXJhIHF1ZSBvIHNpc3RlbWEgdGUgaW5kaXF1ZSBvIGNhbWluaG8u
TVNJX05BVklHQVRJT05fSEVMUDE3,NC4gw4kgcG9zc8OtdmVsIGNhbGN1bGFyIGEgcm90YSB1c2FuZG8gcGVyZ2FtaW5ob3MsIGthZnJhcyBvdSBhZXJvcGxhbm9zLg==
TVNJX05BVklHQVRJT05fSEVMUDE4,NS4gQW8gYXBlcnRhciBvIGJvdMOjbywgYSBqYW5lbGEgYWx0ZXJhIHBhcmEgYSBpbmRpY2HDp8OjbyBkZSByb3RhLg==
TVNJX05BVklHQVRJT05fSEVMUDE5,Ni4gQW8gbWluaW1pemFyIGEgdGVsYSwgYSBqYW5lbGEgYWx0ZXJh
TVNJX05BVklHQVRJT05fSEVMUDIw,cG9kZSBhbHRlcm5hciBlbnRyZSBbSmFuZWxhIGRlIEJ1c2NhXSA8LT4gW0phbmVsYSBkZSBSb3Rhc10u
TVNJX05BVklHQVRJT05fTEVWRUxfRF9CT1NT,TnYuOiVkIChNVlAp
TVNJX05BVklHQVRJT05fTEVWRUxfRF9OT1JNQUw=,TnYuOiVkIChub3JtYWwp
TVNJX05BVklHQVRJT05fUFJPUEVSVFkx,w4FndWEgJWQ=
TVNJX05BVklHQVRJT05fUFJPUEVSVFky,VGVycmEgJWQ=
TVNJX05BVklHQVRJT05fUFJPUEVSVFkz,Rm9nbyAlZA==
TVNJX05BVklHQVRJT05fUFJPUEVSVFk0,VmVudG8gJWQ=
TVNJX05BVklHQVRJT05fUFJPUEVSVFk1,VmVuZW5vICVk
TVNJX05BVklHQVRJT05fUFJPUEVSVFk2,U2FncmFkbyAlZA==
TVNJX05BVklHQVRJT05fUFJPUEVSVFk3,U29tYnJpbyAlZA==
TVNJX05BVklHQVRJT05fUFJPUEVSVFk4,RmFudGFzbWEgJWQ=
TVNJX05BVklHQVRJT05fUFJPUEVSVFk5,TWFsZGl0byAlZA==
TVNJX05BVklHQVRJT05fUFJPUEVSVFkw,TmV1dHJvICVk
TVNJX05BVklHQVRJT05fU0NBTEUx,TcOpZGlv
TVNJX05BVklHQVRJT05fU0NBTEUy,R3JhbmRl
TVNJX05BVklHQVRJT05fU0NBTEUw,UGVxdWVubw==
TVNJX05BVklHQVRJT05fUkFDRTE=,TW9ydG8tdml2bw==
TVNJX05BVklHQVRJT05fUkFDRTI=,QnJ1dG8=
TVNJX05BVklHQVRJT05fUkFDRTM=,UGxhbnRh
TVNJX05BVklHQVRJT05fUkFDRTQ=,SW5zZXRv
TVNJX05BVklHQVRJT05fUkFDRTU=,UGVpeGU=
TVNJX05BVklHQVRJT05fUkFDRTY=,RGVtw7RuaW8=
TVNJX05BVklHQVRJT05fUkFDRTc=,SHVtYW5vaWRl
TVNJX05BVklHQVRJT05fUkFDRTg=,QW5qbw==
TVNJX05BVklHQVRJT05fUkFDRTk=,RHJhZ8Ojbw==
TVNJX05BVklHQVRJT05fUkFDRTA=,QW1vcmZv
TVNJX05BVklHQVRJT05fTU9WRUNMSUNL,Q2xpcXVlIHBhcmEgc2UgbW92ZXIgJXM=
TVNJX05BVklHQVRJT05fTlBDTU9WRQ==,VXNlIG8gc2lzdGVtYSBkZSBuYXZlZ2HDp8OjbyBkZSBOUEM=
TVNJX05BVklHQVRJT05fTlBDQ0xJQ0s=,TlBDIENsaXF1ZQ==
TVNJX05BVklHQVRJT05fU19NT1ZF,JXMgbW92ZQ==
TVNJX05BVklHQVRJT05fUExBTkVNT1ZF,VXRpbGl6ZSBvIEFlcm9wbGFubw==
TVNJX05BVklHQVRJT05fV0FSUFVTRQ==,VXNlIHRlbGVwb3J0ZQ==
TVNJX05BVklHQVRJT05fVEFSR0VUUE9JTlRfRF9E,Q2hlZ2FkYSA6ICggJWQgJWQgKQ==
TVNJX05BVklHQVRJT05fVU5LTk9XTk1BUA==,TsOjbyDDqSBwb3Nzw612ZWwgdXRpbGl6YXIgbyBTaXN0ZW1hIGRlIE5hdmVnYcOnw6NvIG5lc3NhIMOhcmVhLg==
TVNJX05BVklHQVRJT05fUlNfVU5LTk9XTg==,Vm9jw6ogZXN0w6EgcHJvY3VyYW5kbyBwb3IgdW0gbHVnYXIgZGVzY29uaGVjaWRvLg==
TVNJX05BVklHQVRJT05fUlNfTk9UU0FNRU1BUA==,bsOjbyDDqSB1bSBtYXBhIGNvbXBhdMOtdmVsLg==
TVNJX05BVklHQVRJT05fUlNfRkFJTFNUQVJUREFUQQ==,ZmFsaGEgYW8gZGVmaW5pciBhIMOhcmVhIGRlIHNhw61kYQ==
TVNJX05BVklHQVRJT05fUlNfRkFJTFRBUkdFVA==,ZmFsaGEgYW8gZGVmaW5pciBhIMOhcmVhIGRlIGRlc3Rpbm8h
TVNJX05BVklHQVRJT05fUlNfRkFJTFJPVVRF,RmFsaGEgYW8gZW5jb250cmFyIHVtYSByb3Rh
TVNJX05BVklHQVRJT05fUlNfRkFJTFBMQVlFUg==,RmFsaGEgbyBlbmNvbnRyYXIgYSBsb2NhbGlkYWRlIGRvIGpvZ2Fkb3I=
TVNJX05BVklHQVRJT05fUlNfTk9EQVRB,TsOjbyBow6EgaW5mb3JtYcOnw6NvIG5vIFNpc3RlbWEgZGUgTmF2ZWdhw6fDo28u
TVNJX05BVklHQVRJT05fUlNfTUFQTk9UTkFWSUdBVElPTg==,RXNzZSBtYXBhIG7Do28gZXN0w6EgYXRpdm8gcGFyYSBvIFNpc3RlbWEgZGUgTmF2ZWdhw6fDo28u
TVNJX05BVklHQVRJT05fUlNfRkFJTFRBUkdFVFJPVVRF,RXNjb2xoYSBvIGRlc3Rpbm8sIHBvciBmYXZvci4=
TVNJX05BVklHQVRJT05fUlNfU1VDQ0VTUw==,Q2hlZ291Lg==
TVNJX05BVklHQVRJT05fUlNfU1RBUlQ=,YSBuYXZlZ2HDp8OjbyBjb21lw6dvdS4=
TVNJX05BVklHQVRJT05fUlNfTU9CVEFSR0VUTUFQ,RXNzZSDDqSBvIG1hcGEgcXVlIGNvbnTDqW0gb3MgbW9uc3Ryb3MgcXVlIHZvY8OqIGVzdHZhIHByb2N1cmFuZG8u
TVNJX05BVklHQVRJT05fUlNfVEFSR0VUTUFQ,RXNzZSDDqSBvIG1hcGEgcXVlIHZvY8OqIGVzdHZhIHByb2N1cmFuZG8u
TVNJX05BVklHQVRJT05fUlNfU0NST0xM,UG9yIGZhdm9yLCBzZSBsb2NvbW92YSB1dGlsaXphbmRvIGl0ZW5zLg==
TVNJX05BVklHQVRJT05fUlNfUk9VVEVfU1VDQ0VTUw==,UG9yIGZhdm9yLCB2w6EgcGFyYSBhIGxvY2FsaXphw6fDo28gaW5kaWNhZGEu
TVNJX05BVklHQVRJT05fUlNfTUFQVE1BUF9TVUNDRVNT,Vm9jw6ogY2hlZ291IGFvIG1hcGEgZGVzZWphZG8u
TVNJX05BVklHQVRJT05fUlNfTlBDVE1BUF9TVUNDRVNT,Vm9jw6ogY2hlZ291IGFvIG1hcGEgcXVlIGNvbnTDqW0gbyBOUEMgcXVlIHZvY8OqIGVzdMOhIHByb2N1cmFuZG8uIFBvciBmYXZvciwgc2UgbG9jb21vdmEgYXTDqSBlbGUu
TVNJX05BVklHQVRJT05fUlNfTU9CVE1BUF9TVUNDRVNT,RXNzZSDDqSBvIG1hcGEgZW0gcXVlIG9zIG1vbnN0cm9zIHNlIGVuY29udHJhbS4=
TVNJX05BVklHQVRJT05fUlNfUE9TVE1BUF9TVUNDRVNT,RXN0ZSDDqSBvIG1lc21vIGRlc3Rpbm8gcXVlIG8gYW50ZXJpb3Iu
TVNJX05BVklHQVRJT05fUlNfU0FNRVRBUkdFVA==,UG9yIGZhdm9yLCB2w6EgcGFyYSBvIGNhbWluaG8gZGlyZWNpb25hZG8u
TVNJX05BVklHQVRJT05fUlNfSEVSRQ==,RXNzZSDDqSBvIGRlc3Rpbm8u
TVNJX05BVklHQVRJT05fUFJJTlRfUw==,TmF2ZWdhw6fDo28gPjogJXM=
TVNJX05BVklHQVRJT05fUFJJTlRfR09fUw==,TmF2ZWdhw6fDo28gPjogVXRpbGl6YW5kbyAlcw==
TVNJX05BVklHQVRJT05fUFJJTlRfTUFQX1M=,TmF2ZWdhw6fDo28gPjogUG9yIGZhdm9yLCBzZSBkaXJlY2lvbmUgYXTDqSBvIGxvY2FsICglcyk=
TVNJX05BVklHQVRJT05fUFJJTlRfU0VMRUNUTUFQX1M=,TmF2ZWdhw6fDo28gPjogUG9yIGZhdm9yLCB1dGlsaXplIGEgS2FmcmEgZSBzZWxlY2lvbmUgYSBvcMOnw6NvICglcyk=
TVNJX05BVklHQVRJT05fUFJJTlRfUExBTkU=,TmF2ZWdhw6fDo28gPjogUG9yIGZhdm9yLCB2w6EgYXTDqSBvIEFlcm9wbGFubw==
TVNJX05BVklHQVRJT05fUFJJTlRfV0FSUA==,TmF2ZWdhw6fDo28gPjogUG9yIGZhdm9yLCB2w6EgYXTDqSBhbyBwcsOzeGltbyBsdWdhciB1dGlsaXphbmRvIHVtIHRlbGVwb3J0ZS4=
TVNJX05BVklHQVRJT05fUFJJTlRfSVRFTQ==,SXRlbTo=
TVNJX05BVklHQVRJT05fWlo=,JCQ=
TVNJX05BVklHQVRJT05fWlpMVg==,JCRsdg==
TVNJX05BVklHQVRJT05fWlpMSU1JVA==,fg==
TVNJX05BVklHQVRJT05fWlpBTEw=,JCR0dWRv
TVNJX1NIT1BfSVRFTV9CQVlfVElUTEU=,UHVyY2hhc2UgcmVjZWlwdA==
TVNJX1NIT1BfSVRFTV9CQVlfTUFHMQ==,dGhlIHRvdGFsIHByaWNlIG9mIHRoZSBpdGVtIHlvdSBzZWxlY3QgaXM=
TVNJX1NIT1BfSVRFTV9CQVlfTUFHMg==,WmVueS4=
TVNJX1NIT1BfSVRFTV9CQVlfTUFHMw==,V291bGQgeW91IGxpa2UgdG8gcHVyY2hhc2U/
TVNJX0JBU0lDX0VYUF9NU0cy,JS4zZiUlIChQQyBiYW5nICUuM2YlJSArIFRQTFVTICUuM2YlJSArIHByZW1pdW0gJS4zZiUlICsgJXNzZXJ2ZXIgJS4zZiUlKQ==
TVNJX0NBUkRXSU4=,Q2FyZCBib29r
TVNJX1BFUlNPTkFMX0lORk9STUFUSU9OX01TR19DSE4=,JWQlJSBbICggbm9yYW1sIDEwMCUlICsgJXMgc2VydmVyICVkJSUgKSAqIGFjdGl2YXRpb24gJS4xZiBd
TVNJX1BFUlNPTkFMX0lORk9STUFUSU9OX01TR19DSE5fREVBVEg=,JWQlJSBbIG5vcm1hbCAxMDAlJSArICVzIHNlcnZlciAlZCUlIF0=
TVNJX0NBVVRJT05fUEtaT05F,SGVyZSBpcyB0aGUgUEsgYXJlYS4gTWlub3JzIGFyZSBub3QgYWxsb3dlZC4=
TVNJX0ZBVElHVUU=,RmF0aWdhYmlsaXR5
TVNJX0ZBVElHVUVfTEVWRUxfWkVSTw==,WW91ciBzdGF0dXMgaXMgZ29vZCBhbmQgZ2FtZSBwcm9maXQgaXMgMTAwJS4=
TVNJX0ZBVElHVUVfTEVWRUxfSEFMRg==,WW91IGFyZSB0aXJlZCBzdGF0dXMsIGdhbWUgcHJvZml0IHdvdWxkIGRyb3AgdG8gNTAlLiBQbGVhc2UgcmVzdCBwcm9wZXJseSBmb3IgeW91ciBoZWFsdGgu
TVNJX0ZBVElHVUVfTEVWRUxfRlVMTA==,WW91IGFyZSBub3QgaGVhbHR5IHN0YXR1cywgd2Ugd291bGQgbGlrZSB5b3UgdG8gbG9nIG9mZiB0aGUgZ2FtZSBub3cuIFRoZSBnYW1lIHByb2ZpdCB3b3VsZCBkcm9wIHRvIDAlLCBhbmQgaXQgd291bGQgYmUgcmVjb3ZlcmVkIDUgaG91cnMgYWZ0ZXIgdGhlIG9mZmxpbmUu
TVNJX0ZBVElHVUVfTUVTU0FHRTA=,SXQgaGFzIGJlZW4gJWQgbWludXRlcyBzaW5jZSB0aGUgZ2FtZSBjb25uZWN0aW9uLg==
TVNJX0ZBVElHVUVfTUVTU0FHRTE=,SXQgaGFzIGJlZW4gJWQgaG91cnMgc2luY2UgdGhlIGdhbWUgY29ubmVjdGlvbi4=
TVNJX0ZBVElHVUVfTUVTU0FHRTI=,SXQgaGFzIGJlZW4gJWQgaG91cnMgYW5kICVkIG1pbnV0ZXMgc2luY2UgdGhlIGdhbWUgY29ubmVjdGlvbi4=
TVNJX0VYUExBSU5fTU9OU1RFUkhQ,L21vbnN0ZXJocCA6IE1vc3RyYSBhIGJhcnJhIGRlIEhQIGRvcyBtb25zdHJvcyBxdWFuZG8gdm9jw6ogYXRhY2Eu
TVNJX1NLSUxMUE9JTlQy,UG9udG9zIGRlIGhhYmlsaWRhZGU6
TVNJX0JBTl9CSUxMSU5HX1NFUlZFUl9FUlJPUg==,Tm8gcmVzcG9uc2UgZnJvbSB0aGUgYXV0aGVudGljYXRpb24gc2VydmVyLiBQbGVhc2UgdHJ5IGFnYWluLg==
TVNJX1JFRlVTRV9DSEFOR0VfUEFTU1dEX0ZPUkNF,UGxlYXNlIG1vZGlmeSB0aGUgcGFzc3dvcmQu
TVNJX1JFRlVTRV9DSEFOR0VfUEFTU1dEX1NJVEU=,MQ==
TVNJX1BMQU5ORURfVElNRV9TSFVURE9XTg==,WW91IGFyZSBpbiBnYW1lIGNvbm5lY3Rpb24gYmFuIHBlcmlvZC4=
TVNJX1NIT1VURE9XTl9USU1F,WW91ciBnYW1lIHdvdWxkIGJlIHNodXQgb2ZmIGF0ICUxLjJkLSUxLjJkLSUxLjJkICUxLjJkOiUxLjJkOiUxLjJkIGJ5IHRoZSBnYW1lIHNodXQgZG93biBzeXN0ZW0u
TVNJX1BBUlRJQUxfU0hPVVRET1dOX1RJTUU=,R2FtZSBzaHV0IGRvd24gc3lzdGVtIGlzIGFwcGxpZWQgb24geW91ciBhY2NvdXQsIFlvdSBoYXZlICAlMS4yZCBob3VyICUxLjJkIG1pbnV0ZXMuIFBsZWFzZSBlbmpveSB0aGUgZ2FtZSBmb3IgdGhpcyBwZXJpb2Qu
TVNJX01FTlVfUkVQTEFZV05E,UmVwbGF5
TVNJX01FTlVfTUFDUk9XTkQ=,TWFjcm8=
TVNJX01FTlVfV0VCQlJPV1NFUldORA==,TmF2ZWdhZG9yIGRhIFdlYg==
TVNJX01FTlVfTkFWSUdBVElPTldORA==,TmF2ZWdhw6fDo28=
TVNJX01FTlVfVUFFVVJMV05E,VUFFVVJM
TVNJX0NMQU5fSU5GT01BTkFHRQ==,Q2zDoyBSZWFs
TVNJX0NMQU5fTEVWRUw=,TnYuIGRvIENsw6M=
TVNJX0NMQU5fTkFNRQ==,Tm9tZSBkbyBDbMOj
TVNJX0NMQU5fTUFSSw==,RW1ibGVtYQ==
TVNJX0FMTFlfQ0xBTg==,QWxpYW7Dp2Fz
TVNJX0hPU1RJTElUWV9DTEFO,SW5pbWlnb3M=
TVNJX1NFTkRfVE9fQ0xBTg==,RW52aWFyIENsw6MgUmVhbA==
TVNJX0NMQU5fTUFTVEVSX05BTUU=,TMOtZGVy
TVNJX0NMQU5fTlVNX01FTUJFUg==,TWVtYnJvcw==
TVNJX0NMQU5fTUFOQUdFX0xBTkQ=,QmFzZQ==
TVNJX1ZJRVdfQ0xBTl9NU0c=,TWVuc2FnZW0gZGUgQ2zDoyBSZWFs
TVNJX1RXV0VCX1dBUlJJTkc=,TW92ZSB0byBjaGFyZ2luZyBwYWdlLg==
TVNJX1RXV0VCX1VSTA==,aHR0cHM6Ly9nZmIuZ2FtZWZsaWVyLmNvbS9CaWxsaW5nL2luZ2FtZS9pbmRleF9uZXcuYXNwPw==
TVNJX1NUUl9NQUtFQ0hBUkFDVEVS,Q3JlYXRlIHRoZSBjaGFyYWN0ZXI=
TVNJX0NIUl9ERUxFVEVfUkVTRVJWRURfRkFJTF9DSEFSTkFNRQ==,Q2hhcmFjdGVyIG5hbWUgaXMgbm90IGNvcnJlY3Qu
TVNJX0NIUl9ERUxFVEVfUkVTRVJWRURfSU5QVVRDT05GSVJNU1RSX1dORF9USVRMRQ==,RW50ZXIgdGhlIGNoYXJhY3RlciBuYW1l
TVNJX1NFTEVDVF9TRVg=,U2VsZWN0IHRoZSBjaGFyYWN0ZXIgZ2VuZGVy
TVNJX1NQUklURV9BTFRFUg==,RmlsZSBtb2R1bGF0aW9uIGlzIGRldGVjdGVkLg==
TVNJX0NPTkZJUk1fVE9fT1BFTl9FVkVOVF9JVEVN,VGhlIGl0ZW1zIGZyb20gdGhlIGJveCBjb3VsZCBub3QgbW92ZSB0byB0aGUgc3RvcmFnZS4gUGxlYXNlIGNoZWNrIHlvdXIgY2hhcmFjdGVyIG9uZSBtb3JlIHRpbWUuIERvIHlvdSB3YW50IHRvIG9wZW4gdGhlIGJveD8=
TVNJX0dBTUVfU0VUVElORw==,Q29uZmlndXJhw6fDtWVzIGRvIEpvZ28=
TVNJX1NZU1RFTV9TRVRUSU5H,R2FtZSBzeXN0ZW0=
TVNJX0NPTU1BTkRfU0VUVElORw==,R2FtZSBjb21tYW5k
TVNJX0NPTU1BTkRfTElTVA==,R2FtZSBjb21tYW5kIE9OL09GRg==
TVNJX01BQ1JPX0xJU1Q=,TWFjcm8=
TVNJX0VYQ0hBTkdFSVRFTV9ERU5ZX01BUA==,VHJhZGUgaXMgbm90IGFsbG93ZWQgaW4gdGhpcyBhcmVhLg==
TVNJX0NBUlRfVVNFX0RFTllfTUFQ,VXNpbmcgY2FydCBpcyBub3QgYWxsb3dlZCBpbiB0aGlzIGFyZWEu
TVNJX0JMT0NLX1NVTk1PT05TVEFSX01JUkFDTEU=,VGhlIGVmZmVjdCBvZiBUaGUgU3VuLCB0aGUgTW9vbiBhbmQgdGhlIFN0YXJzIHdvdWxkIG5vdCBiZSBoYXBwZW5lZCBpbiB0aGlzIGFyZWEu
TVNJX1JBTktJTkdfQk9BUkQ=,UmFua2luZyBib2FyZA==
TVNJX1JBTktJTkdfTlVNQkVS,UmFuaw==
TVNJX1JBTktJTkdfTkFNRQ==,Tm9tZQ==
TVNJX1JBTktJTkdfUE9JTlQ=,UG9udG8=
TVNJX1JBTktJTkdfQkxBQ0tTTUlUSA==,RmVycmVpcm9z
TVNJX1JBTktJTkdfQUxDSEVNSVNU,QWxxdWltaXN0YXM=
TVNJX1JBTktJTkdfVEFFS1dPTg==,VGFla3dvbmRv
TVNJX1JBTktJTkdfS0lMTEVS,QXNzYXNzaW5v
TVNJX1JBTktJTkdfQkFUVExFXzdWUzdfQUxM,NyBjb250cmEgNw==
TVNJX1JBTktJTkdfUlVORV9LTklHSFQ=,Q2F2YWxlaXJvIFLDum5pY28=
TVNJX1JBTktJTkdfV0FSTE9DSw==,QnJ1eG8=
TVNJX1JBTktJTkdfUkFOR0VS,R3VhcmRhLWZsb3Jlc3RhbA==
TVNJX1JBTktJTkdfTUVDSEFOSUM=,TWVjw6JuaWNv
TVNJX1JBTktJTkdfR1VJTExPVElORV9DUk9TUw==,R3VpbGhvdGluYUNydXo=
TVNJX1JBTktJTkdfQVJDSEJJU0hPUA==,QXJjZWJpc3Bv
TVNJX1JBTktJTkdfUk9ZQUxfR1VBUkQ=,R3VhcmRhIFJlYWw=
TVNJX1JBTktJTkdfU09SQ0VSRVI=,RmVpdGljZWlybw==
TVNJX1JBTktJTkdfTUlOU1RSRUw=,TWVuZXN0cmVs
TVNJX1JBTktJTkdfV0FOREVSRVI=,QW5kYXJpbGhv
TVNJX1JBTktJTkdfR0VORVRJQw==,R2Vuw6l0aWNv
TVNJX1JBTktJTkdfU0hBRE9XX0NIQVNFUg==,Q2HDp2Fkb3IgZGUgU29tYnJhcw==
TVNJX1JBTktJTkdfU1VSQQ==,U3VyYXRh
TVNJX1JBTktJTkdfS0FHRVJPVQ==,S2FnZXJvdQ==
TVNJX1JBTktJTkdfT0JPUk8=,T2Jvcm8=
TVNJX1JBTktJTkdfU0VMRUNU,U2VsZWNpb25lIG8gdGlwbyBkZSBjbGFzc2lmaWNhw6fDo28=
TVNJX1JBTktJTkdfVFlQRQ==,VGlwbyBkZSBjbGFzc2lmaWNhw6fDo28=
TVNJX1dBSVRJTkdfRk9SX0VOVEVSX1RPX0NIQVJBQ1RFUl9TRVZFUl9JTl9TRUM=,Q3VycmVudGx5IGFjY2Vzc2VkIG51bWJlcnMgYXJlIGZ1bGwuICAgICAgICAgICBeMDAwMGZmQ3VycmVudCBzdGFuZGJ5IG51bWJlcnMgOiAlZCAgICAgICAgICAgICAgICAgICAgRXhwZWN0ZWQgd2FpdGluZyB0aW1lIDogJWRzZWM=
TVNJX1dBSVRJTkdfRk9SX0VOVEVSX1RPX0NIQVJBQ1RFUl9TRVZFUl9JTl9NSU4=,Q3VycmVudGx5IGFjY2Vzc2VkIG51bWJlcnMgYXJlIGZ1bGwuICAgICAgICAgICBeMDAwMGZmQ3VycmVudCBzdGFuZGJ5IG51bWJlcnMgOiAlZCAgICAgICAgICAgICAgICAgICAgRXhwZWN0ZWQgd2FpdGluZyB0aW1lIDogJWRtaW5zICVkc2Vj
TVNJX0NCVF9BQ1RJVkVfVVNFUl9DSEVDSw==,WU91IGFyZSBub3QgdGhlIENCVCB1c2Vycw==
TVNJX05BVklHQVRJT05fSEVMUF8x,LS0tLS0tLS0gQ29tYW5kb3MgZGUgTmF2ZWdhw6fDo28gLS0tLS0=
TVNJX05BVklHQVRJT05fSEVMUF8y,L25hdmlnYXRpb24gICAgL25hdmkgIDogIC9uYXZpIHl1bm8gMTAwLzEwMCAgICAgICAgICAgLT4+IE1hcGEsIGNvb3JkZW5hZGFzICgxMDAvMTAwKQ==
TVNJX05BVklHQVRJT05fSEVMUF8z,L25hdmlnYXRpb24yICAvbmF2aTIgOiAgL25hdmkyIHl1bm8gMTAwLzEwMCAxLzEvMSAtPj4gTWFwYSwgY29vcmRlbmFkYXMgKDEwMC8xMDApLCB0ZWxlcG9ydGUvemVueS9hZXJvcGxhbm8gKDE6dXNhciAwOiBuw6NvIHVzYXIp
TVNJX05BVklHQVRJT05fSEVMUF80,LS0tLS0tLS0tIEJ1c2NhcyBuYSBOYXZlZ2HDp8OjbyAtLS0tLS0tLQ==
TVNJX05BVklHQVRJT05fSEVMUF81,JCRhbGwgICAgICAgICA6IEV4aWJlIHR1ZG8gKFZvY8OqIHBvZGUgZmlsdHJhciB1c2FuZG8gVGlwby4p
TVNJX05BVklHQVRJT05fSEVMUF82,JCRsdjMwICAgICAgIDogTsOtdmVsIGRvIG1vbnN0cm8gKFBvZGUgYWx0ZXJhciBvcyBuw7ptZXJvcyk=
TVNJX05BVklHQVRJT05fSEVMUF83,JCRsdjIwfjMwICA6IE1vbnN0cm9zIG5lc3NhIGZhaXhhIGRlIG7DrXZlbA==
TVNJX1JBTktJTkdfQkFUVExFXzFWUzFfQUxM,MSBjb250cmEgMQ==
TVNJX1NIQURPV19FUVVJUE1FTlQ=,RXNwZWNpYWw=
TVNJX0NIQVJBQ1RFUkVSUk9SX0pPQg==,dGhlIGNoYXJhY3RlciBqb2IgaW5mbyBpcyB3ZWlyZCBpbiBzbG90ICVkLiBQbGVhc2UgY29udGFjdCB0byB0aGUgY29zdG9tZXIgc2VydmljZS4gRXJyb3JDb2RlKCVkKQ==
TVNJX05BVklHQVRJT05fQUxMX1M=,KCVzKSVkIC8lZA==
TVNJX05BVklHQVRJT05fQUxMX1NE,JXMtJXMoJWQvJWQp
TVNJX1JFRlVTRV9PVkVSX1VTRVJMSU1JVA==,dGhlIG1heGltdW0gYWNjZXNzIG51bWJlcnMgYXJlIGV4Y2VlZGVkLCB5b3UgY2Fubm90IGVudGVyIHRoZSBzZXJ2ZXIu
TVNJX1JFRlVTRV9FUlJPUkNPREU=,RmFpbCB0byBhY2Nlc3MgdG8gdGhlIHNlcnZlciAoJWQp
TVNJX1JFRlVTRV9ESVNDT05ORUNUX0tFRVBfVElNRQ==,RXhjZWVkZWQgbG9naW4gcGVybWl0IHRpbWU=
TVNJX1JFRlVTRV9XRUJfQVVUSF9GQUlMRUQ=,dGhlIGF1dGhlbnRpY2F0aW9uIGlzIGZpbGFlZCBmcm9tIGF1dGggc2VydmVyIHdoaWxlIGxvZ2luLg==
TVNJX0dVSUxETkFNRV9DSEVDSw==,Vm9jw6ogbsOjbyBwb2RlIHVzYXIgZXNwYcOnbyBubyBub21lIGRvIENsw6Mu
TVNJX0JJTExJTkdfQ0hOXzE=,SGVsbG8gcGxheWVycyE=
TVNJX0JJTExJTkdfQ0hOXzI=,WW91IHRpbWUgd2lsbCBiZSBmaW5pc2hlZCAlZCAlZCAlZCAlZDolZC4=
TVNJX0JJTExJTkdfQ0hOXzM=,WW91IGhhdmUgZW5vdWdoIHRpbWUsIHBsZWFzZSBwbGF5IGFzIG11Y2ggYXMgeW91IGNhbiE=
TVNJX0JJTExJTkdfQ0hOXzQ=,WW91ciB0aW1lIGlzIGNsb3NlZCB3aXRoaW4gdGhpcyB3ZWVrLiBQbGVhc2UgY2hhcmdlIHRoZSB0aW1lIGJlZm9yZSBpdCBpcyBjbG9zZWQu
TVNJX0JJTExJTkdfQ0hOXzU=,WW91ciB0aW1lIHdpbGwgYmUgZmluaXNoZWQgaW4gMjRob3VyLiBwbGVhc2UgY2hhcmdlIHRoZSB0aW1lIGFzYXAu
TVNJX0JJTExJTkdfQ0hOXzY=,Q3VycmVudGx5IHlvdXIgdGltZSBpcyAlZGhvdXIgcmVtYWluZWQuIEluIG9yZGVyIHRvIHBsYXkgbW9yZSwgcGxlYXNlIGNoYXJnZSB5b3VyIHRpbWUu
TVNJX0JJTExJTkdfQ0hOXzc=,Q3VycmVudGx5IHlvdXIgdGltZSBpcyAlZG1pbiByZW1haW5lZC4gV2hlbiB0aGUgYXZhaWxhYmxlIHRpbWUgaXMgb3ZlciwgaXQgd2lsbCBiZSBjbG9zZWQgYXV0b21hdGljYWxseS4gSW4gb3JkZXIgdG8gcGxheSBtb3JlLCBwbGVhc2UgY2hhcmdlIHlvdXIgdGltZS4=
TVNJX0JJTExJTkdfQ0hOXzg=,WW91IHRpbSBpcyAlZGhvdXIgJWRtaW4gcmVtYWluZWQu
TVNJX0JBU0lDX0VYUF9NU0dfVEhBSQ==,JWQlJSAoIEJhc2UgMTAwJSUgKyBQQyBjYWZlICVkJSUgKyBQcmVtaXVtICVkJSUgKyAlc3NlcnZlciAlZCUlICk=
TVNJX0NITl9CSUxMSU5HX0VYUElSRV9USU1F,WW91ciB0aW1lIHdpbGwgYmUgZmluaXNoZWQgYWZ0ZXIgJWRob3VyICVkbWlucy4=
TVNJX0NITl9CTE9DS19GT1JFVkVS,WW91ciBhY2NvdW50IGlzIGJsb2NrZWQgcGVybWFuZW50bHk=
TVNJX0NITl9CTE9DSw==,WW91ciBhY2NvdW50IGlzIGJsb2NrZWRcbiBSZWxlYXNlZCB0aW1lIDogJTA0ZC0lMDJkLSUwMmQgJTAyZDolMDJk
TVNJX1dPUkxETUFQX01TRzE=,TW9uc3RybyhUYWIp
TVNJX1dPUkxETUFQX01TRzI=,TWFwYShBbHQp
TVNJX1dPUkxETUFQX01TRzM=,SW5mb3JtYcOnw7VlcyBkbyBndWlh
TVNJX1dPUkxETUFQX01TRzQ=,UGVzcXVpc2FyIGluZm9ybWHDp8O1ZXM=
TVNJX1dPUkxETUFQX01TRzU=,QWlyc2hpcA==
TVNJX1dPUkxETUFQX01TRzY=,S2FmcmE=
TVNJX1dPUkxETUFQX01TRzc=,KEFycml2YWwp
TVNJX05BVklHQVRJT05fTU9CX1NfU19T,TXVsdGlkw6NvKSVzOiVzKCVzKQ==
TVNJX05BVklHQVRJT05fTlVN,RGlzdHJpYnVpw6fDo286JXM=
TVNJX05BVklHQVRJT05fTlVNMQ==,TXVpdG8=
TVNJX05BVklHQVRJT05fTlVNMg==,c3VmaWNpZW50ZQ==
TVNJX05BVklHQVRJT05fTlVNMw==,bcOpZGlv
TVNJX05BVklHQVRJT05fTlVNNA==,cG91Y28=
TVNJX05BVklHQVRJT05fTlVNNQ==,bXVpdG8gcG91Y28=
TVNJX0JBTktfU1lTVEVNX0VSUk9S,WW91IGNhbm5vdCB1c2UgdGhlIGJhbmsuIFBsZWFzZSB0cnkgYWdhaW4u
TVNJX0JBTktfV0lUSERSQVdfTk9fTU9ORVk=,QmFuayBCYWxhbmNlIGlzIG5vdCBlbm91Z2gu
TVNJX0JBTktfREVQT1NJVF9OT19NT05FWQ==,WW91IGNhbm5vdCBkZXBvc2l0IGJlY2F1c2UgeW91IGhhdmUgbm90IGVub3VnaCBaZW55Lg==
TVNJX0JBTktfREVQT1NJVF9aRVJP,WW91IGNhbiBwdXQgb3ZlcjEgWmVueS4=
TVNJX0JBTktfV0lUSERSQVdfWkVSTw==,WW91IGNhbiB0YWtlIG91dCBvdmVyIDEgWmVueS4=
TVNJX0JBTktfT1ZFUl9JTlRfTUFY,Vm9jw6ogbsOjbyBwb2RlIHRlciBtYWlzIGRlIDIuMTAwLjAwMC4wMDAgZGUgWmVueXMu
TVNJX1JFRlVTRV9NT1RQX0xPQ0s=,c3VhIGNvbnRhIGVzdMOhIGJsb3F1ZWFkYSBwZWxvIG1vYmlsIG90cA==
TVNJX1JFRlVTRV9NT1RQX0FVVEhfRkFJTA==,RmFsaGEgbmEgYXV0ZW50aWNhw6fDo28gTU9UUA==
TVNJX0pPQlBMVVNFWFBfVkFMVUU=,RVhQIGRlIGNsYXNzZSBhdW1lbnRhZGEgdGVtcG9yYXJpYW1lbnRlLg==
TVNJX0JBTktfTVlfWkVOWQ==,T3duZWQgWmVueSA6ICVzIFplbnk=
TVNJX0JBTktfWkVOWQ==,TXVsaGVyZXM=
TVNJX0JBTktfV0FSTklORw==,WW91IGNhbiBrZWVwIHVwIHRvIDIsMTQ3LDQ4Myw2NDcgWmVueSBoZXJlLg==
TVNJX05FRURfTU9SRV9CVUxMRVQ=,Vm9jw6ogbsOjbyBwb3NzdWkgUHJvasOpdGVpcyBzdWZpY2llbnRlcy4=
TVNJX09WRVJQUklDRV9NQVg=,TWVzbW8gY29sb2NhbmRvIG1haXMgZGUgMSBCaWxow6NvIGRlIFplbnlzLCBzZXLDoSB2ZW5kaWRvIGEgMSBCaWxow6NvLg==
TVNJX05PVF9WQUxJRF9BVVRIX1RJQ0tFVA==,QXV0aFRpY2tldCBuw6NvIMOpIHbDoWxpZG8=
TVNJX1NURUFNQUdFTkNZX0VSUk9S,RXJyb3JDb2RlIDogJWQsIEVycm9yVmFsdWUgOiAlZA==
TVNJX0JBU0lDX0VYUF9NU0dfSU5ET05FU0lB,JWQlJSAoQsOhc2ljbyAxMDAlJSArIFByZW1pdW0gJWQlJSArIFBDQ2FmZSAlZCUlICsgJXMgU2Vydmlkb3IgJWQlJSAp
TVNJX1JFQ0VJVkVJVEVNX1ZBTFVF,Q2hhbmNlIGRlIGRyb3AgYXVtZW50YWRhIHRlbXBvcmFyaWFtZW50ZS4=
TVNJX1JFQ0VJVkVJVEVNX1ZBTFVFXzE=,Q2hhbmNlIGRlIGRyb3AgYXVtZW50YWRhIHRlbXBvcmFyaWFtZW50ZS4=
TVNJX1dBUk5JTkdfUFJJQ0Ux,UHJlw6dvIHVuaXTDoXJpbyBkZSAlc1xu
TVNJX1dBUk5JTkdfUFJJQ0Uy,MTAwMDAwMDAw
TVNJX1dBUk5JTkdfUFJJQ0Uz,XmZmMDAwMCVkIG1pbGjDtWVzXjAwMDBmZg==
TVNJX1dBUk5JTkdfUFJJQ0U0,MTAwMDAwMDA=
TVNJX1dBUk5JTkdfUFJJQ0U1,XmZmMDAwMCVkMCBtaWxow6NvXjAwMDBmZg==
TVNJX1dBUk5JTkdfUFJJQ0U2,XjAwMDBmZiB6ZW55cyBvdSBtYWlvcl4wMDAwMDAuXG5Fc3TDoSBjb3JyZXRvPw==
TVNJX1dBUk5JTkdfUFJJQ0U3,Q29uZmlybWFyIDEwbSBkZSB6ZW55
TVNJX0FNRVJJQ0FfQ0FTSFNIT1BfVVJM,aHR0cHM6Ly93d3cud2FycHBvcnRhbC5jb20vYWNjb3VudC9sb2dpbi5hc3B4P1JldHVyblVybD0lMmZhY2NvdW50JTJmcGF5bWVudC5hc3B4
TVNJX0FNRVJJQ0FfQ0FTSFNIT1BfVVJMX1NURUFN,aHR0cHM6Ly9rZXBsZXIud2FycHBvcnRhbC5jb20vcm8xL3B1cmNoYXNlLz9zdGVwPTEmc3RlYW1pZD0lbGxkJmFjY291bnRuYW1lPQ==
TVNJX1FVRVNUX0lORk9fMDE=,TyBmaW0gZGEgdGVycmEsIGEgcG9udGUgcXVlIGxpZ2EgU3BsYW5kaWQgYW8gY29udGluZW50ZSBmbHV0dWFudGUgZGUgQWxmaGVpbSwgdW1hIGVub3JtZSBmZW5kYSBlbSBCaWZyb3N0IGUgdW1hIGZsb3Jlc3RhIGxhYmlyw61udGljYSBkZSBvcmlnZW0gZGVzY29uaGVjaWRhLg==
TVNJX1FVRVNUX0lORk9fMDI=,w4kgdW0gc2luYWwgcXVlIGFudW5jaWEgbyBmaW0gZGUgdW1hIGpvcm5hZGEgb3UgdW0gaW5kaWNhZG9yIGRlIGFiZXJ0dXJhIGRlIHVtIG5vdm8gbXVuZG8/IE8gZ3VhcmRpw6NvIGZvaSBncmFkdWFsbWVudGUgcGVyZGVuZG8gYSBjYWJlw6dhIGNvbSBhIHRlbnRhw6fDo28gZGEgbcO6c2ljYS4=
TVNJX1FVRVNUX0lORk9fMDM=,Q29tIG8gcGFzc2FyIGRlIG1pbGhhcmVzIGRlIGFub3MsIGVsZSBmaWNvdSBjb25mdXNvIHNvYnJlIG8gcXVlIGhhdmlhIHRyYWJhbGhhZG8gdGFudG8gcGFyYSBwcm90ZWdlciBlIHNlIGZvaSBlbGUgcXVlbSBmb2kgc2VsYWRvIGUgdHJhbmNhZmlhZG8gcG9yIHVtIGxvbmdvIHRlbXBvLg==
TVNJX1FVRVNUX0lORk9fMDQ=,UXVhbmRvIGEgbGV0cmEgZGEgY2Fuw6fDo28gZGEgdGVudGHDp8OjbyBhdGluZ2l1IG8gYXVnZSwgdW1hIGVub3JtZSByYWNoYWR1cmEgYXBhcmVjZXUgZW0gQmlmcm9zdCwgYSBwb250ZSBxdWUgbGlnYSBTcGxlbmRpZCwgbyBsaW1pdGUgZGEgdGVycmEsIGUgbyBjb250aW5lbnRlIGZsdXR1YW50ZSwgQWxmaGVpbS4gQ29tbyByZXN1bHRhZG8sIG8gdHLDoWZlZ28gZW50cmUgb3MgZG9pcyBtdW5kb3MgZm9pIGNvcnRhZG8sIGNhdXNhbmRvIGdyYW5kZXMgdHJhbnN0b3Jub3Mgw6BzIHBlc3NvYXMu
TVNJX1FVRVNUX0lORk9fMDU=,TyDDum5pY28gY2FtaW5obyBwYXJhIEJpZnJvc3Qgw6kgYWdvcmEgYSBGbG9yZXN0YSBkbyBMYWJpcmludG8uIE5pbmd1w6ltIGphbWFpcyBwYXNzb3UgY29tIHNlZ3VyYW7Dp2EgcG9yIGFxdWVsZSBsdWdhciBjdWphIG9yaWdlbSDDqSBkZXNjb25oZWNpZGEu
TVNJX1FVRVNUX0lORk9fMDY=,QSBmbG9yZXN0YSBsYWJpcmludG8sIHVtIGluZmVybm8gY2HDs3RpY28gcXVlIGVuZ29saXUgaW5jb250w6F2ZWlzIOKAi+KAi2F2ZW50dXJlaXJvcywgZXN0YXZhIHNlIGV4cGFuZGluZG8gY2FkYSB2ZXogbWFpcyBjYcOzdGljYW1lbnRlLCBjb21vIGEgbWVudGUgZGUgdW1hIG11bGhlciBkZXNjb25oZWNpZGEgdmFnYW5kbyBwb3IgZWxhLg==
TVNJX0JBTktfQ0hFQ0tfTlVN,T25seSBudW1iZXJzIGNhbiBiZSBpbnB1dC4=
TVNJX0JBTktfUFJPSElCSVQ=,WW91IGNhbm5vdCB3aXRoZHJhdyB3aGlsZSBleGNoYW5nZSB3aW5kb3cgYW5kIHNob3AgYXJlIGFjdGl2YXRlZC4=
TVNJX1FVRVNUX0lORk9fMDA=,U2hvcnRjdXQ=
TVNJX0lURU1fQ09NUEFSSVNPTg==,SXRlbSBDb21wYXJpc29u
TVNJX1dST05HX0dVTg==,RXN0YSBBcm1hIG7Do28gw6kgYWRlcXVhZGEgcGFyYSBvIHRpcG8gZGUgUHJvasOpdGlsIGVxdWlwYWRvLg==
TVNJX1dST05HX0JVTExFVA==,RXN0ZSBQcm9qw6l0aWwgbsOjbyDDqSBhZGVxdWFkbyBwYXJhIG8gdGlwbyBkZSBBcm1hIGVxdWlwYWRhLg==
TVNJX0JVWUlOR1NUT1JFX01BS0VXTkRfQUREX0dPT0RT,dGhlIGl0ZW0gaXMgbm90IHJlZ2lzdGVyIHRvIHNlbGwuIFBsZWFzZSByZWdpc3RlciB0aGUgaXRlbSB5b3Ugd2FudCB0byBzZWxs
TVNJX0lURU1fSU5fTUFJTF9TWVNURU0=,SVRFTQ==
TVNJX0dVSUxEX1NUT1JBR0VfT1BFTl9FUlJPUg==,Vm9jw6ogbsOjbyBwb2RlIHV0aWxpemFyIG8gQXJtYXrDqW0gZG8gQ2zDoy4=
TVNJX0dVSUxEX1NUT1JBR0VfT1BFTl9OT19KT0lOX0dVSUxE,Vm9jw6ogbsOjbyBmYXogcGFydGUgZGUgdW0gQ2zDoy4gVGVudGUgbm92YW1lbnRlIGFww7NzIHNlIGp1bnRhciBhIHVtIENsw6Mu
TVNJX0dVSUxEX1NUT1JBR0VfV0FSTklOR19VU0lOR19BTk9USEVSX01FTUJFUg==,T3V0cm8gbWVtYnJvIGRvIENsw6MgZXN0w6EgdXNhbmRvIG8gc2lzdGVtYS4gVGVudGUgbm92YW1lbnRlIG1haXMgdGFyZGUu
TVNJX0dVSUxEX1NUT1JBR0VfUEVSTUlTU09O,QXJtYXrDqW0=
TVNJX0dVSUxEX1NUT1JBR0VfVElUTEU=,QXJtYXrDqW0gZG8gQ2zDow==
TVNJX0dVSUxEX1NUT1JBR0VfUEVSTUlTU09OX1dBUk5JTkdfTVNH,Vm9jw6ogbsOjbyBwb3NzdWkgYXV0b3JpemHDp8OjbyBwYXJhIHVzYXIgbyBBcm1hesOpbSBkbyBDbMOjLg==
TVNJX0JBUkdBSU5TQUxFX1RPT0xXTkRfVElUTEU=,TGltaXRlZCBpdGVtIHNhbGVzIHJlZ2lzdHJhdGlvbiB3aW5kb3c=
TVNJX0JBUkdBSU5TQUxFX1RPT0xXTkRfREJfTkFNRQ==,SXRlbSBEQiBuYW1l
TVNJX0JBUkdBSU5TQUxFX1RPT0xXTkRfREJfTlVNQkVS,aXRlbSBEQiBuby4=
TVNJX0JBUkdBSU5TQUxFX1RPT0xXTkRfU0VMTF9DT1VOVA==,U2FsZXMgY291bnQ=
TVNJX0JBUkdBSU5TQUxFX1RPT0xXTkRfU0VMTF9TVEFSVFRJTUU=,U2FsZXMgc3RhcnQgdGltZQ==
TVNJX0JBUkdBSU5TQUxFX1RPT0xXTkRfU0VMTF9QRVJJT0RUSU1F,U2FsZXMgdGltZQ==
TVNJX0JBUkdBSU5TQUxFX1RPT0xXTkRfSU5QVVRfQ09VTlRfTVNH,UGxlYXNlIHB1dCB0aGUgYW1vdW50IHlvdSB3YW50IHRvIHNlbGw=
TVNJX0JBUkdBSU5TQUxFX1RPT0xXTkRfSU5QVVRfU1RBUlRUSU1FX01TRw==,UGxlYXNlIHB1dCBzYWxlcyBzdGFydCB0aW1l
TVNJX0JBUkdBSU5TQUxFX1RPT0xXTkRfV1JPTkdfUkFOR0VfTVNH,dGhlIHNhbGVzIHN0YXJ0IHRpbWUgcmFuZ2UgaXMgbm90IHN1aXRhYmxlLg==
TVNJX0JBUkdBSU5TQUxFX1RPT0xXTkRfSU5QVVRfUEVSSU9EVElNRV9NU0c=,UGxlYXNlIHB1dCB0aGUgc2FsZXMgdGltZQ==
TVNJX0JBUkdBSU5TQUxFX1RPT0xXTkRfSU5QVVRfSVRFTURCTkFNRV9NU0c=,UGxlYXNlIHB1dCB0aGUgSXRlbSBEQiBOYW1lLg==
TVNJX0JBUkdBSU5TQUxFX1RPT0xXTkRfSVRFTUlEX0NIRUNLX0ZBSUxFRF9NU0c=,SXRlbSBJRCBjaGVjayBoYXMgZmFpbGVkLiBQbGVhc2UgdHJ5IGFnYWluLg==
TVNJX0JBUkdBSU5TQUxFX1RPT0xXTkRfUkVTVUxUX0ZPUk1BVA==,Pj4gSXRlbU5hbWUgOiAlcyAvIFByaWNlIDogJWRjIC8gQ291bnQgOiAlZCAvIHNhbGVzIHBlcmlpb2QgOiAlZDolZDolZDolZCB+ICVkOiVkOiVkOiVk
TVNJX0JBUkdBSU5TQUxFX1RPT0xXTkRfQVBQTFlfU1VDQ0VTU19NU0c=,SXQgaGFzIHN1Y2NlZnVsbHkgcmVnaXN0ZXJlZC4=
TVNJX0JBUkdBSU5TQUxFX1RPT0xXTkRfQVBQTFlfRkFJTEVEX01TRw==,aXQgaGFzIGZhaWxlZCB0byByZWdpc3Rlci4gUGxlYXNlIHRyYXkgbGF0ZXIu
TVNJX0JBUkdBSU5TQUxFX1RPT0xXTkRfQUxSRUFEWV9SRUdJU1RFUkVEX01TRw==,VGhlcmUgaXMgYW4gaXRlbSBhbHJlYWR5IHJlZ2lzdGVyZWQuIFBsZWFzZSB0cnkgYWdhaW4u
TVNJX0JBUkdBSU5TQUxFX1RPT0xXTkRfREVMRVRFX0ZBSUxFRF9NU0c=,SXQgaGFzIGZhaWxlZCB0byByZW1vdmUgdGhlIGl0ZW0uIFBsZWFzZSB0cnkgYWdhaW4u
TVNJX0JBUkdBSU5TQUxFX1RPT0xXTkRfREVMRVRFX1NVQ0NFU1NfTVNH,JXMgaXRlbSBoYXMgcmVtb3ZlZC4=
TVNJX0JBUkdBSU5TQUxFX0NBU0hTSE9QX1RBQl9OQU1F,RXNwZWNpYWw=
TVNJX0JBUkdBSU5TQUxFX0NBU0hTSE9QX1JFRlJFU0hfQlROX1RPT0xUSVA=,Rmxhc2ggc2FsZSBpdGVtIGNvdW50IHJlbmV3
TVNJX0JBUkdBSU5TQUxFX0NBU0hTSE9QX1RJTUVS,U2FsZXMgY2xvc2Vk
TVNJX0JBUkdBSU5TQUxFX0NBU0hTSE9QX1JFRlJFU0hfTVNH,aXRlbSBjb3VudCBzaG91bGQgYmUgcmVuZXdlZA==
TVNJX0JBUkdBSU5TQUxFX0NBU0hTSE9QX0NIRUNLX0NPVU5UX01TRw==,VGhlcmUgaXMgbm90IGVvdW5naCBpdGVtLCBzbyAlZCBpdGVtIGhhcyBwdXJjaGFzZWQu
TVNJX0JBUkdBSU5TQUxFX1NUQVJUX01TRw==,JXMgaXRlbSdzIGZsYXNoIHNhbGUgc3RhcnRlZC4=
TVNJX0JBUkdBSU5TQUxFX0NMT1NFX01TRw==,JXMgaXRlbSBpcyBvdXQgb2Ygc3RvY2sgb3Igc2FsZSBwZXJpb2QgaXMgZmluaXNoZWQu
TVNJX0JBUkdBSU5TQUxFX1RPT0xXTkRfQ0FMTA==,L2xpbWl0ZWQgc2FsZXM=
TVNJX0ZSQU5DRV9DQVNIU0hPUF9VUkw=,aHR0cDovL3d3dy5yYWduYXJva2V1cm9wZS5jb20vbmV3cy9ob21lLXI3MC5odG1s
TVNJX0ZSQU5DRV9DQVNIU0hPUF9VUkxfU1RFQU0=,aHR0cDovL3d3dy5yYWduYXJva2V1cm9wZS5jb20vaW5kZXgucGhwP3J1YnJpcXVlPTcwJlN0ZWFt
TVNJX1BBUkFfUkVTVUxUX1RJVExF,U3VjY2Vzc2Z1bGx5IHB1cmNoYXNlZCBsaXN0
TVNJX1BBUkFfV1JPTkdfUFVSQ0hBU0VfQ09VTlRfTVNH,WW91ciBvcmRlciBoYXMgZXhjY2VlZGVkIHRoZSBhbW91bnQgb2YgY3VycmVudCBzdG9jaw==
TVNJX1BBUlRZX0lOVklURQ==,dGhlIGNoYXJhY3RlciBuYW1lIGlzIG5vdCBwb3NzaWJsZSB0byBpbnZpdGUu
TVNJX0dVSUxEX0lOVklURQ==,VGhlIGNoYXJhY3RlciBuYW1lIGlzIG5vdCBwb3NzYmlsZSB0byBpbnZpdGUgdG8gdGhlIGd1aWxkLg==
TVNJX1BBUkFfUFVSQ0hBU0VfSVRFTV9GQUlM,SXQgaGFzIGZhaWxlZCB0byBwdXJjaGFzZSBkdWUgdG8gc29tZSBpdGVtJ3Mgb3V0IG9mIHN0b2NrLg==
TVNJX05PV0FSUFNLSUxMMg==,VGhlIHdhcnAgc3BvdCBjYW5ub3QgYmUgbWVtb3JpemVkIGluIGN1cnJlbnQgcG9zaXRpb24u
TVNJX1BBUkFfUFVSQ0hBU0VfSVRFTV9XRUlHSFQ=,SXRlbSBjYW5ub3QgYmUgcHVyY2hhc2VkIGR1ZSB0byB0aGUgYmFnJ3Mgb3ZlcndlaWdodC4=
TVNJX0dVSUxEX1NUT1JBR0VfTlVNQkVS,TsOjby4=
TVNJX0dVSUxEX1NUT1JBR0VfSVRFTQ==,SXRlbQ==
TVNJX0dVSUxEX1NUT1JBR0VfSVRFTV9DT1VOVA==,UXRk
TVNJX0dVSUxEX1NUT1JBR0VfVVNFUl9OQU1F,Sm9nYWRvcg==
TVNJX0dVSUxEX1NUT1JBR0VfTE9HX1RJTUU=,RGF0YQ==
TVNJX0dVSUxEX1NUT1JBR0VfSVRFTV9JTl9PVVQ=,QcOnw6Nv
TVNJX0dVSUxEX1NUT1JBR0VfTE9HX0ZJTklTSA==,TsOjbyBleGlzdGUgbG9nIG5lc3NlIHBlcsOtb2RvLg==
TVNJX0dVSUxEX1NUT1JBR0VfTE9HX0FMTA==,Q29tcGxldG8=
TVNJX0dVSUxEX1NUT1JBR0VfTE9HX0lO,QWRpw6fDo28=
TVNJX0dVSUxEX1NUT1JBR0VfTE9HX09VVA==,UmVtb8Onw6Nv
TVNJX0dVSUxEX1NUT1JBR0VfTE9HX1dORF9OQU1F,TGlzdGEgZG8gQXJtYXrDqW0gZG8gQ2zDow==
TVNJX0dVSUxEX1NUT1JBR0VfTE9HX0NBVVRJT04=,TG9nIGRvcyDDumx0aW1vcyAxMDAgaXRlbnM=
TVNJX0dVSUxEX1NUT1JBR0VfQ0xPU0VfVElNRU9VVA==,TyBBcm1hesOpbSBkbyBDbMOjIMOpIGZlY2hhZG8gYXDDs3MgMiBtaW51dG9zIGRlIHVzby4=
TVNJX0lOQ09SUkVDVF9HQU1FU0FNQkVJRA==,SUQgZG8gR2FtZVNhbWJhIGluY29ycmV0by4gUG9yIGZhdm9yLCB0ZW50ZSBub3ZhbWVudGUu
TVNJX0VBNQ==,JXMgWyVkIEJBXSA6ICVk
TVNJX1VTRVNLSUxMX0ZBSUxfQ09JTlRT,TW9lZGFzIHPDo28gbmVjZXNzw6FyaWFzLg==
TVNJX1VTRVNLSUxMX0ZBSUxfQ09JTlRTX05VTQ==,JWQgTW9lZGFzKHMpIG5lY2Vzc8Ohcmlhcy4=
TVNJX0ZBSUxfTkVFRF9FUVVJUFBFRF9HVU5fR0FUTElORw==,VW1hIG1ldHJhbGhhZG9yYSBkZXZlIGVzdGFyIGVxdWlwYWRhLg==
TVNJX0ZBSUxfTkVFRF9FUVVJUFBFRF9HVU5fU0hPVEdVTg==,VW1hIGVzcGluZ2FyZGEgZGV2ZSBlc3RhciBlcXVpcGFkYS4=
TVNJX0ZBSUxfTkVFRF9FUVVJUFBFRF9HVU5fUklGTEU=,VW0gcmlmbGUgZGV2ZSBlc3RhciBlcXVpcGFkby4=
TVNJX0ZBSUxfTkVFRF9FUVVJUFBFRF9HVU5fSEFOREdVTg==,VW1hIHBpc3RvbGEgZGV2ZSBlc3RhciBlcXVpcGFkYS4=
TVNJX0ZBSUxfTkVFRF9FUVVJUFBFRF9QUk9QRVJUWV9TQUlOVF9CVUxMRVQ=,VW0gcHJvasOpdGlsIHNhZ3JhZG8gZGV2ZSBlc3RhciBlcXVpcGFkby4=
TVNJX01FUkNIQU5UX1NPTERfSVRFTV9MT0c=,SGlzdMOzcmljbyBkYSBWZW5kYQ==
TVNJX01FUkNIQU5UX0lURU1fQlVZX0xPRw==,SGlzdMOzcmljbyBkYSBDb21wcmE=
TVNJX0ZBSUxfTkVFRF9FUVVJUFBFRF9HVU5fR1JBTkFERQ==,VW0gbGFuw6dhIGdyYW5hZGEgZGV2ZSBlc3RhciBlcXVpcGFkby4=
TVNJX0ZBSUxfRFVQTElDQVRFX0hFQVRfQkFSUkVMX0dTX01BRE5FU1NDQU5DRUxfUF9BTFRFUg==,TsOjbyBwb2RlIHNlciB1c2FkYSBqdW50byBjb20gW0Z1cm9yXSwgW1Byb3Rlw6fDo28gUGxhdGluYV0gZSBbUMOibmljbyBkbyBKdXN0aWNlaXJvXS4=
TVNJX1VTRVNLSUxMX0ZBSUxfTUFQ,RXNzYSBoYWJpbGlkYWRlIG7Do28gcG9kZSBzZXIgdXNhZGEgbmVzc2UgbWFwYS4=
TVNJX0dVSUxEX1NUT1JBR0VfV0FSTklORw==,VG9kb3Mgb3MgaXRlbnMgY29udGlkbyBubyBBcm1hesOpbSBkZSBDbMOjIHNlcsOjbyBleGNsdcOtZG9zIGUgbsOjbyBwb2RlbSBzZXIgcmVjdXBlcmFkb3Mu
TVNJX0FNRVJJQ0FfQ0FTSFNIT1BfVVJMX0dBTUVTQU1CQQ==,aHR0cDovL3JhZ25hcm9rLmdhbWVzYW1iYS5jb20v
TVNJX1NFQ09ORF9QQVNTV09SRF9JTkZPXzQ=,RW50ZXIgeW91ciBwYXNzd29yZCB0byBsb2cgaW4=
TVNJX1BFVF9FVk9MVVRJT04=,RXZvbHVpcg==
TVNJX1BFVF9FVk9MVVRJT05fV0lUSF9QRVRfTkFNRQ==,RXZvbHVpciAtICVz
TVNJX1BFVF9FVk9MVVRJT05fTkVFRF9JVEVN,SW5ncmVkaWVudGVz
TVNJX0RPX1lPVV9XQU5UX1RPX0VWT0xWRV9QRVQ=,R29zdGFyaWEgZGUgZXZvbHVpcj8=
TVNJX1BFVF9FVk9MVVRJT05fRkFJTF9VTktOT1dO,RXJybyBkZXNjb25oZWNpZG8u
TVNJX1BFVF9FVk9MVVRJT05fRkFJTF9OT1RFWElTVF9DQUxMUEVU,Vm9jw6ogbsOjbyB0ZW0gdW1hIG1hc2NvdGUu
TVNJX1BFVF9FVk9MVVRJT05fRkFJTF9OT1RfUEVURUdH,SXNzbyBuw6NvIMOpIHVtIE92byBkZSBNYXNjb3Rl
TVNJX1BFVF9FVk9MVVRJT05fRkFJTF9SRUNJUEU=,TWF0ZXJpYWlzIGluc3VmaWNpZW50ZXMgcGFyYSBldm9sdWlyLg==
TVNJX1BFVF9FVk9MVVRJT05fRkFJTF9NQVRFUklBTA==,UG91Y28gbWF0ZXJpYWwgcGFyYSBldm9sdWlyLg==
TVNJX1BFVF9FVk9MVVRJT05fRkFJTF9SR19GQU1JTElBUg==,Vm9jw6ogc8OzIHBvZGUgZXZvbHVpciBzdWEgbWFzY290ZSBjb20gYSBsZWFsZGFkZSBBbHRhLg==
TVNJX1BFVF9BVVRPX0ZFRURJTkc=,QXV0b2FsaW1lbnRhw6fDo28=
TVNJX1BFVF9BVVRPX0ZFRURJTkdfUkVTVA==,TWFzY290ZSBhbGltZW50YWRhIGNvbSBbJXNdLCByZXN0YW06ICVkIHVuLg==
TVNJX1BFVF9BVVRPX0ZFRURJTkdfT04=,QWxpbWVudGHDp8OjbyBhdXRvbcOhdGljYSBkZSBtYXNjb3RlIGxpZ2FkYS4=
TVNJX1BFVF9BVVRPX0ZFRURJTkdfT0ZG,QWxpbWVudGHDp8OjbyBhdXRvbcOhdGljYSBkZSBtYXNjb3RlIGRlc2xpZ2FkYS4=
TVNJX1JFRlJFU0g=,UmVuZXdlZA==
TVNJX1RJTUVfTElORV9NSU5VVEU=,JWQgbWluaW51dGVzIGFnbw==
TVNJX1RJTUVfTElORV9IT1VS,JWQgaG91cnMgYWdv
TVNJX1RJTUVfTElORV9EQVk=,JWQgZGF5cyBhZ28=
TVNJX0JBU0lDX0VYUF9NU0dfUEg=,JWQlJSAoU2Vydmlkb3IgUHJlbWl1bSAlZCUlICsgJXMp
TVNJX1NFTkRfTUFJTA==,RW52aWFuZG8gY2FydGE=
TVNJX01BSUxfU0VOVA==,Q2FydGEgRW52aWFkYQ==
TVNJX0dFVF9JVEVNU19GUk9NX01BSUxfU1VDQ0VFRA==,TyBpdGVtIGZvaSBtb3ZpZG8gcGFyYSBvIHNldSBpbnZlbnTDoXJpby4=
TVNJX0dFVF9JVEVNU19GUk9NX01BSUxfRkFJTEVE,RmFsaGEgbyB0ZW50YXIgcmVjZWJlciBvIGl0ZW0u
TVNJX0dFVF9JVEVNU19GUk9NX01BSUxfT1ZFUldFSUdIVA==,UG9yIEZhdm9yLCBsaW1wZSBvIGludmVudMOhcmlvLg==
TVNJX0dFVF9aRU5ZX0ZST01fTUFJTF9TVUNDRUVE,WmVueSBhZHF1aXJpZG8u
TVNJX0dFVF9aRU5ZX0ZST01fTUFJTF9GQUlMRUQ=,RmFsaGEgYW8gcmV0aXJhciBvcyBaZW55cy4=
TVNJX0dFVF9aRU5ZX0ZST01fTUFJTF9PVkVSQU1PVU5U,TGltaXRlIG3DoXhpbW8gZGUgWmVueSBleGNlZGlkbw==
TVNJX1NFVF9JVEVNU19UT19NQUlMX1NVQ0NFRUQ=,SXRlbSBhbmV4YWRvIGNvbSBzdWNlc3NvLg==
TVNJX0lOVkFMSURfTUFJTF9SRUNJRVZFUl9JTkZP,w4kgbmVjZXNzw6FyaW8gZGlnaXRhciB1bSBkZXN0aW5hdMOhcmlvLg==
TVNJX0lOVkFMSURfTUFJTF9USVRMRV9JTkZP,QXNzdW50byBkZXZlIGNvbnRlciBlbnRyZSA0IMOgIDI0IGNhcmFjdGVyZXMu
TVNJX0ZBSUxFRF9TRU5EX01BSUw=,RmFsaGEgbm8gZW52aW8gZGEgQ2FydGEu
TVNJX0ZBSUxFRF9TRU5EX01BSUxfSVRFTQ==,RW52aW8gZmFsaG91IGRldmlkbyBhIGl0ZW0gaW1wcsOzcHJpby4=
TVNJX0ZBSUVMRF9TRU5EX01BSUxfVE8=,UGVyc29uYWdlbSBuw6NvIGV4aXN0ZQ==
TVNJX0VBNg==,JXMgWyVkIEJBXQ==
TVNJX1BBUlRZX0JPT0tJTkdfRVJSNVIy,UGxlYXNlIGZpbGwgb3V0IDEgdG8gJWQgbnVtZXJpY2FsIHZhbHVlIGZvciBsZXZlbC4=
TVNJX0lURU1fV05EX09WRVJGVUxM,SW52ZW50b3J5IGNsZWFyYW5jZSBuZWVkZWQ=
TVNJX0ZBSUxFRF9NQUlMX0xJTUlUX0NOVA==,U2lzdGVtYSBlbSBEZXNlbnZvbHZpbWVudG8gLS1FTSBCUkVWRS0t
TVNJX0ZBSUxFRF9UT19XUklURV9NQUlM,Vm9jw6ogbsOjbyBwb2RlIGFicmlyIGVzc2EgY2FydGE=
TVNJX0pPSU5FRF9JTl9DTEFO,Vm9jw6ogasOhIHBlcnRlbmNlIGEgdW0gQ2zDoy4=
TVNJX0dPTERQQ0NBRkVfTUlMRUFHRQ==,R29sZCBQQyBjYWZlIHBvaW50IGluZm9ybWF0aW9u
TVNJX1BFVF9FVk9MVVRJT05fRkFJTF9QRVRfQUNDX09GRg==,RGVzZXF1aXBlIG8gYWNlc3PDs3JpbyBkYSBtYXNjb3RlIHBhcmEgcG9kZXIgZXZvbHVpci4=
TVNJX1RJTUVfTElORV9NSU5VVEUy,SW4gJWQgbWludXRvcw==
TVNJX1RJTUVfTElORV9IT1VSMg==,SW4gJWQgaG9yYXM=
TVNJX1RJTUVfTElORV9EQVky,SW4gJWQgZGlhcw==
TVNJX0lOVkFMSURfQ0NPREVfSU5GTw==,Q2xpcXVlIG5vIGJvdMOjbyBDb25mZXJpciBhbnRlcyBkZSBFbnZpYXIgYSBDYXJ0YS4=
TVNJX0ZBSUxFRF9ERUxFVEVfTUFJTA==,Vm9jw6ogcG9kZXLDoSBkZWxldMOhLWxhIGFww7NzIHJldGlyYXIgdG9kb3Mgb3MgYW5leG9zLg==
TVNJX0ZBSUxFRF9TRU5EX01BSUxfWkVOWQ==,Vm9jw6ogbsOjbyBwb2RlIGFuZXhhciBtYWlzIFplbnlzIGRvIHF1ZSBwb3NzdWk=
TVNJX1NFTkRfTUFJTF9DT01NSVNTSU9O,Q2hhcmdlOiAlcyBaZW55
TVNJX0ZBSUxFX01BSUxfUkVDSUVWRVJfSU5GTw==,RGVzdGluYXTDoXJpbyBpbmV4aXN0ZW50ZQ==
TVNJX1RBSVdBTl9QRVJTT05BTElORk9fRVhQTVNH,RVhQICA6ICUuMWYlJSAoQmFzaWMgJS4xZiUlIFByZW1pdW0gJS4xZiUlICsgJXMgJS4xZiUlKQ==
TVNJX1RBSVdBTl9QRVJTT05BTElORk9fRFJPUE1TRw==,RFJPUCA6ICUuMWYlJSAoQmFzaWMgJS4xZiUlIFByZW1pdW0gJS4xZiUlICsgJXMgJS4xZiUlKQ==
TVNJX1RBSVdBTl9QRVJTT05BTElORk9fREVBVEhNU0c=,REVBVEg6ICUuMWYlJSAoQmFzaWMgJS4xZiUlIFByZW1pdW0gJS4xZiUlICsgJXMgJS4xZiUlKQ==
TVNJX01JTEVBR0VfSEVMUA==,Q2xpcXVlIHBhcmEgYWJyaXIgYSBsb2phIGRlIHByZXNlbsOnYS4=
TVNJX1JFU1RSQUlOVF9PRl9UUkFERV8x,VGhpcyBmdW5jdGlvbiB1bmF2YWlsYWJsZSBpbiB0aGlzIHNlcnZlci4=
TVNJX1JFU1RSQUlOVF9PRl9UUkFERV8y,VXNpbmcgY2FydCBpcyByZXN0cmljdGVkIGluIHRoaXMgc2VydmVyLg==
TVNJX1JFU1RSQUlOVF9PRl9UUkFERV8z,QXVjdGlvbiBpcyByZXN0cmljdGVkIGluIHRoaXMgc2VydmVyLg==
TVNJX1JFU1RSQUlOVF9PRl9UUkFERV80,VHJhZGUgaXMgcmVzdHJpY3RlZCBpbiB0aGlzIHNlcnZlci4=
TVNJX1JFU1RSQUlOVF9PRl9UUkFERV81,RHJvcHBpbmcgaXRlbXMgaXMgcmVzdHJpY3RlZCBpbiB0aGlzIHNlcnZlci4=
TVNJX1JFU1RSQUlOVF9PRl9UUkFERV82,WW91IGNhbm5vdCB1c2UgVmVuZGluZyBmdW5jdGlvbi4=
TVNJX1VTRVNLSUxMX0ZBSUxfU1VNTU9OX1NQX0lOU1VGRklDSUVOVA==,U3VtbW9uZWUgaXMgc2hvcnQgb2YgU1A=
TVNJX1NFTkRfTUFJTF9XRUlHSFQ=,JXMvJXM=
TVNJX0lOVkFMSURfTUFJTF9DT05URU5UU19JTkZP,TGVuZ3RoIG9mIG1haWwgc2hvdWxkIGJlIGxlc3MgdGhhbiAxSw==
TVNJX1NFVF9JVEVNU19UT19NQUlMX0ZBSUxFRA==,RmFsaGEgbmEgYW5leGHDp8OjbyBkbyBpdGVtLg==
TVNJX1NFVF9JVEVNU19UT19NQUlMX09WRVJfV0VJR0hU,TGltaXRlIGRlIFBlc28gcGFyYSBJdGVucyBmb2kgZXhjZWRpZG8u
TVNJX0RZTkFNSUNOUENfRkFJTF9EVVBMSUNBVEVOQU1F,SsOhIGV4aXN0ZSB1bWEgQXJjYSBpbnZvY2FkYSBuZXN0ZSBtYXBhLg==
TVNJX0ZBSUxFRF9PUEVOX1JPVUxMRVRURQ==,WW91IGNhbm5vdCBvcGVuIEx1Y2t5IFJvdWxldHRlIHdpbmRvdy4=
TVNJX0ZBSUxFRF9DTE9TRV9ST1VMTEVUVEU=,WW91IGNhbm5vdCBjbG9zZSBMdWNreSBSb3VsZXR0ZSB3aW5kb3cu
TVNJX0ZBSUxFRF9HRU5FUkFURV9ST1VMTEVUVEU=,WW91IGNhbm5vdCBzdGFydCBMdWNreSBSb3VsZXR0ZS4=
TVNJX05PVF9FTk9VR0hfUk9VTExFVFRFX1BPSU5U,WW91IG5lZWQgcG9pbnRzIHRvIHN0YXJ0IEx1Y2t5IFJvdWxldHRlLg==
TVNJX0ZBSUxFRF9SRUNWX0lURU0=,WW91IGNhbm5vdCBjbGFpbSB0aGUgcHJpemUu
TVNJX0ZBSUxFRF9SRUNWX0lURU1fT1ZFUkNPVU5U,TyBsaW1pdGUgbcOheGltbyBkZSBpdGVucyBmb2kgZXhjZWRpZG8u
TVNJX0ZBSUxFRF9SRUNWX0lURU1fT1ZFUldFSUdIVA==,WW91IGFyZSBvdmVyYnVyZGVuZWQuIFBsZWFzZSBjbGVhciBzb21lIGl0ZW1zIGZyb20gdGhlIGludmVudG9yeS4=
TVNJX01FUkNIQU5UU0hPUF9NQUtJTkdfRkFJTA==,VmVuZGluZyBza2lsbCBmYWlsZWQ=
TVNJX0ZBSUxFRF9DTE9TRV9ST1VMTEVUVEVXTkQ=,QSByb2xldGEgZXN0w6EgZ2lyYW5kby4gUG9yIGZhdm9yLCB0ZW50ZSBub3ZhbWVudGUgZGVwb2lzIGRlIHZlcmlmaWNhciBvcyBpdGVucyB2ZW5jZWRvcmVz
TVNJX1JPVUxMRVRURV9XTkQ=,THVja3kgUm91bGV0dGU=
TVNJX1NPVU5ERUZGRUNUX0lURU1TRUxMV05E,QWxlcnRhciBxdWFuZG8gdmVuZGVy
TVNJX0ZBSUxFRF9TRU5EX01BSUxfSVRFTVM=,Vm9jw6ogbsOjbyB0ZW0gWmVueXMgc3VmaWNpZW50ZXMgcGFyYSBlbnZpYXIgYSBjYXJ0YQ==
TVNJX0NIRUNLX1VTRVJfTkFNRQ==,Q2hlY2sgdXNlciBuYW1l
TVNJX0RFTEVURV9EVUVfREFURQ==,U2NoZWR1bGVkIHRvIGJlIHJlbW92ZWQ=
TVNJX0FDSElFVkVNRU5UX1NZU1RFTQ==,Q29ucXVpc3Rhcw==
TVNJX0FDSElFVkVNRU5UX1RPVEFMX1NDT1JF,UG9udHVhw6fDo28gVG90YWw=
TVNJX0FDSElFVkVNRU5UX0dSQURF,UmFua2luZyBkZSBDb25xdWlzdGFz
TVNJX0FDSElFVkVNRU5UX1NDT1JFX1JFUVVJUkVEX1RPX1JFV0FSRA==,UG9udG9zIHBhcmEgbyBwcsOzeGltbyBuw612ZWw6IFslNWRd
TVNJX0FDSElFVkVNRU5UX1NVTU1BUllfVElUTEU=,UHJvZ3Jlc3Nv
TVNJX0FDSElFVkVNRU5UX1JFQ0VOVF9BQ0hJRVZFTUVOVA==,Q29ucXVpc3RhcyBSZWNlbnRlcw==
TVNJX0NBU0hfR0VEQVJFMQ==,WGlhbmJlaSBpdGVtIGxpc3Q=
TVNJX0NBU0hfR0VEQVJFMg==,WGlhbmJlaTogJWQgLyAlZA==
TVNJX0NBU0hfR0VEQVJFX0ZBSUxfTU9ORVk=,WW91IGFyZSBzaG9ydCBvZiBYaWFuYmVp
TVNJX0NBU0hfR0VEQVJFX01PTkVZ,JXM=
TVNJX0FDSElFVkVNRU5UX1RBQl9TVU1NQVJZ,Vmlzw6NvIEdlcmFs
TVNJX0FDSElFVkVNRU5UX1RBQl9HRU5FUkFM,QsOhc2ljbw==
TVNJX0FDSElFVkVNRU5UX1RBQl9HRU5FUkFMX0NIQVJBQ1RFUg==,UGVyc29uYWdlbQ==
TVNJX0FDSElFVkVNRU5UX1RBQl9HRU5FUkFMX0FDVElPTg==,QcOnw7Vlcw==
TVNJX0FDSElFVkVNRU5UX1RBQl9HRU5FUkFMX1JFU1Q=,RXRjLg==
TVNJX0FDSElFVkVNRU5UX1RBQl9BRFZFTlRVUkU=,QXZlbnR1cmFz
TVNJX0FDSElFVkVNRU5UX1RBQl9BRFZFTlRVUkVfUlVORU1JREdBUlRT,UnVuZS1NaWRnYXJk
TVNJX0FDSElFVkVNRU5UX1RBQl9BRFZFTlRVUkVfU0NIV0FSWldBTEQ=,U2Nod2FydHp3YWxk
TVNJX0FDSElFVkVNRU5UX1RBQl9BRFZFTlRVUkVfQVJVTkFGRUxUWg==,QXJ1bmFmZWx0eg==
TVNJX0FDSElFVkVNRU5UX1RBQl9BRFZFTlRVUkVfQU5PVEhFUldPUkxE,Tm92byBNdW5kbw==
TVNJX0FDSElFVkVNRU5UX1RBQl9BRFZFTlRVUkVfTE9DQUxJWklORw==,SWxoYSBOYcOnw6Nv
TVNJX0FDSElFVkVNRU5UX1RBQl9BRFZFTlRVUkVfRFVOR0VPTg==,Q2F2ZXJuYXM=
TVNJX0FDSElFVkVNRU5UX1RBQl9CQVRUTEU=,QmF0YWxoYXM=
TVNJX0FDSElFVkVNRU5UX1RBQl9CQVRUTEVfUFZQ,UHZQ
TVNJX0FDSElFVkVNRU5UX1RBQl9CQVRUTEVfVFJBSU5JTkc=,VHJlaW5v
TVNJX0FDSElFVkVNRU5UX1RBQl9RVUVTVA==,UXVlc3Q=
TVNJX0FDSElFVkVNRU5UX1RBQl9RVUVTVF9FUElTT0RF,RXBpc8OzZGlv
TVNJX0FDSElFVkVNRU5UX1RBQl9RVUVTVF9HRU5FUkFM,T3V0cm9z
TVNJX0FDSElFVkVNRU5UX1RBQl9NRU1PUklBTA==,SW5zdMOibmNpYQ==
TVNJX0FDSElFVkVNRU5UX1RBQl9NRU1PUklBTF9NSURHQVJE,TWlkZ2FyZA==
TVNJX0FDSElFVkVNRU5UX1RBQl9NRU1PUklBTF9BTk9USEVSV09STEQ=,QXNoIFZhY3V1bQ==
TVNJX0FDSElFVkVNRU5UX1RBQl9NRU1PUklBTF9SRVNU,RXRjLg==
TVNJX0FDSElFVkVNRU5UX1RBQl9BQ0hJRVZFTUVOVA==,TsOtdmVs
TVNJX0FDSElFVkVNRU5UX1RBQl9UT1RBTA==,Q29ucXVpc3RhcyBkZXNibG9xdWVhZGFz
TVNJX0ZBSUxfQUREX0FDSElFVkVNRU5UX1RSQUNJTkc=,SW1wb3Nzw612ZWwgYWRpY2lvbmFyIG1haXM=
TVNJX05PVElDRV9DT01QTEVURV9BQ0hJRVZFTUVOVA==,Q29ucXVpc3RhIGRlc2Jsb3F1ZWFkYSA8ICVzID4u
TVNJX09UUFVTRVJfT05MWQ==,T25seSBPVFAgdXNlcnMgYXJlIGFsbG93ZWQ=
TVNJX0dFVF9ST1VMTEVURV9QUklaRQ==,U2Ugdm9jw6ogcHJlc3Npb25hciBlc3RlIGJvdMOjbywgdm9jw6ogcmVjZWJlcsOhIG8gcHLDqm1pbyBlIGEgcm9sZXRhIHNlcsOhIGluaWNpYWxpemFkYS4=
TVNJX05PVElDRV9ORVhUX1JPVUxMRVRFX1NUQUdF,U2Ugdm9jw6ogcHJlc3Npb25hciBlc3RlIGJvdMOjbywgYSByb2xldGEgY29tZcOnYXLDoSBhIHBhcnRpciBkYSBsaW5oYSBpbmRpY2FkYSBwb3IgdW1hIHNldGEgcGlzY2FuZG8u
TVNJX1RJVExFX0VRVUlQTUVOVA==,VMOtdHVsbw==
TVNJX1RBS0VPRkZfVElUTEU=,UmVtb3ZlciBUw610dWxv
TVNJX0dVSUxEX01BS0VfR1VJTERfTk9UX1BFUk1JVFRFRF9NQVA=,WW91IGNhbm5vdCBjcmVhdGUgdGhlIGd1aWxkIGluIHRoaXMgYXJlYS4=
TVNJX0dVSUxEX0RJU09SR0FOSVpFX0dVSUxEX05PVF9QRVJNSVRURURfTUFQ,WW91IGNhbm5vdCBkaXNiYW5kIHRoZSBndWlsZCBpbiB0aGlzIGFyZWEu
TVNJX0dVSUxEX0pPSU5fR1VJTERfTk9UX1BFUk1JVFRFRF9NQVA=,WW91IGNhbm5vdCBqb2luIHRoZSBndWlsZCBpbiB0aGlzIGFyZWEu
TVNJX0dVSUxEX0xFQVZFX0dVSUxEX05PVF9QRVJNSVRURURfTUFQ,WW91IGNhbm5vdCBsZWF2ZSB0aGUgZ3VpbGQgaW4gdGhpcyBhcmVhLg==
TVNJX0dVSUxEX0VYUEVMX0dVSUxEX05PVF9QRVJNSVRURURfTUFQ,WW91IGNhbm5vdCBleHBlbCBndWlsZCBtZW1iZXJzIGluIHRoaXMgYXJlYS4=
TVNJX0dVSUxEX1BPU0lUSU9OX0NIQU5HRV9OT1RfUEVSTUlUVEVEX01BUA==,WW91IGNhbm5vdCBjaGFuZ2UgZ3VpbGQgcG9zaXRpb24gaW4gdGhpcyBhcmVhLg==
TVNJX05PVF9FTk9VR0hfU1BBQ0VfSU5fSVRFTV9CT0RZ,UGxlYXNlIG1ha2UgbW9yZSB0aGFuIDUgaXRlbSBzbG90cyBpbiB0aGUgaW52ZW50b3J5Lg==
TVNJX0pQTl9QRVJTT05BTElORk9fRVhQTVNH,RSBYIFA6ICUuMWYlJSAoQmFzaWMgMTAwLjAlJSBQQyBjYWZlICUuMWYlJSArICVzICUuMWYlJSk=
TVNJX0pQTl9QRVJTT05BTElORk9fRFJPUE1TRw==,RFJPUCA6ICUuMWYlJSAoQmFzaWMgMTAwLjAlJSBQQyBjYWZlICUuMWYlJSArICVzICUuMWYlJSk=
TVNJX0pQTl9QRVJTT05BTElORk9fREVBVEhNU0c=,REVBVEg6ICUuMWYlJSAoQmFzaWMgMTAwLjAlJSBQQyBjYWZlICUuMWYlJSArICVzICUuMWYlJSk=
TVNJX1NFVF9JVEVNU19UT19NQUlMX09WRVJDT1VOVA==,TGltaXRlIGRlIEl0ZW5zIGFuZXhhZG9zIGZvaSBleGNlZGlkby4=
TVNJX1NPVU5ERUZGRUNUX0lURU1CVVlXTkQ=,Tm90aWZpY2FyIGFvIGNvbXByYXIgdW0gaXRlbQ==
TVNJX1NFVF9VTk1PVkVBQkxFX0lURU0=,RXNzZSBpdGVtIG7Do28gcG9kZSBzZXIgYW5leGFkbyBubyBSb2RleC4=
TVNJX1JFU1VMVF9BTFJFQURZX0xPU0lOR19JRFg=,RHJhd2luZyB0aGUgYmxhbmsgaW4gdGhlIHByZXZpb3VzIHJvdWxldHRlLCB5b3UgY2Fubm90IHBsYXkgdGhlIGhpZ2hlciByb3VsZXR0ZS4=
TVNJX1JPREVYX0ZPV0FSRA==,RXNjcmV2ZXIgUmVzcG9zdGE=
TVNJX1JPREVYX1JFQUQ=,Q2FydGEgTGlkYQ==
TVNJX1JPREVYX0RFTEVURQ==,RGVsZXRhciBDYXJ0YQ==
TVNJX1RBSVdBTl9DQVNIX01TR18x,WGlhbmJlaTogJWQ=
TVNJX1RBSVdBTl9DQVNIX01TR18y,JXMgJXMgWGlhbmJlaQ==
TVNJX1RBSVdBTl9DQVNIX01TR18z,WGlhbmJlaQ==
TVNJX1RBSVdBTl9DQVNIX01TR180,VG90YWw6ICVkIFhpYW5iZWk=
TVNJX1RBSVdBTl9DQVNIX01TR181,JWQgLT4gJXMgWGlhbmJlaQ==
TVNJX1RBSVdBTl9DQVNIX01TR182,JXMgWGlhbmJlaQ==
TVNJX1RBSVdBTl9DQVNIX01TR183,Q3VycmVudCBYaWFuYmVpOiAlcw==
TVNJX1RBSVdBTl9DQVNIX01TR184,JXM6ICAlcyAgWGlhbmJlaQ==
TVNJX1RBSVdBTl9DQVNIX01TR185,JTEwcyBYaWFuYmVp
TVNJX1RBSVdBTl9DQVNIX01TR18xMA==,VG90YWw6ICVzIFhpYW5iZWk=
TVNJX1RBSVdBTl9DQVNIX01TR18xMQ==,P0NoYXJnZSAzJSAvIENoYXJnaW5nIEF0IGxlYXN0IDEgWGlhbmJlaQ==
TVNJX1RBSVdBTl9DQVNIX0lURU1fQkFZX01BRzI=,WGlhbmJlaQ==
TVNJX1RBSVdBTl9DQVNIX1dBUk5JTkdfUFJJQ0U2,XjAwMDBmZiBYaWFuYmVpXjAwMDAwMC5cbiBDb3JyZWN0Pw==
TVNJX1RBSVdBTl9DQVNIX1dBUk5JTkdfUFJJQ0U3,T3ZlciAxIGJpbGxpb24gWGlhbmJlaSBjb25maXJtYXRpb24=
TVNJX1RBSVdBTl9DQVNIX09WRVJQUklDRV9NQVg=,SWYgeW91IGZpbGwgb3ZlciAxIGJpbGxpb24sIHRoZSBwcmljZSB3aWxsIGJlIGF1dG9tYXRpY2FsbHkgc2V0IGFzIDEwIGJpbGxpb24gWGlhbmJlaS4=
TVNJX1RBSVdBTl9DQVNIX09WRVJQUklDRTk5OTk=,SWYgeW91IGZpbGwgb3ZlciA5LDk5OSBYaWFuYmVpLCB0aGUgcHJpY2Ugd2lsbCBhdXRvbWF0aWNhbGx5IHNldCBhcyA5LDk5OSBYaWFuYmVpLg==
TVNJX1RBSVdBTl9DQVNIX1lPVV9IQVZFX0ZSRUVfSVRFTV9PTl9TSE9Q,VGhlcmUgYXJlIGl0ZW1zIHByaWNlZCAwIFhpYW5iZWkuIFlvdSBjYW5ub3Qgb3BlbiB2ZW5kaW5nLg==
TVNJX1RBSVdBTl9DQVNIX01DU1RPUkVfRkFJTF9TRUxMRVJfTU9ORVlfR0lWRQ==,VGhlIG9wcG9uZW50IGlzIG92ZXIgdGhlIFhpYW5iZWkgbGltaXQuIFRyYWRlIGZhaWxlZC4=
TVNJX1RBSVdBTl9DQVNIX0JVWUlOR1NUT1JFX01BS0VXTkRfUkVJTlBVVFBSSUNF,UGxlYXNlIGZpbGwgb3V0ICVzIGl0ZW0gcHJpY2UgbGVzcyB0aGFuIDEgYmlsbGlvbiBYaWFuYmVpLg==
TVNJX1RBSVdBTl9DQVNIX0JVWUlOR1NUT1JFX01BS0VXTkRfSVRFTUxJU1Q=,JXM6ICAlcyAgWGlhbmJlaSA9PiAlcyBlYQ==
TVNJX1RBSVdBTl9DQVNIX0JVWUlOR1NUT1JFX01ZU0hPUFdORF9MSU1JVFpFTlk=,TGltaXRlZCBwcmljZTogJXMgWGlhbmJlaQ==
TVNJX1RBSVdBTl9DQVNIX0JVWUlOR1NUT1JFX01ZU0hPUFdORF9JVEVNSU5GTw==,JXMgJXMgJWQgWGlhbmJlaQ==
TVNJX1RBSVdBTl9DQVNIX0JVWUlOR1NUT1JFX1RSQURFX1NFTExDT01QTEVURQ==,JWQgJXMgYXJlIHNvbGQuIEluIHRvdGFsICVkIFhpYW5iZWkuIDMlJSBjaGFyZ2Ugd2lsbCBiZSBpbXBvc2VkLg==
TVNJX1JPREVYX1dORA==,Uk9ERVg=
TVNJX1JPREVYX1NFTkRfV05E,RU5WSUFS
TVNJX1JPREVYX1JFQ0VJVkVfV05E,UkVDRUJFUg==
TVNJX1JPREVYX0NIT09TRVdORF9GQUlMRUQ=,RmVjaGUgYSBqYW5lbGEgZG8gUm9kZXgsIFBvciBGYXZvci4=
TVNJX0FDQ0VTU19ERU5JRURfQllfQVVUSFNFUlZFUl9DT05ORUNUSU9O,U2VydmVyIGFjY2VzcyBkZW5pZWQoQSk=
TVNJX0FDQ0VTU19ERU5JRURfQllfQklMTFNFUlZFUl9DT05ORUNUSU9O,U2VydmVyIGFjY2VzcyBkZW5pZWQoQik=
TVNJX1VORVFVSVBfQVJST1cy,WW91IHNob3VsZCBkaXNhcm0gdGhlIGVxdWlwcGVkIGFycm93cy9idWxsZXRzLg==
TVNJX0ZBSUxFRF9NQUlMX0NBVVNFX1RPX1VTRV9JVEVN,Vm9jw6ogcmVhbGl6b3UgdW1hIGHDp8OjbyBjb20gdW0gaXRlbSBubyBpbnZlbnTDoXJpby4gQSBqYW5lbGEgZG8gUm9kZXggZm9pIGZlY2hhZGEu
TVNJX0ZBSUxJRURfT05FQ0xJQ0tfSVRFTUlERU5USUZZX05PX01BR05JRklFUg==,Vm9jw6ogbsOjbyB0ZW0gdW1hIEx1cGEu
TVNJX0ZBSUxFRF9VTkxPQ0tfSVRFTV9EUk9QX0lOX0NPTVBPU0VfV05E,UGFyYSBkcm9wYXIgaXRlbnMsIHBvciBmYXZvciBmZWNoZSBhIGphbmVsYSBkbyBSb2RleC4=
TVNJX0ZBSUxFRF9GUklFTkRfQUREX19BTFJFQURZX1JFUVVFU1Q=,VGhlIG9wcG9uZW50IGhhcyBhbHJlYWR5IHJlcXVlc3RlZCB5b3UgdG8gYmUgYSBmcmllbmQu
TVNJX1VJU0NSSVBUX0VSUk9SX0dVSURF,QUpVREEgREUgRVJSTyBERSBTQ1JJUFQ=
TVNJX1VJU0NSSVBUX0VSUk9SX0dVSURFX01TRw==,XG5FcnJvcmZpbGUgOiAlc1xuRXJyb3JMaW5lIDogJWQgbGluZXNcbkVycm9yQ29udGVudDogXG4qUHJldmlvdXMgbGluZTogJXMgXG4qRXJyb3JsaW5lIDogJXMgXG4qTmV4dCBsaW5lOlxuICVz
TVNJX1RBSVdBTl9DQVNIX0JVWV9SRUNPTkZJUk0=,XmZmMDAwMERvIHlvdSB3YW50IHRvIHB1cmNoYXNlIHRoZSBpdGVtPyAlZCBwb2ludHMgYW5kICVkIFhpYW5iZWkgd2lsbCBiZSB1c2VkLg==
TVNJX01JTklNQVBfTVNHXzAx,RmVjaGFy
TVNJX01JTklNQVBfTVNHXzAy,UXVlc3Q=
TVNJX01JTklNQVBfTVNHXzAz,QXRpdmFyIMOtY29uZXM=
TVNJX01JTklNQVBfTVNHXzA0,VXRpbGl0w6FyaW9z
TVNJX01JTklNQVBfTVNHXzA1,QXRpdmFyIFV0aWxpdMOhcmlvcw==
TVNJX01JTklNQVBfTVNHXzA2,TWVtYnJvcw==
TVNJX01JTklNQVBfTVNHXzA3,QXRpdmFyIE1lbWJyb3M=
TVNJX01JTklNQVBfTVNHXzA4,QW5vdGHDp8Ojbw==
TVNJX01JTklNQVBfTVNHXzA5,TVZQ
TVNJX01JTklNQVBfTVNHXzEw,Vm9jw6o=
TVNJX01JTklNQVBfTVNHXzEx,RGVzZWphIGRlbGV0YXIgYSBhbm90YcOnw6NvPw==
TVNJX01JTklNQVBfTVNHXzEy,TlBDIGRlIFF1ZXN0
TVNJX01JTklNQVBfTVNHXzEz,QW5vdGFy
TVNJX01JTklNQVBfTVNHXzE0,U2FsdmFy
TVNJX01JTklNQVBfTVNHXzE1,QW5vdGHDp8O1ZXM=
TVNJX0VBNw==,JXMgWyVkIE9wdGlvbl0gJWQgZWE=
TVNJX0VBOA==,JXMgWyVkIE9wdGlvbl0gJXMgWmVueQ==
TVNJX0VBOQ==,JXMgWyVkIE9wdGlvbl0gJWQgJXMgJWQgLT4gJXMgJXM=
TVNJX0VBMTA=,JXMgWyVkIE9wdGlvbl0gJWQgJXMgJXMgJXM=
TVNJX0VBMTE=,JXMgWyVkIE9wdGlvbl0gJWQgLT4gJXMgJXM=
TVNJX0VBMTI=,JXMgWyVkIE9wdGlvbl0gJXMgJXM=
TVNJX1RBSVdBTl9DQVNIX0xFTUlURU1JTg==,WW91IHNob3VsZCBzZXQgbW9yZSB0aGFuIHRoZSBtaW5pbXVtIHRyYWRlIHVuaXQ6IDEwMCBYaWFuYmVpLg==
TVNJX0RSRVNTUk9PTV9IRUFSQ09MT1I=,SGFpciBjb2xvcg==
TVNJX0RSRVNTUk9PTV9IRUFSU1RZTEU=,SGFpcnN0eWxl
TVNJX0RSRVNTUk9PTV9CT0RZQ09MT1I=,RHJlc3MgY29sb3I=
TVNJX0RSRVNTUk9PTV9CT0RZU1RZTEU=,RHJlc3Mgc3R5bGU=
TVNJX01JTklNQVBfTVNHXzE2,VW5zdXBwb3J0ZWQgbWFw
TVNJX0JBTktfTUFYX01PTkVZ,UHJlZW5jaGEgbWVub3MgZGUgMiwxNDcsNDgzLDY0NyBaZW55Lg==
TVNJX0JBTktfTUlOX01PTkVZ,UHJlZW5jaGEgbWFpcyBkZSAxIFplbnku
TVNJX0JBTktfMF9NT05FWQ==,Vm9jw6ogbsOjbyB0ZW0gWmVueS4=
TVNJX0JBTktfMQ==,R3VhcmRhciBaZW55
TVNJX0JBTktfMg==,RGVwb3NpdGFy
TVNJX0JBTktfMw==,WmVueSBuYSBtw6Nv
TVNJX0JBTktfNA==,RGVwb3NpdGFy
TVNJX0JBTktfNQ==,UmV0aXJhcg==
TVNJX0JBTktfNg==,MSB6IEFjaW1h
TVNJX0JBTktfNw==,MSB6IEFiYWl4bw==
TVNJX0JBTktfTUFY,TcOheC4=
TVNJX0JBTktfTk9NU0c=,U2VtIGVudHJhZGE=
TVNJX0JBTktfMF9NSU5J,WmVueSBjdXJ0bw==
TVNJX0JBTktfMV9NSU5J,TmVlZHMgaW5wdXQ=
TVNJX0JBTktfMl9NSU5J,TsOjbyDDqSBwb3Nzw612ZWwgaW5zZXJpciBjYXJhY3RlcmVz
TVNJX0JBTktfM19NSU5J,QWNpbWEgZGEgZW50cmFkYSBtw6F4aW1h
TVNJX0JBTktfNF9NSU5J,QWJhaXhvIGRhIGVudHJhZGEgbcOtbmltYQ==
TVNJX0JBTktfNV9NSU5J,RmFsdGEgZGUgWmVueSBuYSBtw6Nv
TVNJX0JBTktfNl9NSU5J,RmFsdGEgZGUgWmVueSBubyBlc3RvcXVl
TVNJX0JBTktfN19NSU5J,RXhjZWRldSBvIG3DoXhpbW8gZGUgWmVueSBuYSBtw6Nv
TVNJX0lURU1NT1ZFSU5GT19EUk9Q,RHJvcCDDkQ==
TVNJX0lURU1NT1ZFSU5GT19TVE9SRQ==,QXJtYXrDqW0gw5E=
TVNJX0lURU1NT1ZFSU5GT19DQVJU,Q2FycmluaG8gw5E=
TVNJX0lURU1NT1ZFSU5GT19NQUlM,RS1tYWlsIMOR
TVNJX0lURU1NT1ZFSU5GT19FWENIQU5HRVdORA==,VHJhZGUgw5E=
TVNJX0lURU1NT1ZFSU5GT19BVUNUSU9O,QXVjdGlvbiDDkQ==
TVNJX0lURU1NT1ZFSU5GT19TVE9SRU9GR1VJTEQ=,QXJtYXrDqW4gZG8gQ2zDoyDDkQ==
TVNJX0lURU1NT1ZFSU5GT19UT05QQw==,VmVuZGVyIG5vIE5QQyDDkQ==
TVNJX0lURU1NT1ZFSU5GT19CVE4=,SMOhIHJlc3RyacOnw6NvIGRlIG1vdmltZW50bw==
TVNJX0NSRUFURV9DSEFSQUNURVI=,UG9yIGZhdm9yLCBjcmllIHNldSBwZXJzb25hZ2VtLg==
TVNJX1VORVFVSVBfQVJST1cz,WW91IG5lZWQgdG8gZGlzYXJtIHRoZSBlcXVpcHBlZCBwcm9qZWN0aWxlcy4=
TVNJX1JFRlVTRV9NREVOR0VPTl9JU19GVUxM,WW91IGNhbm5vdCBlbnRlciB0aGUgbWVtb3JpYWwgZHVuZ2VvbiBkdWUgdG8gZXhjZXNzaXZlIG51bWJlciBvZiBwZW9wbGUu
TVNJX0VSUk9SX01ERU5HRU9OX0lTX0ZVTEw=,TWVtb3JpYWwgZHVuZ2VvbiBlbnRlcmFuY2UgZmFpbGVkIGR1ZSB0byBleGNlc3NpdmUgbnVtYmVyIG9mIHBlb3BsZS4=
TVNJX0lORk9STUFUSU9OX1VTQQ==,JS4xZiUlICggJXMgU2Vydmlkb3I6ICUuMWYlJSArIFByZW1pdW06JS4xZiUlICk=
TVNJX0lORk9STUFUSU9OX1VTQV9ERUFUSA==,JS4xZiUlICggJXMgU2Vydmlkb3I6ICUuMWYlJSArIFByZW1pdW06JS4xZiUlICk=
TVNJX1BFUlZFTlRfRFVQTElDQVRFVVNFX0lURU0=,VW5hYmxlIHRvIHVzZSBkdWUgdG8gdGhlIGR1cGxpY2F0ZWQgaXRlbS4=
TVNJX1BFUlZFTlRfRFVQTElDQVRFVVNFX0VGU1RJVEVN,VW5hYmxlIHRvIHVzZSBkdWUgdG8gdGhlIGR1cGxpY2F0ZWQgZWZmZWN0Lg==
TVNJX1FVQUtFX0VGRkVDVF9PTg==,RWZlaXRvIGRlIHRyZW1lZGVpcmEgZGEgdGVsYSBbTGlnYWRvXQ==
TVNJX1FVQUtFX0VGRkVDVF9PRkY=,RWZlaXRvIGRlIHRyZW1lZGVpcmEgZGEgdGVsYSBbRGVzbGlnYWRvXQ==
TVNJX0dBTUVIQUNLX0RFVEVDVDI=,QW4gaWxsZWdhbCBwcm9ncmFtIGhhcyBiZWVuIGRldGVjdGVkLg==
TVNJX1NFTkRfUk9ERVg=,RW52aWFyIFJPREVY
TVNJX1VTQV9QRVJTT05BTElORk9fRVhQ,RSBYIFA6ICUuMWYlJSAoQmFzaWMgMTAwLjAlJSBWSVAgQm9udXMgJS4xZiUlICsgJXMgJS4xZiUlKQ==
TVNJX1VTQV9QRVJTT05BTElORk9fRFJPUA==,RFJPUCA6ICUuMWYlJSAoQmFzaWMgMTAwLjAlJSBWSVAgQm9udXMgJS4xZiUlICsgJXMgJS4xZiUlKQ==
TVNJX1VTQV9QRVJTT05BTElORk9fREVBVEg=,REVBVEg6ICUuMWYlJSAoQmFzaWMgMTAwLjAlJSBWSVAgQm9udXMgJS4xZiUlICsgJXMgJS4xZiUlKQ==
TVNJX05PVF9VU0lOR19UQUdfVE9fTkFNRQ==,Vm9jw6ogbsOjbyBwb2RlIHVzYXIgaXNzby4=
TVNJX1NUWUxJTkdfU0hPUA==,U3R5bGluZyBzaG9w
TVNJX1NUWUxJTkdfU0hPUF9ORUVEX0NPVVBPTg==,Tm8gY291cG9ucy4gUHVyY2hhc2UgaXRlbXMgaW4gQ2FzaCBTaG9w
TVNJX1NUWUxJTkdfU0hPUF9PUEVOX0NPVVBPTg==,UGxlYXNlIG9wZW4gdGhlIGl0ZW0gY291cG9uIGJveCBpbiB0aGUgaW52ZW50b3J5Lg==
TVNJX1NUWUxJTkdfU0hPUF9ERUxFVEVfQ0hBUg==,RG8geW91IHdhbnQgdG8gZGVsZXRlIGl0Pw==
TVNJX1NUWUxJTkdfU0hPUF9GQUlMX1RPX0FERF9DSEFSX1RPX0xJS0U=,Tm8gbW9yZSBzbG90cy4gUGxlYXNlIHJlbW92ZSBzb21lIGluIEJvb2ttYXJrcy4=
TVNJX1NUWUxJTkdfU0hPUF9BREpVU1RfTkVXX0NIQVJfU1RZTEU=,Vm9jw6ogY29uZmlybWEgYSB0cm9jYSBkZSBlc3RpbG8/
TVNJX1NUWUxJTkdfU0hPUF9SRUdJU1RFUl9CT09LTUFSSw==,VGhlIGN1cnJlbnQgc3R5bGUgc2F2ZWQu
TVNJX1NUWUxJTkdfU0hPUF9TVUdHRVNUX1RPX0dPX1RPX0JBTks=,Tm90IGVub3VnaCBaZW55IGluIGhhbmQuIFRoZXJlIGFyZSBlbm91Z2ggWmVueSBpbiBaZW55IHN0YXNoLg==
TVNJX0FTS19NT1ZFX0JZX1BSSVZBVEVfQUlSUExBTkU=,bW92aW5nLi4u
TVNJX1BSSVZBVEVfQUlSUExBTkVfRkFJTF9MT0NBTElaSU5H,WW91IGFyZSBub3QgYWxsb3dlZCB0byBmbHkgb3ZlciB0aGUgc292ZXJlaWduIGFpcnNwYWNlIG9mIHRoZSBjb3VudHJ5Lg==
TVNJX1BSSVZBVEVfQUlSUExBTkVfRkFJTF9PVEhFUldPUkxE,QWlyc2hpcCBmbGlnaHQgaXMgdGVtcG9yYXJpbHkgdW5hdmFpbGFibGUgZHVlIHRvIGF0bW9zcGhlcmljIGluc3RhYmlsaXR5IGNhdXNlZCBieSBNYW5hLg==
TVNJX1BSSVZBVEVfQUlSUExBTkU=,UHJpdmF0ZSBhaXJzaGlw
TVNJX1BSSVZBVEVfQUlSUExBTkVfRkFJTF9VTktOT1dO,UGxlYXNlIHRyeSBhZ2FpbiBpbiBhIG1vbWVudC4=
TVNJX1BSSVZBVEVfQUlSUExBTkVfRkFJTF9QQVlNRU5UX1pFTlk=,Tm90IGVub3VnaCBaZW55IHRvIHVzZSB0aGUgcHJpdmF0ZSBhaXJzaGlwLg==
TVNJX1BSSVZBVEVfQUlSUExBTkVfRkFJTF9QQVlNRU5UX0lURU0=,Tm90IGVub3VnaCBDYW5zIHRvIHVzZSB0aGUgcHJpdmF0ZSBhaXJzaGlwLg==
TVNJX1BSSVZBVEVfQUlSUExBTkVfRkFJTF9MRVZFTA==,WW91IGNhbm5vdCBtZWV0IHRoZSBsZXZlbCB0byB1c2UgdGhlIHByaXZhdGUgYWlyc2hpcC4=
TVNJX1BSSVZBVEVfQUlSUExBTkVfRkFJTF9NQVA=,WW91IGNhbm5vdCBtb3ZlIHRvIHRoZSBzZWxlY3RlZCBwb2ludCBieSB0aGUgcHJpdmF0ZSBhaXJzaGlwLg==
TVNJX1JFU1VMVF9GQUlMX1VTSU5HX01BUA==,WW91IGNhbm5vdCB1c2UgdGhlIHByaXZhdGUgYWlyc2hpcCB3aGVyZSB5b3UgYXJlIG5vdy4=
TVNJX1NUWUxJTkdfU0hPUF9BQ0NFU1NPUllXTkQ=,QWNjZXNzb3J5
TVNJX1NUWUxJTkdfU0hPUF8yTkRDT1NUVU1FV05E,U2Vjb25kIGNvc3R1bWU=
TVNJX1NUWUxJTkdfU0hPUF9MSUtFTElTVFdORA==,V2FyZHJvYmU=
TVNJX1NUWUxJTkdfU0hPUF9JU19OT1RfQ09MT1JJTkdfSEVBRA==,RXN0ZSBwZW50ZWFkbyBuw6NvIHBvZGUgc2VyIHRpbmdpZG8u
TVNJX1NUWUxJTkdfU0hPUF9PUEVOSU5HX0NPTU1FTlQ=,UHJlc3Npb25lIHVtYSBzZXRhIHBhcmEgZXNjb2xoZXIgbyBlc3RpbG8gZGVzZWphZG8u
TVNJX1NUWUxJTkdfU0hPUF9TVUNDRVNT,VmVuaGEgY29uaGVjZXIgb3Mgbm92b3MgZXN0aWxvcy4=
TVNJX1NUWUxJTkdfU0hPUF9CQVNJQ1NUWUxF,RXN0aWxvIGLDoXNpY28=
TVNJX1VQR1JBREVTS0lMTEVSUk9SX01PUkVfQkFTRV9MRVZFTA==,SGFiaWxpZGFkZSBkaXNwb27DrXZlbCBzb21lbnRlIGEgcGFydGlyIGRvIG7DrXZlbCBiYXNlICVkLg==
TVNJX05PVF9VU0lOR19TUEVDSUFMTEVUVEVSU19PTl9QQVJUWU5BTUU=,Vm9jw6ogbsOjbyBwb2RlIHVzYXIgc8OtbWJvbG9zIGVzcGVjaWFpcy4=
TVNJX1NLSUxMX0ZBSUxfTUhQX1RPT19GRVc=,Tm90IGVub3VnaCBNSFAgdG8gdXNlIHRoZSBza2lsbC4=
TVNJX1NLSUxMX0ZBSUxfTVNQX1RPT19GRVc=,Tm90IGVub3VnaCBNU1AgdG8gdXNlIHRoZSBza2lsbC4=
TVNJX0lOVkVOVE9SWV9JVEVNX0NPTVBBUkU=,Q29tcGFyYXI=
TVNJX0lOVkVOVE9SWV9JVEVNX0RST1BfTE9DSw==,QmxvcXVlYXIgSW52ZW50w6FyaW8=
TVNJX05PVF9BRERJTkdfU0NSRUVOU0hPVA==,U2NyZWVuc2hvdCBoYXMgTk9UIGF0dGFjaGVkLg==
TVNJX0NPTk5FQ1RfU05TX1dORA==,VHdpdHRlcg==
TVNJX1JPREVYX0dFTkVSQUw=,TWVuc2FnZW0=
TVNJX1JPREVYX05PVElDRQ==,QXZpc28=
TVNJX1JPREVYX1JFVFVSTg==,UmV0dXJuZWQ=
TVNJX1JPREVYX1JFRlJFU0g=,QXR1YWxpemFy
TVNJX1JPREVYX0RFTEVURV9USU1FX01JTlVURQ==,JWRNaW51dG8ocyk=
TVNJX1JPREVYX0RFTEVURV9USU1FX0hPVVI=,JWRIb3JhKHMp
TVNJX1JPREVYX0RFTEVURV9USU1FX0RBWQ==,JWREaWEocyk=
TVNJX1JPREVYX1JFVFVSTkVE,RXhwaXJhZGE=
TVNJX1JPREVYX0RFTEVURV9TRUxFQ1RfTUFJTA==,RGVsZXRhciBlLW1haWxzIHNlbGVjaW9uYWRvcz8=
TVNJX01JTklNQVBfVElQX1BPU19PTg==,RXhpYmlyIE5QQw==
TVNJX01JTklNQVBfVElQX1pPT01fSU4=,Wm9vbSBJbg==
TVNJX01JTklNQVBfVElQX1pPT01fT1VU,Wm9vbSBPdXQ=
TVNJX01JTklNQVBfVElQX01BUF9WSUVX,QW1wbGlhcg==
TVNJX01JTklNQVBfVElQX1dPUkxEX1ZJRVc=,TWFwYS1Nw7puZGk=
TVNJX0lOVkVOVE9SWV9OVU1CRVJfT0ZfSVRFTQ==,UXRkLiBkZSBpdGVucw==
TVNJX01JTklNQVBfQlVUVE9OX09OT0ZG,L21pbmltYXBh
TVNJX01JTklNQVBfQlVUVE9OX09O,RXhpYmlyIMOtY29uZXMgZW1iYWl4byBkbyBtaW5pLW1hcGE=
TVNJX01JTklNQVBfQlVUVE9OX09GRg==,TsOjbyBleGliaXIgw61jb25lcyBlbWJhaXhvIGRvIG1pbmktbWFwYQ==
TVNJX0dVSUxEX01FTUJFUkxJU1RfU09SVA==,TWVtYnJvcyBvbmxpbmUgcHJpbWVpcm8=
TVNJX1dSSVRFX1BFVF9SRUxBVElPTl9TSElQ,TGVhbGRhZGU6ICVz
TVNJX1BFVF9SRUxBVElPTl9TSElQX1VOS05PV04=,Xjc3Nzc3N07Do28gY29uZmlybWFkYV4wMDAwMDA=
TVNJX1BBUlRZTkFNRQ==,UGFydHkgTmFtZQ==
TVNJX1BBUlRZTUFTVEVS,UGFydHkgTGVhZGVy
TVNJX01BQ1JPX0RFVEVDVE9SX1RJTUVfT1ZFUg==,RXhjZWVkIHRpbWUgbGltaXQuIFNodXR0aW5nIGRvd24gY2xpZW50Lg==
TVNJX01BQ1JPX0RFVEVDVE9SX1dST05HX0FOU1dFUg==,SW52YWxpZCBpbnB1dC4gQ2xpZW50IFNodXR0aW5nIGRvd24u
TVNJX01BQ1JPX0RFVEVDVE9SX0NPUlJFQ1RfQU5TV0VS,Q29ycmV0byEgQXF1aSBlc3TDoSBzZXUgQnVmZiBkZSByZWNvbXBlbnNhLg==
TVNJX01BQ1JPX0lOUFVUX0FOU1dFUg==,SW5zaXJhIHBlbG8gbWVub3MgNCBjYXJhY3RlcmVzLg==
TVNJX01BQ1JPX0NIRUNLX0FOU1dFUg==,SXMgWyVzXSBjb3JyZWN0Pw==
TVNJX01BQ1JPX1NFTEVDVF9DQVBUQ0hB,VGhlcmUgaXMgbm8gc2VsZWN0ZWQgaW1hZ2Uu
TVNJX01BQ1JPX0RFVEVDVE9SX1dST05HX0FOU1dFUl9SRU1BSU5fQ05U,Q8OzZGlnbyBpbmNvcnJldG8uICglZCB0ZW50YXRpdmFzKQ==
TVNJX01BQ1JPX1JFUE9SVEVS,UmVwb3J0ICVkIHBsYXllcnM/
TVNJX01BQ1JPX1NFTkRfTUFDUk8=,TWVzc2FnZSBoYXMgc2VudC4=
TVNJX01BQ1JPX1JFR0lTVEVSX0RBVEE=,TmVjZXNzYXJ5IERhdGEgaGFzIG5vdCByZWdpc3RlcmVkIHRvIGNyYWNrIGRvd24gb24gaWxsZWdhbCBwcm9ncmFtLg==
TVNJX01BQ1JPX0FMUkVBRFlfREVURUNUSU5H,QWxyZWFkeSByZWdpc3RlcmVkIG9uIE1hY3JvIHdhdGNoIGxpc3Qu
TVNJX01BQ1JPX0NPTVBMRVRFX1JFR0lTVEVSX0NBUFRDSEE=,VGhlIE1hY3JvIGhhcyByZWdpc3RlcmVkLg==
TVNJX01BQ1JPX0ZBSUxFRF9SRUdJU1RFUl9DQVBUQ0hB,RmFpbGVkIHRvIHJlZ2lzdGVyIHRoZSBpbWFnZS4=
TVNJX01BQ1JPX0ZBSUxFRF9SRUdJU1RFUl9BTlNXRVI=,RmFpbGVkIHRvIHJlZ2lzdGVyIHRoZSBhbnN3ZXIu
TVNJX01BQ1JPX0RFVEVDVE9SX05PVElDRTE=,WyBBbnRpLU1hY3JvIF0=
TVNJX01BQ1JPX0RFVEVDVE9SX05PVElDRTI=,RGlnaXRlIG8gY8OzZGlnbyBlbSBsZXRyYXMgbWluw7pzY3VsYXMu
TVNJX01BQ1JPX0RFVEVDVE9SX05PVElDRTM=,Vm9jw6ogdGVtIDMgY2hhbmNlcyBkZSBhY2VydGFyLg==
TVNJX01BQ1JPX0RFVEVDVE9SX1JFTUFJTl9DT1VOVA==,Q2hhbmNlcyByZXN0YW50ZXMgOiAlZA==
TVNJX01BQ1JPX1JFUE9SVEVSX1NFTEVDVF9NT0RFX0NIQVI=,Q2hhcmFjdGVy
TVNJX01BQ1JPX1JFUE9SVEVSX1NFTEVDVF9NT0RFX0NFTEw=,UmFuZ2U=
TVNJX01BQ1JPX1JFUE9SVEVSX1RPT0xUSVBfQ0hBUg==,UGxlYXNlIHVzZSBMZWZ0LWNsaWNrIHRvIHNlbGVjdCBjaGFyYWN0ZXIu
TVNJX01BQ1JPX1JFUE9SVEVSX1RPT0xUSVBfQ0VMTA==,UGxlYXNlIHVzZSBSaWdodC1jbGljayB0byBzZWxlY3QgcmFuZ2Uu
TVNJX01BQ1JPX1JFUE9SVEVSX1RPT0xUSVBfUkFOR0U=,UGxlYXNlIHVzZSBFbnRlciBrZXkgdG8gc2V0IHRoZSByYW5nZS4=
TVNJX1RBSVdBTlNTX1BFUlNPTkFMSU5GT19FWFBNU0c=,RSBYIFA6JSAuMWYlJSAoYsOhc2ljbyUgLjFmJSUgJXMlIC4xZiUlKQ==
TVNJX1RBSVdBTlNTX1BFUlNPTkFMSU5GT19EUk9QTVNH,RFJPUDogJS4xZiUlIChiw6FzaWNvICUuMWYlJSAlcyAlLjFmJSUp
TVNJX1RBSVdBTlNTX1BFUlNPTkFMSU5GT19ERUFUSE1TRw==,TU9SVEU6ICUuMWYlJSAoYsOhc2ljbyAlLjFmJSUgJXMgJS4xZiUlKQ==
TVNJX1dSSVRFX1JPREVYX0RJRkZFUkVOVF9SRUNFSVZFUl9OQU1F,RGVzdGluYXTDoXJpbyBkYSBDYXJ0YSB0ZXZlIG8gbm9tZSBhbHRlcmFkby4gQSBjYXJ0YSBmb2kgZW52aWFkYSBwYXJhIDogJXM=
TVNJX0xBUElORV9JTkdSRURJRU5UX1RPX0NPTUJJTkU=,SXRlbnMgbmVjZXNzw6FyaW9z
TVNJX0xBUElORV9GQUlMX05PVF9FTk9VR0hfSVRFTQ==,RmFsdGFtIG1hdGVyaWFpcy4=
TVNJX0xBUElORV9GQUlMX05PVF9FTk9VR0hfSVRFTV9DT1VOVA==,RmFsdGEgJWQgdW4uIGRlc3NlIGl0ZW0u
TVNJX0xBUElORV9GQUlMX05PVF9FTk9VR0hfUkVGSU5JTkdfTEVWRUw=,UmVmaW5vIGluc3VmaWNpZW50ZS4=
TVNJX1JFR0lTVEVSX1BBUlRZX1RPX0JPT0tJTkdTWVNURU0=,RGVzZWphIHNlIHJlZ2lzdHJhciBuYSBBZ8OqbmNpYSBkZSBBdmVudHVyYT8=
TVNJX0lOUFVUX0ZSRUVfTUVTU0FHRQ==,WW91IGNhbiBsZWF2ZSB5b3VyIGNvbW1lbnQu
TVNJX0NBUFRDSEFfSU5QVVRfQU5TV0VS,UGxlYXNlIGVudGVyIHRoZSBjaGFyYWN0ZXJzIGZyb20gdGhlIGltYWdlLg==
TVNJX0NBUFRDSEFfUkVNQUlOX1RJTUU=,JWQgc2Vjb25kKHMpIHJlbWFpbmluZw==
TVNJX0dPT0dMRV9PVFBfSU5QVVRfQ09ERQ==,UGxlYXNlIGVudGVyIDYgZGlnaXQgT1RQIG51bWJlcnM=
TVNJX0dPT0dMRV9PVFBfQVVUSF9DT0RF,QXV0aC4gTm8u
TVNJX0dPT0dMRV9PVFBfTVNH,Tm90IDYgZGlnaXQgbnVtYmVycy4gUGxlYXNlIGNoZWNrIGFnYWlu
TVNJX1JPREVYX0RFTEVURURfTUFJTA==,QXR1YWxpemUgUk9ERVg=
TVNJX1NFTEVDVF9BUkVBX0JZX1BSSVZBVEVfQUlSUExBTkU=,UGxlYXNlIHNlbGVjdCBkZXN0aW5hdGlvbiB0byBwcml2YXRlIGZsaWdodC4=
TVNJX1RIQUlfUEVSU09OQUxJTkZPX0VYUA==,RSBYIFA6ICVkJSUgKGLDoXNpY28gMTAwLDAlJSAlcyAlZCUlKQ==
TVNJX1RIQUlfUEVSU09OQUxJTkZPX0RST1A=,RFJPUDogJWQlJSAoYsOhc2ljbyAxMDAsMCUlICVzICVkJSUp
TVNJX1RIQUlfUEVSU09OQUxJTkZPX0RFQVRI,TU9SVEU6ICVkJSUgKGLDoXNpY28gMTAwLDAlJSAlcyAlZCUlKQ==
TVNJX0ZMT0FUSU5HX1BSSVZBVEVfQUlSUExBTkU=,TW92aW5nIHRvIGRlc3RpbmF0aW9uLg==
TVNJX05PVF9GT1VORF9VU0VSX0FJ,WyVzXSBmaWxlIGlzIG5vdCBleGlzdGluZy4gQWN0aXZhdGluZyBkZWZhdWx0IEFJ
TVNJX0JBU0lDX0VYUF9NU0dfQlJaMg==,JS4xZiUlICggTm9ybWFsIDEwMC4wJSUgKyBCb251cyAlLjFmJSUgKyAlcyAlLjFmJSUp
TVNJX0FTU0lTVEFOVF9WRU5ESU5HX1BPUw==,Vm9jw6ogZGVzZWphIGFicmlyIHN1YSBsb2phIG5hIGPDqWx1bGEgZXNjb2xoaWRhPw==
TVNJX0RPUkFNX0NBTlRfRVFVSVRfVEhJUw==,UGVzc29hcyBEb3JhbSBuw6NvIHBvZGVtIHVzYXIgZXN0YSBmYW50YXNpYS4=
TVNJX1NFTkRfUFVSQ0hBU0VTX0JZX1JPREVY,TyBpdGVtIHNlcsOhIGVudmlhZG8gcGVsbyBSb2RleC4=
TVNJX0JVVFRPTl9QQVlfQllfWkVOWQ==,MzAuMDAwIHo=
TVNJX0JVVFRPTl9QQVlfQllfQ0FO,MTAwIGFsaW1lbnRvcyBlbmxhdGFkb3MgZXNwZWNpYWlzIGRlIE1hbGFuZ2Rv
TVNJX0NBTk5PVF9BQ0NFU1NfQllfV0VJR0hUT1ZFUl84MA==,Vm9jw6ogbsOjbyBwb2RlIGNvbnRpbnVhciBjb20gbyBwZXNvIHN1cGVyaW9yIGEgODAlLg==
TVNJX1NFTkRfUkVTVF9JVEVNU19CWV9ST0RFWA==,T3MgcHJvZHV0b3MgbsOjbyB2ZW5kaWRvcyBmb3JhbSBlbnRyZWd1ZXMgw6AgUm9kZXgu
TVNJX0JVVFRPTl9FUVVJUF9QUkVWSUVX,VmlzdWFsaXphcg==
TVNJX0NIQU5HRV9HVUlMRF9NQVNURVI=,UGFzc2FyIGEgTGlkZXJhbsOnYQ==
TVNJX0NPTkZJUk1fQ0hBTkdJTkdfR1VJTERfTUFTVEVS,RGVzZWphIHRvcm5hciAlcyBjb21vIEzDrWRlciBkbyBDbMOjPyBBcMOzcyBhIG11ZGFuw6dhLCB2b2PDqiB0ZXLDoSBvIGFudGlnbyBjYXJnbyBkZSAlcy4=
TVNJX1dJVEhEUkFXQUw=,RW5jZXJyYXI=
TVNJX1NIT1BfV0lUSERSQVdBTA==,RGVzZWphIGVuY2VycmFyIGEgc3VhIGxvamE/
TVNJX1JFTUFJTl9USU1F,JTAyZGQgJTAyZGhyICUwMmRtaW4gJTAyZHM=
TVNJX0xJTUlUX1VTRVI=,TsOjbyBmb2kgcG9zc8OtdmVsIGNvbmVjdGFy
TVNJX0xJTUlUX1VTRVJfTVNH,QSBjb25leMOjbyBuw6NvIMOpIHBvc3PDrXZlbCBwb3JxdWUgbyBuw7ptZXJvIGRlIHBlc3NvYXMgYXV0b3JpemFkYXMgYSBzZSBjb25lY3RhciBmb2kgZXhjZWRpZG8u
TVNJX1NFTEVDVF9TSE9QX1BPU0lUSU9O,RXNjb2xoYSBvIGxvY2FsIHBhcmEgYWJyaXIgYSBsb2ph
TVNJX0NIQU5HRV9QRVROQU1F,Tm9tZSBkYSBtYXNjb3RlIGFsdGVyYWRvIHBhcmEgXjAwMDBmZiVzXjAwMDAwMC4=
TVNJX1NUT1JFX0FTU0lTVEFOVF9UUkFERV9EQVRF,SG9yYSBkYSBjb21wcmEg
TVNJX1NUT1JFX0FTU0lTVEFOVF9UUkFERV9JVEVN,SXRlbSA=
TVNJX1NUT1JFX0FTU0lTVEFOVF9UUkFERV9DTlQ=,UXVhbnRpZGFkZSA=
TVNJX1NUT1JFX0FTU0lTVEFOVF9UUkFERV9QUklDRQ==,UHJlw6dvIFVuaXTDoXJpbyA=
TVNJX1NUT1JFX0FTU0lTVEFOVF9UUkFERV9QQVlNRU5U,UHJlw6dvIA==
TVNJX1NUT1JFX0FTU0lTVEFOVF9UUkFERV9USVRMRTE=,SXRlbSBkZSB2ZW5kYSA=
TVNJX1NUT1JFX0FTU0lTVEFOVF9UUkFERV9USVRMRTI=,SXRlbSBkZSBjb21wcmEg
TVNJX1NUT1JFX0FTU0lTVEFOVF9UUkFERV9USVRMRTM=,RmVjaGFyIExvamEgZGUgVmVuZGEg
TVNJX1NUT1JFX0FTU0lTVEFOVF9UUkFERV9USVRMRTQ=,RmVjaGFyIExvamEgZGUgQ29tcHJhIA==
TVNJX1NUT1JFX0FTU0lTVEFOVF9UUkFERV9SRVNUX1pFTlk=,WmVueSByZXN0YW50ZSA=
TVNJX1NUT1JFX0FTU0lTVEFOVF9UUkFERV9SRVNUX0lURU0=,SXRlbSBkYSBsaXN0YSA=
TVNJX1NUT1JFX0FTU0lTVEFOVF9FTVBMT1lNRU5U,Vml0cmluZSBkYSBMb2phIA==
TVNJX1NUT1JFX0FTU0lTVEFOVF9SRVRVUk5fSVRFTQ==,SXRlbSByZWVtYm9sc2FkbyA=
TVNJX1NUT1JFX0FTU0lTVEFOVF9SRVRVUk5fQ05U,UXRkLiByZWVtYm9sc2FkYSA=
TVNJX1NUT1JFX0FTU0lTVEFOVF9SRVVUUk5fREFURQ==,SG9yYSBkbyByZWVtYm9sc28g
TVNJX1NUT1JFX0FTU0lTVEFOVF9TRU5EX1NFTExTX0JZX1JPREVY,UXVhbnRpZGFkZSBkZSB6ZW55IGVudm9sdmlkbyBuZXNzYSB0cmFuc2HDp8OjbyBzZXLDoSBlbnZpYWRvIHBhcmEgbyBSb2RleA==
TVNJX0NBTk5PVF9VU0VfTkFNRQ==,RXN0ZSBub21lIG7Do28gcG9kZSBzZXIgdXNhZG8u
TVNJX1NUWUxJTkdfU0hPUF9BUlJJVkVfR09PRFM=,TyBwcm9kdXRvIGNoZWdvdS4=
TVNJX1NUWUxJTkdfU0hPUF9USEFOS19ZT1U=,T2JyaWdhZG8gcGVsYSBzdWEgY29tcHJhLg==
TVNJX0NBTk5PVF9TRUxMX0lOX1BSSVZBVEVfVEFC,TsOjbyB2ZW5kZW1vcyBpdGVucyBwYXJhIE5QQ3Mu
TVNJX0xPQ0tfU0VMTF9JTl9QUklWQVRFX1RBQg==,QmxvcXVlaW8gZGUgdmVuZGEgZGUgaXRlbnM=
TVNJX05PVEZPVU5EX0NBTExQT1NJVElPTg==,TmVuaHVtIGxvY2FsIGRlIGludm9jYcOnw6NvIGVuY29udHJhZG8gbmFzIHByb3hpbWlkYWRlcy4=
TVNJX0NPTk5FQ1RfU05TX1dIT0xFX1NDUkVFTl9TSE9U,Q2FwdHVyYSBkZSB0ZWxhIGludGVpcmE=
TVNJX0NPTk5FQ1RfU05TX1BBUlRfU0NSRUVOX1NIT1Q=,Y2FwdHVyYSBkZSB0ZWxhIHBhcmNpYWw=
TVNJX0NPTk5FQ1RfU05TX1NFTkQ=,ZW52aWFy
TVNJX0JBQllfSU5ERVBFTkRFTkNFX1JPREVYX1NFTkRFUg==,VGFiZWxpw6MgZGUgUHJvbnRlcmE=
TVNJX0JBQllfSU5ERVBFTkRFTkNFX1JPREVYX1RJVExF,TXVkYW7Dp2EgRmFtaWxpYXI=
TVNJX0JBQllfSU5ERVBFTkRFTkNFX1JPREVYX0NPTlRFTlRT,UHJlemFkbyAoYSkuXHJcblxyXG5BIHBhcnRpciBkZSBob2plLCBcIiVzXCIgZSBcIiVzXCIgbsOjbyBzZXLDo28gbWFpcyByZXNwb25zw6F2ZWlzIGxlZ2FpcyBkZSBcIiVzXCIuXHJcblxyXG5Fc3RhIG1lbnNhZ2VtIHRlbSBpbnR1aXRvIGluZm9ybWF0aXZvLlxyXG5cclxuU2UgZGVzZWphIG1haXMgaW5mb3JtYcOnw7VlcyBzb2JyZSByZWxhw6fDtWVzIGZhbWlsaWFyZXMsIHBvciBmYXZvciwgZGlyaWphLXNlIGFvIEVzY3JpdMOzcmlvIGRlIFByb250ZXJhLlxyXG5cclxuTyByZWZlcmlkbyDDqSB2ZXJkYWRlIGUgZG91IGbDqS4=
TVNJX0VRVUlQTUVOVA==,SmFuZWxhIGRlIFZpc3VhbGl6YcOnw6Nv
TVNJX0NPTk5FQ1RfU05TX0RPX05PVF9FWElTVF9JTUFHRQ==,c2VtIGltYWdlbQ==
TVNJX0JMT0NLX0NBTEw=,WyVzXSBlc3TDoSBibG9xdWVhbmRvIGEgY2hhbWFkYS4=
TVNJX0lNUE9TU0lCTEVfQ0hBTkdFX0dVSUxEX01BU1RFUl9JTl9TSUVHRV9USU1F,Q29tbyBvIGNlcmNvIGVzdMOhIGVtIGFuZGFtZW50bywgbyBtZXN0cmUgZGEgZ3VpbGRhIG7Do28gcG9kZSBzZXIgZGVsZWdhZG8u
TVNJX0lNUE9TU0lCTEVfQ0hBTkdFX0dVSUxEX01BU1RFUl9OT1RfVElNRQ==,Vm9jw6ogZGV2ZSBhZ3VhcmRhciAyNCBob3JhcyBwYXJhIHRyb2NhciBhIGxpZGVyYW7Dp2EgZG8gY2zDoyBkZSBub3ZvLg==
TVNJX1NVR0dFU1RfQkFCWTM=,UXVhbmRvIHZvY8OqIHNlIHRvcm5hIG1pbmksIHZvY8OqIG7Do28gcG9kZSB0cmFuc2NlbmRlciwgdGVtIHVtYSBsaW1pdGHDp8OjbyBub3Mgc3RhdHVzIGUgbyBIUCBlIFNQIHPDo28gcmVkdXppZG9zLiBcblZvY8OqIGdvc3RhcmlhIGRlIHByb3NzZWd1aXIgbWVzbW8gY29tIGVzc2FzIHJlc3RyacOnw7Vlcz8=
TVNJX1JFRklOSU5H,UmVmaW5hcg==
TVNJX1VTSU5HX0JMQUNLU01JVEhfQkxFU1NJTkc=,QsOqbsOnw6NvIGRvIEZlcnJlaXJvIGVtIHVzby4=
TVNJX05PVEVOT1VHSF9aRU5Z,RmFsdGEgemVueXMu
TVNJX05PVEVOT1VHSF9CTEFDS1NNSVRIX0JMRVNTSU5H,QsOqbsOnw6NvIGRvIEZlcnJlaXJvIGluc3VmaWNpZW50ZS4=
TVNJX0NBTk5PVF9SRUZJTkVfSVRFTQ==,TsOjbyBwb2RlIHNlciByZWZpbmFkby4=
TVNJX1JFRklOSU5HX1NVQ0NFU1M=,U3VjZXNzbyE=
TVNJX1JFRklOSU5HX0ZBSUw=,RmFsaG91Li4u
TVNJX1JFVFVSTg==,Vm9sdGFy
TVNJX1NVQ0NFU1M=,U3VjZXNzbw==
TVNJX1JFU0VU,UmVtb3Zlcg==
TVNJX01BTlVGQUNUVVJFRF9NQVJSSUFHRVJJTkdfSVRFTQ==,Q29tIG8gU3Iu
TVNJX0NIQU5HRV9IT01VTl9OQU1F,TW9kaWZpcXVlIG8gbm9tZSBkbyBob23Dum5jdWxvIHBhcmEgXjAwMDBmZl4wMDAwZmYgJXNeMDAwMDAwXjAwMDAwMC4gVm9jw6ogcXVlciBjb250aW51YXI/
TVNJX0JMT0NLX0NBTExfUEVSTUlU,UGVybWl0aXIgc2VyIGNoYW1hZG8oYSkgcG9yIGhhYmlsaWRhZGVz
TVNJX0JMT0NLX0NBTExfUkVKRUNU,TsOjbyBwZXJtaXRpciBzZXIgY2hhbWFkbyhhKSBwb3IgaGFiaWxpZGFkZXM=
TVNJX0JMT0NLX0NBTExfTk9USUZZ,RXhpYmlyIG1lbnNhZ2VtIHF1YW5kbyBmb3IgY2hhbWFkbyhhKS4=
TVNJX1JFU1VMVF9GQUlMX0FTU0lTVEFOVA==,TyBwZXJzb25hZ2VtIG7Do28gcG9kZSBzZXIgZXhjbHXDrWRvIHBvcnF1ZSBhaW5kYSBwb3NzdWkgdW1hIGxvamEgYWJlcnRhLg==
TVNJX1VTRVNLSUxMX0ZBSUxfRVhJU1RfU1RPUkVfQVNTSVNUQU5U,Vm9jw6ogasOhIHRlbSB1bWEgbG9qYSBhdGl2YSBlbSBvdXRybyBsdWdhci4=
TVNJX1JFU1VMVF9GQUlMRURfQVNTSVNUQU5UX1BPUw==,TsOjbyDDqSBwb3Nzw612ZWwgY3JpYXIgdW1hIGxvamEgYXF1aS4=
TVNJX1JFU1VMVF9GQUlMRURfQVNTSVNUQU5UX1BPU19DSEFSQUNURVI=,TsOjbyDDqSBwb3Nzw612ZWwgY3JpYXIgdW1hIGxvamEgYXF1aS4=
TVNJX0ZBSUxFRF9QRVRfQVVUT19GRUVESU5HX0NMT1NFX1JPREVY,QWxpbWVudGHDp8OjbyBhdXRvbcOhdGljYSBmYWxob3UuIFBvciBmYXZvciwgZmVjaGUgbyBST0RFWC4=
TVNJX1NXQVBfRVFVSVBJVEVNX0VRVUlQTUVOVFNFVA==,QXV0b3Ryb2Nh
TVNJX1NXQVBfRVFVSVBJVEVNX0VRVUlQ,TW9udGFnZW0=
TVNJX1JFRklOSU5HX0ZBSUxfSVRFTV9ESVNBUFBFQVI=,U2UgZmFsaGFyLCBwZXJkZSBvIGVxdWlwLg==
TVNJX1JFRklOSU5HX0ZBSUxfSVRFTV9ET1dNR1JBREU=,U2UgZmFsaGFyLCBwZXJkZSAxIHJlZmluby4=
TVNJX1JFRklOSU5HX0ZBSUxfSVRFTV9ESVNBUFBFQVJfT1JfSVRFTV9ET1dOR1JBREU=,U2UgZmFsaGFyLCBwZXJkZSAxIHJlZmlubyBvdSBvIGVxdWlwLg==
TVNJX0NMT1NFX1JPREVYX0ZPUl9SRUZJTklORw==,Uk9ERVggZmVjaGFkbyBwb3JxdWUgYSBpbnRlcmZhY2UgZGUgcmVmaW5vIGVzdMOhIGFiZXJ0YS4=
TVNJX0NBTk5PVF9PUEVOX1JPREVYX0RVUklOR19SRUZJTklORw==,TsOjbyDDqSBwb3Nzw612ZWwgdXNhciBST0RFWCBlbnF1YW50byByZWZpbmEu
TVNJX1JFRklOSU5HX0ZBSUxfQ0xPU0VfVUk=,RmVjaGUgdG9kYXMgYXMgamFuZWxhcyBhbnRlcyBkZSByZWZpbmFyLg==
TVNJX0FVUkFfRUZGRUNUX09O,RWZlaXRvIGRlIGF1cmEgbm9ybWFsaXphZG8uIFtBdXJhIGxpZ2FkYV0=
TVNJX0FVUkFfRUZGRUNUX09GRg==,RWZlaXRvIGRlIGF1cmEgc2ltcGxpZmljYWRvLiBbQXVyYSBkZXNsaWdhZGFd
TVNJX0FMUkVBRFlfQVVSQV9FRkZFQ1RfT0ZG,QSBhdXJhIGVzdMOhIGRlc2xpZ2FkYS4gUG9yIGZhdm9yIGRlc2xpZ3VlIGUgdGVudGU=
TVNJX1VTRVNLSUxMX0ZBSUxfTkVFRF9NT1JFX0JVTExFVF9DTlQ=,Vm9jw6ogcHJlY2lzYSBkZSBwZWxvIG1lbm9zICVkIFByb2rDqXRlaXMgcGFyYSB1c2FyIGVzc2EgaGFiaWxpZGFkZS4=
TVNJX1NXQVBfRVFVSVBJVEVNX0RPX1NXQVA=,R29zdGFyaWEgZGUgbXVkYXIgc2V1IGNvbmp1bnRvIGRlIGVxdWlwYW1lbnRvcz8=
TVNJX1NXQVBfRVFVSVBJVEVNX0ZBSUxfREVBRA==,VHJvY2EgaW5kaXNwb27DrXZlbCBjb20gbyBwZXJzb25hZ2VtIG1vcnRvLg==
TVNJX1NXQVBfRVFVSVBJVEVNX0ZBSUxfQ0FTVElORw==,VHJvY2EgaW5kaXNwb27DrXZlbCBlbnF1YW50byBjb25qdXJhLg==
TVNJX1NXQVBfRVFVSVBJVEVNX0ZBSUxfREVBTA==,VHJvY2EgaW5kaXNwb27DrXZlbCBlbnF1YW50byBuZWdvY2lhLg==
TVNJX1NXQVBfRVFVSVBJVEVNX0ZBSUxfTUVSQ0hBTlRTSE9Q,VHJvY2EgaW5kaXNwb27DrXZlbCBlbnF1YW50byB2ZW5kZSBpdGVucy4=
TVNJX1NXQVBfRVFVSVBJVEVNX0ZBSUxfVVNFX05QQw==,VHJvY2EgaW5kaXBvbsOtdmVsIGVucXVhbnRvIGZhbGEgY29tIE5QQy4=
TVNJX1NXQVBfRVFVSVBJVEVNX0ZBSUxfQ0hBVA==,SXNzbyBuw6NvIHBvZGUgc2VyIGZlaXRvIGR1cmFudGUgYSB1dGlsaXphw6fDo28gZGEgc2FsYSBkZSBjaGF0Lg==
TVNJX01EVU5HRU9OX0NSRUFURV9GQUlMX1BBUlRZX09OTElORQ==,VG9kb3Mgb3MgbWVtYnJvcyBkbyBncnVwbyBuw6NvIGVzdMOjbyBjb25lY3RhZG9zLg==
TVNJX1VTRVNLSUxMX0ZBSUxfTkVFRF9NT1JFX0FSUk9XX0NOVA==,U8OjbyBuZWNlc3PDoXJpYXMgcGVsbyBtZW5vcyAlZCBzZXRhcyBwYXJhIGF0aXZhciBhIGhhYmlsaWRhZGUu
TVNJX1NPUlRfSVRFTQ==,Q2xhc3NpZmljYXIgaXRlbnM=
TVNJX1NXQVBfRVFVSVBJVEVNX0NMT1NFX1dORA==,UGFyYSBkZXNjYXJ0YXIgbyBpdGVtLCBmZWNoZSBhIGphbmVsYSBkZSBjb25maWd1cmHDp8O1ZXMgZG8gZXF1aXBhbWVudG8u
TVNJX1NXQVBfRVFVSVBJVEVNX0ZBSUxfTk9fSVRFTQ==,VHJvY2EgaW5kaXNwb27DrXZlbCBwb3IgZmFsdGEgZGUgZXF1aXBhbWVudG9zLg==
TVNJX0JBQllfSU5ERVBFTkRFTkNFX1JPREVYX0VSQVNFRA==,cGVyc29uYWdlbSBleGNsdcOtZG8=
TVNJX1RJTUVfVFlQRTQ=,JWQuJW0uJVk=
TVNJX0xBU1RfTE9HSU4=,TG9naW46ICVz
TVNJX0NMT1NFX0JBTktJTkdfRk9SX1JFRklOSU5H,T3MgYmFuY29zIG7Do28gcG9kZW0gc2VyIHVzYWRvcyDigIvigItkdXJhbnRlIGEgZnVuZGnDp8Ojby4gTyBiYW5jbyBmb2kgZm9yw6dhZG8gYSBmZWNoYXIu
TVNJX0NBTk5PVF9PUEVOX0JBTktJTkdfRFVSSU5HX1JFRklOSU5H,T3MgYmFuY29zIG7Do28gcG9kZW0gc2VyIHVzYWRvcyDigIvigItkdXJhbnRlIGEgZnVuZGnDp8Ojby4=
TVNJX1NXQVBfRVFVSVBJVEVNX1VOUkVHSVNURVJfRklSU1Q=,RXN0ZSBpdGVtIGVzdMOhIHNlbmRvIGRlZmluaWRvIGNvbW8gdW0gY29uanVudG8gZGUgZXF1aXBhbWVudG9zLg==
TVNJX05FV01BS0VDSEFSX0hVTUFO,SHVtYW5v
TVNJX05FV01BS0VDSEFSX0hVTUFOSk9C,RXNwYWRhY2hpbSwgTWFnbywgTWVyY2Fkb3IsIE5vdmnDp28sIEdhdHVubywgQXJxdWVpcm8=
TVNJX05FV01BS0VDSEFSX0RPUkFN,RG9yYW0=
TVNJX05FV01BS0VDSEFSX0RPUkFNSk9C,SW52b2NhZG9y
TVNJX05FV01BS0VDSEFSX0hVTUFOSU5GTw==,QSByYcOnYSBjb20gbWFpb3IgcHJlc2Vuw6dhIGVtIFJ1bmUtTWlkZ2FyZC4gU8OjbyBtdWl0byB0YWxlbnRvc29zIGUgYWRhcHTDoXZlaXMu
TVNJX05FV01BS0VDSEFSX0RPUkFNSU5GTw==,T3MgRG9yYW0gc8OjbyBzZXJlcyBjdXJpb3NvcyBwb3IgbmF0dXJlemEgZSBwb3NzdWVtIHVtYSBwZXJzb25hbGlkYWRlIHJhZGlhbnRlLg==
TVNJX1BJQ0tVUF9GQUlMRURfSVRFTUNSRUFURQ==,Vm9jw6ogZXN0w6EgYWNpbWEgZG8gbGltaXRlIGRlIHBlc28gb3Ugdm9jw6ogbsOjbyB0ZW0gbWFpcyBkZSAxMCBlc3Bhw6dvcyBsaXZyZXMgbm8gaW52ZW50w6FyaW8u
TVNJX0NBU0hfTUFSSzE=,Qw==
TVNJX0NBU0hfTUFSSzI=,Qw==
TVNJX0FOT1RIRVJfV09SS0lORw==,RXN0b3UgZmF6ZW5kbyBvdXRyYSBjb2lzYS4=
TVNJX09WRVJIRUFUX0xJTUlUX1BPSU5U,TGltaXRlIGRlIHN1cGVyYXF1ZWNpbWVudG86ICVk
TVNJX0NBTk5PVF9KT0lOX0FORF9MRUFWRV9QQVJUWV9JTl9NQUtJTkdfTUVNT1JJQUxEVU5HRU9O,Q29udml0ZSBlIHJldGlyYWRhIG7Do28gc8OjbyBwb3Nzw612ZWlzIGR1cmFudGUgbyB1c28gZG8gTWVtb3JpYWwgRHVuZ2Vvbi4=
TVNJX0VSUk9SX0lOQ0xVREVfVkFMR0FSSVNN,UGFsYXZyw7VlcyBuw6NvIHPDo28gcGVybWl0aWRvcy5cblRlbnRlIG5vdmFtZW50ZS4=
TVNJX01VU1RfSURfRVhDRUVEX0NIQVI=,UG9yIGZhdm9yIGluc2lyYSBwZWxvIG1lbm9zICVkIGNhcmFjdGVyZXMgcGFyYSBzZXUgSUQuIFNlIHZvY8OqIG7Do28gcG9zc3VpIHVtYSBjb250YSBkZSB1c3XDoXJpbywgY3JpZSB1bWEgY29udGEgY2xpY2FuZG8gbm8gYm90w6NvIFtBcGxpY2FyXSBubyBjYW50byBpbmZlcmlvciBlc3F1ZXJkby4=
TVNJX01VU1RfUEFTU1dPUkRfRVhDRUVEX0NIQVI=,UG9yIGZhdm9yIGluc2lyYSBwZWxvIG1lbm9zICVkIGNhcmFjdGVyZXMgcGFyYSBzdWEgc2VuaGEu
TVNJX0JBTktfU1lTVEVNX0JVU1k=,Q29uY2x1YSBhIHRhcmVmYSBlbSBhbmRhbWVudG8gZSB0ZW50ZSBub3ZhbWVudGUu
TVNJX0JBU0lDX0VYUF9NU0cyX0VYQ0VQVF9QUkVNSVVN,JS4xZiUlIChzYWxhIGRlIFBDICUuMWYlJSArIFRQTFVTICUuMWYlJSArIHNlcnZpZG9yICVzICUuMWYlJSk=
TVNJX1NXQVBfRVFVSVBJVEVNX0NBTk5PVF9BRERfSVRFTQ==,TsOjbyDDqSBwb3Nzw612ZWwgcmVnaXN0cmFyIGVzc2UgaXRlbSBwYXJhIGEgdHJvY2Eu
TVNJX0RBSUxZU0VORFJPREVYQ05UX0xJTUlU,LzIwMA==
TVNJX01BWF9XRUlHSFRfSU5fUk9ERVhfQ0xJRU5U,LzIwMDA=
TVNJX1RXX0VOQUJMRV9TRUNPTkRfUEFTU1dE,aHR0cHM6Ly9tZW1iZXIuZ25qb3kuY29tLnR3L21ST19TZWNQd2QuYXNweA==
TVNJX0VNQkxFTV9DSEFOR0U=,TsOjbyBow6EgZW1ibGVtYSBwYXJhIHJlZ2lzdHJhci4gUG9yIGZhdm9yLCBjb2xvcXVlIG8gYXJxdWl2byBuYSBwYXN0YSBkbyBlbWJsZW1hIGUgZXhwZXJpbWVudGUu
TVNJX1RXSVRURVJfVEFH,UmFnbmFyb2s=
TVNJX1RXSVRURVJfQ0FVVElPTg==,U2UgbyBub21lIGRlIHVtIHBlcnNvbmFnZW0gZGlmZXJlbnRlIGRvIHNldSBmb3IgZXhpYmlkbyBuYSBjYXB0dXJhIGRlIHRlbGEsIG91IHNlIHVtYSBjb252ZXJzYSBkZSB1bSBwZXJzb25hZ2VtIGRpZmVyZW50ZSBkbyBzZXUgZm9yIGV4aWJpZGEgbmEgamFuZWxhIGRlIGJhdGUtcGFwbywgcGXDp2EgcGVybWlzc8OjbyBhbyB1c3XDoXJpbyBhbnRlcyBkZSB1c8OhLWxhLg==
TVNJX1NXQVBfRkFJTF9TV0FQ,RmFsaGEgYW8gcmVhbGl6YXIgYSB0cm9jYSBkZSBlcXVpcGFtZW50b3Mu
TVNJX0NBTExJTkdfVVNFUk5BTUU=,UGVnYXIgbm9tZSBkZSBVc3XDoXJpby4=
TVNJX01TR19JU19JTExFR0FMX01TRw==,QSBtZW5zYWdlbSBjb250w6ltIGl0ZW5zIHF1ZSBuw6NvIHBvZGVtIHNlciB1c2Fkb3M=
TVNJX1BBUkFfUFVSQ0hBU0VfSVRFTV9GQUlMMg==,RmFsaGEgYW8gY29tcHJhciBvIGl0ZW0u
TVNJX0NIUl9ERUxFVEVfRkFJTF9DSE5fVEFSRU5fUEVSU09OQUxOVU1CRVI=,T3Mgw7psdGltb3MgNyBkw61naXRvcyBkbyBuw7ptZXJvIGRlIGlkZW50aWZpY2HDp8OjbyBuw6NvIGNvaW5jaWRlbS4=
TVNJX0NMT1NF,RmVjaGFy
TVNJX1JVTEU=,UnVsZXM=
TVNJX1pFTllfTE9UVE9fQlVZXzE=,QnV5IDEgZWEu
TVNJX1pFTllfTE9UVE9fQlVZXzEw,QnV5IDEwIGVhLg==
TVNJX1pFTllfTE9UVE9fQlVZXzEwMA==,QnV5IDEwMCBlYS4=
TVNJX1pFTllfTE9UVE9fV0lOXzFTVA==,MXN0IHByaXpl
TVNJX1pFTllfTE9UVE9fV0lOXzJORA==,Mm5kIHByaXpl
TVNJX1pFTllfTE9UVE9fV0lOXzNSRA==,M3JkIHByaXpl
TVNJX0RPTk9UX1VTRV8x,Q3VycmVudGx5IHVudXNlZA==
TVNJX0RPTk9UX1VTRV8y,Q3VycmVudGx5IHVudXNlZA==
TVNJX1pFTllfTE9UVE9fUFJJWkVfV0lOTkVS,WmVueSBMb3R0byBXaW5uZXJz
TVNJX1pFTllfTE9UVE9fVE9UQUxfWkVOWQ==,TG90dGVyeSBwdXJjaGFzZSBhbW91bnQ=
TVNJX1pFTllfTE9UVE9fVE9UQUxfQ0hBUkFDVEVS,UGFydGljaXBhdGUgaW4gcm9sZQ==
TVNJX1dJTk5FUl8xU1Q=,MXN0IHByaXpl
TVNJX1dJTk5FUl8yTkQ=,Mm5kIHByaXpl
TVNJX1dJTk5FUl8zUkQ=,M3JkIHByaXpl
TVNJX1pFTllfTE9UVE9fUkVXQVJEX0lURU0=,UHVyY2hhc2UgcmV3YXJkIGl0ZW1z
TVNJX1pFTllfTE9UVE9fQVNLX1BVUkNIQVNF,XjFhMWExYTEgXmIlZCBeL2IgTG90dGVyeSB3aWxsIHNwZW5kIFxuXjQ0MzViMiVkIHplbnleMWExYTFhXG5CdXkgaXQ/
TVNJX1pFTllfTE9UVE9fUkVTVUxUX1NVQ0NFU1M=,TG90dGVyeSBwdXJjaGFzZSBzdWNjZXNz
TVNJX1pFTllfTE9UVE9fUkVTVUxUX0ZBSUxfWkVOWQ==,SW5zdWZmaWNpZW50IFplbnkgdG8gcHVyY2hhc2UgbG90dGVyeSB0aWNrZXQ=
TVNJX1pFTllfTE9UVE9fUkVTVUxUX0ZBSUxfQ09VTlQ=,TWF4aW11bSBhbW91bnQgb2YgcHVyY2hhc2UgaXMgMTAwMA==
TVNJX0lEX1lFUw==,U2lt
TVNJX0lEX05P,TsOjbw==
TVNJX0JBU0lDSU5GT19IUA==,SFA=
TVNJX0JBU0lDSU5GT19TUA==,U1A=
TVNJX0JBU0lDSU5GT19MRVZFTA==,TnYu
TVNJX0JBU0lDSU5GT19KT0JMRVZFTA==,TnYu
TVNJX0JBU0lDSU5GT19FWFA=,RXhwLg==
TVNJX0FMTF9PTg==,dHVkbyBsaWdhZG8=
TVNJX1JFUExBWV9CVE5fVE9PTFRJUA==,UGxheSBSZXBsYXkgRmlsZQ==
TVNJX1NJTVBMRUNBU0hfUA==,UA==
TVNJX1NJTVBMRUNBU0hfVE9UQUw=,VG90YWw=
TVNJX1JFUExBWV9CQVNJQ0lORk8=,SW5mb3JtYcOnw7VlcyBiw6FzaWNhcw==
TVNJX1JFUExBWV9FUVVJUA==,RXF1aXBhcg==
TVNJX1JFUExBWV9JVEVN,SXRlbQ==
TVNJX1JFUExBWV9TS0lMTA==,SGFiaWxpZGFkZQ==
TVNJX1JFUExBWV9HVUlMRA==,R3VpbGRh
TVNJX1JFUExBWV9QQVJUWQ==,RmVzdGE=
TVNJX1JFUExBWV9DSEFUVElORw==,Q29udmVyc2FuZG8=
TVNJX1JFUExBWV9TSE9SVENVVA==,QXRhbGhv
TVNJX1JFUExBWV9TVEFUVVM=,U3RhdHVz
TVNJX1JFUExBWV9BTEw=,VE9ET1M=
TVNJX1JFUExBWV9VU0VSX0RFRklORURfRklMRV9OQU1F,VXNlciBkZWZpbmVkIGZpbGUgbmFtZQ==
TVNJX1JFUExBWV9SRVBFQVRFRF9GSUxFX0NIRUNL,VmVyaWZpY2HDp8OjbyByZXBldGlkYSBkZSBhcnF1aXZvcw==
TVNJX09O,c29icmU=
TVNJX0JBU0lDX1NLSU4=,PFRlbWEgQsOhc2ljbz4=
TVNJX0JBU0lDX1NFTEVDVF9TS0lO,U2VsZWNpb25lIGEgcGVsZQ==
TVNJX1JFU1VMVF9GQUlMX1pFTllMT1RUTw==,VW5hYmxlIHRvIGRlbGV0ZSBsb3R0ZXJ5IHRpY2tldA==
TVNJX0FDSElFVkVNRU5UX0NPTU1BTkQ=,L2NvbnF1aXN0YQ==
TVNJX1pFTllfTE9UVE9fUk9ERVhfU0VOREVS,WmVueSBsb3R0ZXJ5
TVNJX1pFTllfTE9UVE9fUk9ERVhfV0lOTkVSX1RJVExF,JWQgWmVueSBsb3R0ZXJ5IHByaXpl
TVNJX1pFTllfTE9UVE9fUk9ERVhfV0lOTkVSX0NPTlRFTlRT,JWQgYm9udXMgcHJpemU6ICVz
TVNJX1pFTllfTE9UVE9fUk9ERVhfUFVSQ0hBU0VfVElUTEU=,VG90YWwgWmVueSByZXdhcmQ=
TVNJX1pFTllfTE9UVE9fUk9ERVhfUFVSQ0hBU0VfQ09OVEVOVFM=,VG90YWwgJWQgcmV3YXJkOiAlcw==
TVNJX1pFTllfTE9UVE9fUk9ERVhfUkVGVU5EX1RJVExF,UHVyY2hhc2UgWmVueQ==
TVNJX1pFTllfTE9UVE9fUk9ERVhfUkVGVU5EX0NPTlRFTlRT,UmVmdW5kIGFtb3VudDogJWQgWmVueVxyXG5SZWZ1bmQgcmVhc29uOiBTZXJ2ZXIgZmFpbGVkIHRvIGRyYXcgbG90dGVyeQ==
TVNJX0FERF9NSU5JX1BBUlRZV05E,QWRpY2lvbmFyIG1pbmktamFuZWxhIGRlIGdydXBv
TVNJX0RFTEVURV9NSU5JX1BBUlRZV05E,UmVtb3ZlciBtaW5pLWphbmVsYSBkZSBncnVwbw==
TVNJX1pFTllfTE9UVE9fU0VMTF9FTkQ=,VG9kb3Mgb3Mgc29ydGVpb3MgZGEgbG90ZXJpYSB0ZXJtaW5hcmFtISBDb25maXJhIG9zIHZlbmNlZG9yZXM=
TVNJX0RBVEVfTU1fREQ=,RGVsZXRhIG3DqnMgJWQgZG8gZGlhICVk
TVNJX0FDSElFVkVNRU5UX05FWFRfR1JBREU=,QXTDqSBvIHByw7N4aW1vIG7DrXZlbA==
TVNJX1RIRV9XSE9MRQ==,Q29tcGxldGFkYXM=
TVNJX0lOQ09NUExFVEU=,QWxmYWLDqXRpY2E=
TVNJX1pFTllfTE9UVE9fQUNISUVWRQ==,KHJlYWxpemHDp8OjbyEp
TVNJX1pFTllfTE9UVE9fQUNISUVWRV9GQUlM,KE7Do28gYWxjYW7Dp2Fkbyk=
TVNJX1NXQVBfRVFVSVBJVEVN,RGVmaW5pciBFcXVpcGFtZW50b3M=
TVNJX1NXQVBfRVFVSVBJVEVNX0NIQU5HRQ==,VHJvY2Fy
TVNJX0RFU0NfU1RSMg==,Rm9yw6dhOiBBdW1lbnRhIG8gZGFubyBmw61zaWNv
TVNJX0RFU0NfQUdJMg==,QWdpbGlkYWRlOiBBdW1lbnRhIGEgVmVsb2NpZGFkZSBkZSBhdGFxdWU=
TVNJX0RFU0NfVklUMg==,Vml0YWxpZGFkZTogQXVtZW50YSBvIEhQIGUgYSBEZWZlc2EgRsOtc2ljYQ==
TVNJX0RFU0NfSU5UMg==,SW50ZWxpZ8OqbmNpYTogQXVtZW50YSBvIFNQIGUgbyBkYW5vIG3DoWdpY28=
TVNJX0RFU0NfREVYMg==,RGVzdHJlemE6IE1lbGhvcmEgYSBjb25qdXJhw6fDo28gdmFyacOhdmVs
TVNJX0RFU0NfTFVLMg==,U29ydGU6IE1lbGhvcmEgYSB0YXhhIGRlIENyw610aWNv
TVNJX0RFU0NfQVRLMg==,QXRhcXVlIGbDrXNpY28=
TVNJX0RFU0NfREVGMg==,RGVmZXNhIGbDrXNpY2E=
TVNJX0RFU0NfSElUMg==,UHJlY2lzw6Nv
TVNJX0RFU0NfQ1JJMg==,Q3LDrXRpY28=
TVNJX0RFU0NfR1VJTEQy,Q2zDoyBhZmlsaWFkbw==
TVNJX0RFU0NfUE9JTlQy,UG9udG9zIHBhcmEgaW52ZXN0aXI=
TVNJX0RFU0NfTUFUSzI=,QXRhcXVlIG3DoWdpY28=
TVNJX0RFU0NfTURFRjI=,RGVmZXNhIG3DoWdpY2E=
TVNJX0RFU0NfRkxFRTI=,RXNxdWl2YQ==
TVNJX0RFU0NfQVNQRDI=,VmVsb2NpZGFkZSBkZSBhdGFxdWU=
TVNJX0hPVEtFWV9HVUlERQ==,U2hvcnRjdXQgRGVzY3JpcHRpb24=
TVNJX09QVElPTg==,RWZmZWN0
TVNJX1NLSUxMX0hPVEtFWV9GMV9GOQ==,U2tpbGwgc2hvcnRjdXQgKEYxIH4gRjkp
TVNJX0lNQUdFX0NBUFRVUkU=,U2NyZWVuc2hvdA==
TVNJX1pPT01fSU4=,Wm9vbSBPdXQ=
TVNJX1pPT01fT1VU,Wm9vbSBJbg==
TVNJX0dVSUxE,R3VpbGQ=
TVNJX0JBTks=,QmFuY28=
TVNJX01BSUw=,Um9kZXg=
TVNJX0NBU0hTSE9Q,TG9qYSBkZSBST1Bz
TVNJX1NJVA==,U2VudGFy
TVNJX01PVkU=,TW92ZQ==
TVNJX1JPVEFURQ==,Um90YXRl
TVNJX0NPTk5PVF9MRUFWRV9NQVNURVI=,UGFydHkgbGVhZGVyIHJvbGUgbXVzdCBiZSBhcHBvaW50ZWQgdG8gb3RoZXIgcGFydHkgbWVtYmVyIGJlZm9yZSBsZWF2aW5nIHRoZSBwYXJ0eQ==
TVNJX1NUT1BfVklERU8=,U3RvcCB3YXRjaGluZyB0aGUgcmVwbGF5Pw==
TVNJX0lURU1fSVNfU1dBUF9FUVVJUEVE,ZXN0w6EgZW0gYXV0b3Ryb2NhLg==
TVNJX0lURU1fSVNfU1dBUF9SRU1PVkVE,c2FpdSBkYSBhdXRvdHJvY2Eu
TVNJX0NBTk5PVF9NT1ZFX01JTklfUEFSVFlXTkQ=,TWluaS1qYW5lbGEgbsOjbyBwb2RlIHNlciBtb3ZpZGE=
TVNJX0JBU0lDX0VYUF9NU0dfRlJB,JS4xZiUlIChCYXNpYyAxMDAlJSArIEJvbnVzJS4xZiUlKyAlcyBTZXJ2ZXIlLjFmJSUgKQ==
TVNJX0NISU5FU0VfQ0hBUkFDVEVS,Q3RybA==
TVNJX0hPVEtFWV9TRVRUSU5H,RGVmaW5pciBhdGFsaG9z
TVNJX0VYUElSRURfREFURQ==,WW91ciBtb250aGx5IHN1YnNjcmlic2lvbiB3aWxsIGV4cGlyZSBpbiAlcw==
TVNJX05PVF9GT1VORF9SRVBMQVlfRklMRQ==,VW5hYmxlIHRvIGZpbmQgcmVwbGF5IGZpbGU=
TVNJX1NUT1JFX1RBQk5BTUVfNw==,U2FwYXRvcw==
TVNJX1NUT1JFX1RBQk5BTUVfOA==,Q2hhcMOpdQ==
TVNJX1NUT1JFX1RBQk5BTUVfOQ==,QXJtYWR1cmE=
TVNJX1NUT1JFX1RBQk5BTUVfMTA=,Q2FwYQ==
TVNJX1NUT1JFX1RBQk5BTUVfMTE=,QWNlc3PDs3Jpbw==
TVNJX1NUT1JFX1RBQk5BTUVfMTI=,VmlzdWFs
TVNJX09SREVS,U29ydCBvcmRlcg==
TVNJX0dFTkVSQUxfRVFVSVBNRU5UX1RPT0xUSVA=,R2VyYWw=
TVNJX1NIQURPV19FUVVJUE1FTlRfVE9PTFRJUA==,VmlzdWFs
TVNJX1RJVExFX0VRVUlQTUVOVF9UT09MVElQ,VMOtdHVsbw==
TVNJX0hFTFBfUVVBS0VfT05PRkY=,L3F1YWtlIDogU2NyZWVuIHNoYWtlIGVmZmVjdCBPTi9PRkY=
TVNJX0hFTFBfQVVSQV9FRkZFQ1RfT0ZG,L2F1cmEyIDogQ29tcGxldGx5IHR1cm4gYXVyYSBlZmZlY3QgT04vT0ZG
TVNJX0dSQVBISUNfU0VUVElOR19UQUJfQkFTSUM=,Q29uZmlndXJhw6fDtWVzIELDoXNpY2Fz
TVNJX0dSQVBISUNfU0VUVElOR19UQUJfQURWQU5DRUQ=,Q29uZmlndXJhw6fDtWVzIEF2YW7Dp2FkYXM=
TVNJX0dSQVBISUNfU0VUVElOR19UT09MVElQX1JFU0VU,U2V0IEJhc2ljIFNldHRpbmdz
TVNJX0dSQVBISUNfU0VUVElOR19XQVJOSU5HX1JFU0VU,U2V0IEJhc2ljIFNldHRpbmdzPw==
TVNJX0dSQVBISUNfU0VUVElOR19BUFBMWQ==,U2V0IHRvIHRoZXNlIHZhbHVlcz8=
TVNJX0dSQVBISUNfU0VUVElOR19XQVJOSU5HX1JFU1RBUlQ=,VG8gYXBwbHkgdGhlc2UgdmFsdWVzLCBjbGllbnQgcmVzdGFydCBpcyByZXF1aXJlZCwgcHJvY2VlZD8=
TVNJX0dSQVBISUNfU0VUVElOR19GT0dfQ0hFQ0s=,Rm9n
TVNJX0dSQVBISUNfU0VUVElOR19TSU1QTEVfQVVSQV9DSEVDSw==,U2ltcGxpZmljYXIgYXVyYQ==
TVNJX0dSQVBISUNfU0VUVElOR19BVVJBX09GRl9DSEVDSw==,SGFiaWxpdGFyIGF1cmE=
TVNJX0dSQVBISUNfU0VUVElOR19FRkZFQ1RfQ0hFQ0s=,RWZlaXRv
TVNJX0dSQVBISUNfU0VUVElOR19MSUdIVE1BUF9DSEVDSw==,U29tYnJh
TVNJX0dSQVBISUNfU0VUVElOR19OT1NISUZUX0NIRUNL,U2VtIG11ZGFuw6dh
TVNJX0dSQVBISUNfU0VUVElOR19UT09MVElQX0RFVklDRQ==,U2VsZWNpb25lIGEgYWNlbGVyYcOnw6NvIGRlIFQmTCBkZSBoYXJkd2FyZQ==
TVNJX0dSQVBISUNfU0VUVElOR19UT09MVElQX1JFU09MVVRJT04=,U2VsZWNpb25lIGEgcmVzb2x1w6fDo28gZG8gam9nbw==
TVNJX0dSQVBISUNfU0VUVElOR19GVUxMU0NSRUVOX0NIRUNL,SGFiaWxpdGFy
TVNJX0dSQVBISUNfU0VUVElOR19NT1VTRV9FWENMVVNJVkVfQ0hFQ0s=,SGFiaWxpdGFy
TVNJX0dSQVBISUNfU0VUVElOR19FRkZFQ1RfU0VU,RWZmZWN0
TVNJX0dSQVBISUNfU0VUVElOR19DT05UUk9MX1NFVA==,Q29udHJvbGU=
TVNJX0dSQVBISUNfU0VUVElOR19ERVZJQ0VfU0VU,RGlzcG9zaXRpdm8gZ3LDoWZpY28=
TVNJX0dSQVBISUNfU0VUVElOR19SRVNPTFVUSU9OX1NFVA==,UmVzb2x1w6fDo28=
TVNJX0dSQVBISUNfU0VUVElOR19GVUxMU0NSRUVOX1NFVA==,VGVsYSBDaGVpYQ==
TVNJX0dSQVBISUNfU0VUVElOR19NT1VTRV9TRVQ=,TW91c2UgRml4bw==
TVNJX1NUT1JFX0FTU0lTVEFOVF9UUkFERV9GRUU=,RmVlIDo=
TVNJX1NUT1JFX0FTU0lTVEFOVF9UUkFERV9UT1RBTF9GRUU=,VG90YWwgZmVlIDo=
TVNJX0NIQVRXTkRfUkVDRUlWRVJfTElTVA==,U2VsZWN0IHJlY2VpdmVy
TVNJX0NIQVRXTkRfUkVDRVBUSVZFX0dST1VQX0xJU1Q=,U2VsZWN0IHJlY2VpdmluZyBncm91cA==
TVNJX0NIQVRXTkRfQ0hBTkdFX1NJWkU=,Q2hhbmdlIHNpemUoRjEwKQ==
TVNJX1JPREVYX0RPV05MT0FESU5H,Q2FycmVnYW5kby5cbl5jOTIxMTREZWxldGVeMDAwMDAwIGUtbWFpbHMgZGVzbmVjZXNzw6FyaW9zLg==
TVNJX1JPREVYX05PV19MT0FESU5H,Q0FSUkVHQU5ETy4uLg==
TVNJX1JPREVYX1RJVExF,QXNzdS4=
TVNJX1JPREVYX1NFTkRFUg==,UmVtZS4=
TVNJX0NMT1NFX1NFVFVQ,Q2FuJ3Qgb3BlbiB0d28gZ2FtZSB3aW5kb3dzLCBnYW1lIGluc3RhbGxhdGlvbiBtaWdodCBjb3JydXB0
TVNJX09QRU5fQ09NTUFORF9MSVNUX1dORA==,TWFpcyBjb21hbmRvcw==
TVNJX1RBUkVOX0xPR0lOUkVGVVNFX0ZBSUxfQUNDT1VOVF9OT1RFWElTVA==,RXN0YSBjb250YSBuw6NvIGV4aXN0ZS4=
TVNJX1RBUkVOX0xPR0lOUkVGVVNFX0ZBSUxfUEFTU1dPUkQ=,UGFzc3dvcmRzIGRvZXMgbm90IG1hdGNoLg==
TVNJX1RBUkVOX0xPR0lOUkVGVVNFX0ZBSUxfSVA=,RmFsaGEgYW8gcGFzc2FyIGEgYXV0ZW50aWNhw6fDo28gSVA=
TVNJX1RBUkVOX0xPR0lOUkVGVVNFX0ZBSUxfUEVSU09OQUxOVU1CRVI=,U2VtIG7Dum1lcm8gZGUgaWRlbnRpZmljYcOnw6NvLCBjb21wbGVtZW50ZSBzdWFzIGluZm9ybWHDp8O1ZXMgZGUgcmVnaXN0cm8=
TVNJX1RBUkVOX0xPR0lOUkVGVVNFX0ZBSUxfQUNDT1VOVF9CTE9DSw==,QmxvcXVlaW8gZGUgY29udGE=
TVNJX1RBUkVOX0xPR0lOUkVGVVNFX0ZBSUxfU1lTVEVN,RXJybyBkbyBzaXN0ZW1h
TVNJX1RBUkVOX0xPR0lOUkVGVVNFX0ZBSUxfVU5LTk9XTg==,ZXJybyBkZXNjb25oZWNpZG8gZW5jb250cmFkby4=
TVNJX05BVklHQVRJT05fSUNPTlRJVEVM,Q29uanVudG8gZGUgw61jb25lcyBkbyBndWlhIGRlIG5hdmVnYcOnw6Nv
TVNJX05BVklHQVRJT05fUlVJVEVMSVNUVElURUw=,bmF2aWdhdGlvbiBVSQ==
TVNJX05BVklHQVRJT05fUk9BRExJU1RWSUVX,SW5mb3JtYcOnw7VlcyBkZSBuYXZlZ2HDp8Ojbw==
TVNJX05BVklHQVRJT05fU0hBUkVUSVA=,Q29tcGFydGlsaGFyIGxvY2FsIGF0dWFs
TVNJX05BVklHQVRJT05fU0VBUkNIXzAx,UmVzdWx0YWRvIGRhIGJ1c2NhWzBd
TVNJX05BVklHQVRJT05fU0VBUkNIVE9SVUlURQ==,UGVzcXVpc2EgJiBkZXNjcmnDp8Ojbw==
TVNJX05BVklHQVRJT05fU0hBUkVfREVTQw==,RXJybyBkZSBsb2NhbGl6YcOnw6Nv
TVNJX05BVklHQVRJT05fU0VBUkNIXzAy,UmVzdWx0YWRvIGRhIGJ1c2NhWyVkXQ==
TVNJX05BVklHQVRJT05fSUNPTlRJUA==,QWx0ZXJhciDDrWNvbmUgZGUgbmF2ZWdhw6fDo28=
TVNJX05BVklHQVRJT05fU0VSVklDRVRJUA==,Q2FtaW5obyBxdWUgdXNhIHplbnk=
TVNJX1dPUkxETUFQX05BVklHQVRJT05fU0VU,QWJyaXIgamFuZWxhIGRlIG5hdmVnYcOnw6Nv
TVNJX1RBUkVOX0xPR0lOUkVGVVNFX0ZBSUxfTk9UQUNUSVZBVEVE,QWNjb3VudCBpcyBub3QgYWN0aXZl
TVNJX05BVklHQVRJT05fVjRfSEVMUA==,Q2xpcXVlIG5vIGxvY2FsIHBhcmEgY29tcGFydGlsaMOhLWxvIGVtIHVtYSBzYWxhIGRlIGJhdGUtcGFwbw==
TVNJX05BVklHQVRJT05fVjRfSEVMUDAx,NC4gU2VsZWNpb25lIG8gcHJvamV0byBkZSBzZXJ2acOnbywgY29udMOpbSBvIHVzbyBkZSB6ZW55IGUgZGlyaWfDrXZlbA==
TVNJX05BVklHQVRJT05fVjRfSEVMUDAy,NS4gWzwtXUlEOiBtb2RvIGRlIG5hdmVnYcOnw6NvPC0+bW9kbyBkZSBwZXNxdWlzYSBkZSB0cm9jYQ==
TVNJX05BVklHQVRJT05fVjRfSEVMUDAz,TW9kbyBkZSBjb21wYXJ0aWxoYW1lbnRvIC0+IHVzZS1vIGFvIHBlc3F1aXNhcg==
TVNJX0dPVF9FWFBFUklFTkNFX1BPSU5UX0lOVDY0,R2FuaG91IFslbGxkXSBkZSBFWFA=
TVNJX05PVElGWV9FWFBfSU5UNjQ=,VmFsb3IgZGUgRVhQIFslbGxkXQ==
TVNJX0NIQVJHRV9GRUVfSEVMUA==,XmJUYXhhIGRlIFZlbmRhc14vYlxuXG5Db25maXJhIGFzIHRheGFzIGNvYnJhZGFzIHNvYnJlIGNhZGEgZmFpeGEgZGUgcHJlw6dvOlxuXG4weiBhIDEwLjAwMCB6XG46IFRheGEgZGUgXjE1NjdmZTAlXjAwMDAwMFxuMTAuMDAxeiBhIDEwMC4wMDB6XG46IFRheGEgZGUgXjE1NjdmZTAlXjAwMDAwMFxuMTAwLjAwMXogYSAxLjAwMC4wMDB6XG46IFRheGEgZGUgXjE1NjdmZTAlXjAwMDAwMFxuMS4wMDAuMDAxeiBhIDEwLjAwMC4wMDAgelxuOiBUYXhhIGRlIF4xNTY3ZmU1JV4wMDAwMDBcbjEwLjAwMC4wMDF6IGEgMTAwLDAwMCwwMDAgelxuOiBUYXhhIGRlIF4xNTY3ZmU1JV4wMDAwMDBcbkFjaW1hIGRlIDEwMC4wMDAuMDAxIHpcbjogdGF4YSBkZSBeMTU2N2ZlNSVeMDAwMDAwXG4=
TVNJX01FVENIQU5UX1NIT1BfUFJJQ0VfSU5DTFVERURfQ0hBUkdFX0ZFRQ==,VmFsb3I6
TVNJX1dBUk5JTkdfTUVUQ0hBTlRfU0hPUF9TRUxM,Vm9jw6ogcmVjZWJlcsOhIHBvciBSb2RleCBvIHplbnkgcmVmZXJlbnRlIGFvcyBpdGVucyB2ZW5kaWRvcy4=
TVNJX1dBUk5JTkdfTUVUQ0hBTlRfU0hPUF9CVVk=,TyB6ZW55IHNlcsOhIGRlYml0YWRvIGRvIHNldSBwZXJzb25hZ2VtIG5vIGF0byBkYSBjb21wcmEu
TVNJX01BS0VfQ0hBVF9ST09N,QWJyYSB1bWEgc2FsYSBkZSBiYXRlLXBhcG8=
TVNJX0NBTk5PVF9KT0lOX0NIQVJBQ1RFUl9IQVZJTkdfTE9XX1NLSUxM,RXN0ZSBwZXJzb25hZ2VtIGVzdMOhIGVtIHVtIG7DrXZlbCBxdWUgbsOjbyBwb2RlIHNlciB1c2FkbyBwYXJhIGVudHJhciBlbSB1bSBncnVwby4=
TVNJX05PVElGWV9KT0JFWFBfSU5UNjQ=,VmFsb3IgZGUgRVhQIFslbGxkXSBkZSBDbGFzc2U=
TVNJX0dPVF9KT0JfRVhQRVJJRU5DRV9QT0lOVF9JTlQ2NA==,R2FuaG91IFslbGxkXSBkZSBFWFAgZGUgY2xhc3Nl
TVNJX01FUkNIQU5UU0hPUF9GQUlMX1BPU0lUSU9O,QmFycmFjYXMgZGUgcnVhIG7Do28gcG9kZW0gc2VyIGFiZXJ0YXMgbm8gbG9jYWwgYXR1YWwgKHJ1YSBwcmluY2lwYWwpLg==
TVNJX1NXQVBfRVFVSVBJVEVNX1dBSVRJTkc=,c2VndW5kb3MgZGUgcmVjYXJnYS4=
TVNJX1BBUlRZTUVNQkVS,R3J1cG8=
TVNJX0NPTk5FQ1RfU05TX0ZBSUxfU0VORA==,RmFsaGEgbmEgdHJhbnNtaXNzw6NvIFNOUyAoJWQp
TVNJX0NPTk5FQ1RfU05TX0ZBSUxfQ09OTkVDVA==,RmFsaGEgbmEgY29uZXjDo28gZG8gc2Vydmlkb3IgU05T
TVNJX0NPTk5FQ1RfU05TX0ZBSUxfQ1VaX05PVF9DT05ORUNUSU5H,Vm9jw6ogcG9kZSB1c8OhLWxvIGRlcG9pcyBkZSBmYXplciBsb2dpbiBubyBTTlMu
TVNJX0NPTk5FQ1RfTk9UX0hBVkVfVVJM,TsOjbyBow6EgZW5kZXJlw6dvIHF1ZSBwb3NzYSBzZXIgYWNlc3NhZG8u
TVNJX0dFVF9PRkZfTUlOSV9QQVJUWVdORA==,QSBtaW5pLWphbmVsYSBkZSBncnVwbyBlc3TDoSBzZSBzb2JyZXBvbmRvIGUgbsOjbyBwb2RlIHNlciB1c2FkYQ==
TVNJX1NBTEVTVE9SRV9NWVNIT1BXTkRfVElUTEU=,TWluaGEgTG9qYQ==
TVNJX1RJUEJPWA==,VElQQk9Y
TVNJX01FTlVJQ09OX1RJUEJPWA==,QWp1ZGE=
TVNJX0NPTk5FQ1RfU05TX1NVQ0NFU1NfU0VORA==,TyB0d2VldCBmb2kgdW0gc3VjZXNzby4=
TVNJX0FHQUlO,UmVwZXRpcg==
TVNJX1JFRklOSU5HX0FHQUlOX0ZBSUxFRF9JTkdSRURJRU5UX0NIQU5HRUQ=,UGFyYSByZXBldGlyLCBzZWxlY2lvbmUgb3MgbWF0ZXJpYWlzIG5vdmFtZW50ZS4=
TVNJX1JFRklOSU5HX0FHQUlOX0ZBSUxFRF9MQUNLX09GX0lOR1JFRElFTlQ=,TsOjbyBwb2RlIHJlcGV0aXIgc2VtIG9zIG1hdGVyaWFpcyBkZSByZWZpbm8u
TVNJX1JFRklOSU5HX0FHQUlOX0ZBSUxFRF9MQUNLX09GX01PTkVZ,TsOjbyBwb2RlIHJlcGV0aXIgc2VtIG9zIHplbnlzIG5lY2Vzc8Ohcmlvcy4=
TVNJX1JFRklOSU5HX0FHQUlOX0ZBSUxFRF9MQUNLX09GX0JMQUNLU01JVEhCTEVTU0lORw==,TsOjbyBwb2RlIHJlcGV0aXIgc2VtIGEgQsOqbsOnw6NvIGRvIEZlcnJlaXJvLg==
TVNJX1JFRklOSU5HX0ZBSUxfQlJPS0VOX0lURU0=,TyBpdGVtIGZvaSBwZXJkaWRvLg==
TVNJX05QQ19BTExfU1RBVF9ET1dO,QWxsIHN0YXRzIGhhdmUgYmVlbiByZWR1Y2VkLg==
TVNJX05QQ19BTExfU1RBVF9ET1dOX1JFU0VU,QWxsIHN0YXRzIHJlZHVjZW1lbnQgaGF2ZSBiZWVuIGRpc2FibGVkLg==
TVNJX09UUF9NVVNUXzhfQ0hBUg==,T1RQIFBhc3N3b3JkIGlzIDggZGlnaXRzLg==
TVNJX0FDQ09VTlRDTEFTU19JTlRFR1JBVElPTg==,UmFnbmFyb2sgT25saW5l
TVNJX0FDQ09VTlRDTEFTU19SQUdOQVJPSw==,UmFnbmFyb2s=
TVNJX0ZBSUxfU0VSVklDRV9DSEVDS0lOR19FUlJPUg==,TyBzZXJ2aWRvciBlc3TDoSBlbSBtYW51dGVuw6fDo28u
TVNJX0VOVEVSX1RIRV9TRUFSQ0hfV09SRA==,UG9yIGZhdm9yIGluc2lyYSB1bSB0ZXJtbyBkZSBwZXNxdWlzYQ==
TVNJX01PVFA=,TU9UUA==
TVNJX0FVVEhPUklaQVRJT05fQ09ERQ==,Q2VydGlmaWNhdGlvbiBOdW1iZXI=
TVNJX0VOVEVSX1lPVVJfQVVUSEVOVElDQVRJT05fTlVNQkVS,R05KT1kgTU9UUCBkb3dubG9hZGVkIHRvIHlvdXIgcGhvbmUsIFBsZWFzZSBlbnRlciB5b3VyIHZlcmlmaWNhdGlvbiBudW1iZXIu
TVNJX1BBUlRZX0RPX1lPVV9XQU5UX0JSRUFLSU5HX1VQ,Vm9jw6ogw6kgbMOtZGVyIGRlc3NlIGdydXBvIGUgbsOjbyBow6EgbmluZ3XDqW0gb25saW5lLiBTZSBzYWlyLCBvIGdydXBvIHNlcsOhIGRlc2ZlaXRvLiBEZXNlamEgY29udGludWFyPw==
TVNJX1NFUlZFUl9QUk9QRVJUWV9BRFVMVF9OT19DT1VOVA==,LSBBZ2UgMTgr
TVNJX1NFUlZFUl9QUk9QRVJUWV9QQVlfTk9fQ09VTlQ=,LSBQYWlkIHNlcnZlcg==
TVNJX1NFUlZFUl9QUk9QRVJUWV9GUkVFX05PX0NPVU5U,LSBGcmVlIHNlcnZlcg==
TVNJX1NFUlZFUl9VU0VSQ09VTlRfU1RBVEVfTklDRQ==,VmF6aW8=
TVNJX1NFUlZFUl9VU0VSQ09VTlRfU1RBVEVfTk9STUFM,Tm9ybWFs
TVNJX1NFUlZFUl9VU0VSQ09VTlRfU1RBVEVfQlVTWQ==,Q2hlaW8=
TVNJX1NFUlZFUl9VU0VSQ09VTlRfU1RBVEVfVkVSWV9CVVNZ,TG90YWRv
TVNJX01FTlVJQ09OX01BUA==,bWFwYQ==
TVNJX1dPUkxEU1RPUkVfT05MWV9JTlZFTlRPUlk=,VGhlIFNlcnZlciBTdG9yYWdlIGNhbiBvbmx5IHN0b3JlIGludmVudG9yeSBpdGVtcy4=
TVNJX1dPUkxEU1RPUkVfUFVUX0JMT0NLX1BFVEVHRw==,WW91IGNhbid0IHN0b3JlIEN1dGUgUGV0IEVnZyBpbiBTZXJ2ZXIgU3RvcmFnZS4=
TVNJX1dPUkxEU1RPUkVfUFVUX0JMT0NLX01BTlVGQUNUVVJFRElURU0=,WW91IGNhbid0IHN0b3JlIEZvcmdlZC9CcmV3ZWQgaXRlbSBpbiBTZXJ2ZXIgU3RvcmFnZS4=
TVNJX1dPUkxEU1RPUkVfT1VUX0JMT0NL,JXMgY2FuJ3QgYmUgc3RvcmVkLg==
TVNJX01FTU9SSUFMX0RVTl9ERVNUUk9Z,RW5jZXJyYXI=
TVNJX0JST0FEQ0FTVElOR19SRUZJTklOR19TVUNDRVNTX0xFVkVMXzk=,WyVzXSBjb25zZWd1aXUgcmVmaW5hciBbKyVkICVzXS4=
TVNJX0JST0FEQ0FTVElOR19SRUZJTklOR19GQUlMX0xFVkVMXzk=,WyVzXSBuw6NvIGNvbnNlZ3VpdSByZWZpbmFyIFsrJWQgJXNdLg==
TVNJX1BBUlRZX05PVF9MRUFWRV9QQVJUWV9VTlRJTF9ZSUVMRF9QQVJUWU1BU1RFUg==,WW91IGNhbiBsZWF2ZSBhIHBhcnR5IGFmdGVyIGRlbGVnYXRpb24u
TVNJX0FTQ0VORElOR19PUkRFUg==,VXBncmFkZQ==
TVNJX0RFU0VORElOR19PUkRFUg==,RG93bmdyYWRl
TVNJX0RFRkFVTFQ=,QmFzZQ==
TVNJX0NIRUFUREVGRU5ERVJfRklMRV9DSEVDS19GQUlM,TW9kaWZpZWQgZmlsZSBpcyBmb3VuZC4gUGxlYXNlIHJlc3RhcnQgdGhlIGdhbWUu
TVNJX0lURU1NT1ZFUkVTVFJJQ1RfV0hJVEVMSVNU,JXMgY2FuJ3QgYmUgdXNlZCBpbiB0aGlzIG1hcC4=
TVNJX0hPTVVOX1NFTEZfRkVFRElORw==,QXV0bw==
TVNJX0ZBSUxFRF9IT01VTl9TRUxGX0ZFRURJTkdfQ0xPU0VfUk9ERVg=,TyBob211bmN1bHVzIG7Do28gcG9kZSBjb21lciBzZSBvIFJPREVYIGVzdGl2ZXIgYWJlcnRvLg==
TVNJX0hPTVVOX1NFTEZfRkVFRElOR19SRVNU,SG9tdW5jdWx1cyBhbGltZW50YWRvIGNvbSBbJXNdIHJlc3RhbTogJWQgdW4u
TVNJX0hPTVVOX1NFTEZfRkVFRElOR19PTg==,QWxpbWVudGHDp8OjbyBhdXRvbcOhdGljYSBkZSBIb211bmN1bHVzIGxpZ2FkYS4=
TVNJX0hPTVVOX1NFTEZfRkVFRElOR19PRkY=,QWxpbWVudGHDp8OjbyBhdXRvbcOhdGljYSBkZSBIb211bmN1bHVzIGRlc2xpZ2FkYS4=
TVNJX0hPTVVOX1NFTEZfRkVFRElOR19FWFBfSU5GT1JNQVRJT04=,SG9tdW5jdWx1cyByZWNlYmVtIDEwJSBkYSBFWFAgZG8gbWVzdHJlLg==
TVNJX1JFRklOSU5HX1JBVEU=,Q2hhbmNlOiAlZCUl
TVNJX0hPTVVOX1RBUkdFVF9JU19OT1RfSE9NVU5fVEFSR0VU,VGhlIHRhcmdldCBpc24ndCBpbiBhdHRhY2sgcmFuZ2UgdmljaW5pdHkuIFBsZWFzZSB1c2UgJ0FsdCArIFJpZ2h0IENsaWNrJyB0byBjb21tYW5kIEhvbXVuY3VsdXMgYXR0YWNrcyBhIHRhcmdldC4=
TVNJX0hPTVVOX1RBUkdFVF9OT1RfRVhJU1RfSE9NVU5fVEFSR0FU,VGhlcmUgaXMgbm8gdGFyZ2V0IGluIGF0dGFjayByYW5nZSB2aWNpbml0eS4gUGxlYXNlIHVzZSAnQWx0ICsgUmlnaHQgQ2xpY2snIHRvIGNvbW1hbmQgSG9tdW5jdWx1cyBhdHRhY2tzIGEgdGFyZ2V0Lg==
TVNJX0NBU0hTSE9QX1NBTEVfTElTVA==,TG9qYSBkZSBSb3Bz
TVNJX0NBU0hTSE9QX0JVWV9MSVNU,TGlzdGEgZGUgQ29tcHJhcw==
TVNJX0NBU0hTSE9QX1RBQl9ORVc=,VmlzdWFpcyBUb3Bv
TVNJX0NBU0hTSE9QX1RBQl9IT1Q=,VmlzdWFpcyBNZWlv
TVNJX0NBU0hTSE9QX1RBQl9MSU1JVEVE,VmlzdWFpcyBCYWl4bw==
TVNJX0NBU0hTSE9QX1RBQl9MRUFTRQ==,VmlzdWFpcyBDYXBh
TVNJX0NBU0hTSE9QX1RBQl9QRVJNQU5FTlQ=,VmlzdWFpcyBWw6FyaW9zIFNsb3Rz
TVNJX0NBU0hTSE9QX1RBQl9CVUZG,UGVyZ2FtaW5ob3M=
TVNJX0NBU0hTSE9QX1RBQl9SRUNPVkVSWQ==,Q29uc3Vtw612ZWlz
TVNJX0NBU0hTSE9QX1RBQl9FVEM=,VXRpbGlkYWRlcw==
TVNJX0NBU0hTSE9QX1RBQl9CQVJHQUlO,UHJvbW/Dp8O1ZXM=
TVNJX0NBU0hTSE9QX0NBU0hfQ0hBUkdF,RG9hcg==
TVNJX0NBU0hTSE9QX0lURU1fQlVZ,Q29tcHJhcg==
TVNJX0NBU0hTSE9QX0NBU0hfQ0hBUkdFX0FERFJFU1M=,aHR0cHM6Ly9nb29sZS5jb20uYnIv
TVNJX0lURU1fU0VBUkNI,QnVzY2FyIGl0ZW0=
TVNJX0NBU0hTSE9QX0ZSRUVfUE9JTlQ=,UG9udG9zIEthZnJh
TVNJX0NBU0hTSE9QX0ZSRUVfUE9JTlRfVE9fVVNF,VXNlIEZyZWUgcG9pbnRz
TVNJX0NBU0hTSE9QX0NBU0hfUE9JTlQ=,U2V1cyBST1Bz
TVNJX0NBU0hTSE9QX1JFRlJFU0g=,QXR1YWxpemFyIFF0ZA==
TVNJX1NUQVJfRU1QRVJPUl9G,U3RhciBFbXBlcm9yKEdpcmwp
TVNJX1NPVUxfUkVBUEVSX0Y=,U291bCBSZWFwZXIoR2lybCk=
TVNJX1NUQVJfRU1QRVJPUl9N,U3RhciBFbXBlcm9yKEJveSk=
TVNJX1NPVUxfUkVBUEVSX00=,U291bCBSZWFwZXIoQm95KQ==
TVNJX05PX1JFQ09WRVJfT1ZFUldFSUdIVDI=,WW91ciB3ZWlnaHQgbGltaXQgaXMgb3ZlciAlZCwgSFAgYW5kIFNQIHdpbGwgbm90IHJlY292ZXIgbmF0dXJhbGx5Lg==
TVNJX0NBU0hTSE9QX0NBTk5PVF9CVVlfT1ZFUg==,VGhlIG51bWJlciBvZiBpdGVtcyB0aGF0IGNhbiBiZSBwdXJjaGFzZWQgaW4gOC4=
TVNJX09VVFNJREVfQ0FTSFNIT1BfTElOSw==,aHR0cHM6Ly9yYXRoZW5hLm9yZy9ib2FyZC9jcm93ZGZ1bmRpbmcv
TVNJX1VTQV9MT0dJTkVSUk9STVNHX1VOS05PV04=,TGluaGEgMzMxNQ==
TVNJX1VTQV9MT0dJTkVSUk9STVNHX05PVF9VU0VS,VXN1w6FyaW8gbsOjbyBlbmNvbnRyYWRv
TVNJX1VTQV9MT0dJTkVSUk9STVNHX0lEX0JMT0NL,Q29udGEgYmxvcXVlYWRh
TVNJX1VTQV9MT0dJTkVSUk9STVNHX0lEX0lOQUNUSVZBVA==,UEHDjVMgUkVKRUlUQURPIChPVSBVU1XDgVJJTyBOw4NPIERJU1BPTsONVkVMKQ==
TVNJX1VTQV9MT0dJTkVSUk9STVNHX1BBU1NXT1JE,U2VuaGEgb3UgdXN1w6FyaW8gaW5jb3JyZXRv
TVNJX1VTQV9MT0dJTkVSUk9STVNHX0VNQUlMX0NFUlQ=,RW50cmUgZW0gY29udGF0byBjb20gU3Vwb3J0ZQ==
TVNJX1VTQV9MT0dJTkVSUk9STVNHX1BBWVBBTF9CTE9DSzE=,QkxPQ08gUEFZUEFM
TVNJX1VTQV9MT0dJTkVSUk9STVNHX0NPVU5UUllfUkVKRUNU,UkVKRUnDh8ODTyBERSBQQcONUw==
TVNJX1VTQV9MT0dJTkVSUk9STVNHX1BBWVBBTF9CTE9DSzI=,QkxPQ08gUEFZUEFM
TVNJX1VTQV9MT0dJTkVSUk9STVNHX1dFQl9CTE9DSw==,QkxPQ08gREEgV0VC
TVNJX1VTQV9MT0dJTkVSUk9STVNHX0FHRQ==,VVNVw4FSSU8gQ09NIExJTUlURSBERSBJREFERQ==
TVNJX1VTQV9MT0dJTkVSUk9STVNHX1BBU1NXT1JEX0NIQU5HRQ==,QSBTRU5IQSBOw4NPIEZPSSBBTFRFUkFEQSBIw4EgTUFJUyBERSA5MCBESUFT
TVNJX1VTQV9MT0dJTkVSUk9STVNHX0lOUFVUREFUQQ==,RVJSTyBERSBEQURPUyBERSBFTlRSQURB
TVNJX1VTQV9MT0dJTkVSUk9STVNHX0RBVEFCQVNF,U2lzdGVtYSBpbmRpc3BvbsOtdmVs
TVNJX1VTQV9MT0dJTkVSUk9STVNHX1NZU1RFTQ==,U0lTVEVNQSBERSBFUlJP
TVNJX1BBWV9CWV9JVEVN,JXM=
TVNJX1BSSVZBVEVfQUlSUExBTkVfUEFZTUVOVA==,VGVsZXBvcnRhcg==
TVNJX1BSSVZBVEVfQUlSUExBTkVfRkFJTEVEX0lTTk9UX1NUQVJUQUJMRV9NQVA=,RXN0ZSBtYXBhIG7Do28gZXN0w6EgZGlzcG9uw612ZWwgcGFyYSByZWluaWNpYWxpemHDp8Ojby4=
TVNJX1BSSVZBVEVfQUlSUExBTkVfRkFJTEVEX0lTTk9UX0VOREFCTEVfTUFQ,Vm9jw6ogbsOjbyBwb2RlIHNlIHRlbGV0cmFuc3BvcnRhciBuZXN0ZSBtYXBh
TVNJX1BSSVZBVEVfQUlSUExBTkVfRkFJTEVEX05PVF9FTk9VR0hfSVRFTQ==,TsOjbyBow6EgaXRlbSBzdWZpY2llbnRlLg==
TVNJX0VOVEVSX09ORV9MSU5FX1dJVEhPVVRfTElORV9CUkVBS1M=,SW5zaXJhLW8gZW0gdW1hIGxpbmhhIHNlbSBxdWVicmFzIGRlIGxpbmhhLg==
TVNJX0NBTk5PVF9SRUdJU1RFUl9OQU1FX1RIQVRfQ09OVEFJTlNfQkFEV09SRFM=,Tm9tZXMgY29udGVuZG8gcGFsYXZyw7VlcyBuw6NvIHBvZGVtIHNlciByZWdpc3RyYWRvcy4=
TVNJX0NSRUFURV9BQ0NPVU5U,Vm9jw6ogc2Vyw6EgZGlyZWNpb25hZG8gYW8gc2l0ZSBvZmljaWFsIHBhcmEgc2UgaW5zY3JldmVyIGNvbW8gbWVtYnJvLg==
TVNJX1RPS0VOQUdFTkNZX1NFUlZFUl9DT05ORUNUSU9OX0ZBSUxFRA==,RmFsaGEgbmEgY29uZXjDo28gZG8gc2Vydmlkb3IgVG9rZW5BZ2VuY3k=
TVNJX1NFTEVDVENIQVJXTkRfQklMTElOR19JTkZP,RnV0dXJhcyBJbmZvcm1hw6fDtWVz
TVNJX1NFTEVDVENIQVJXTkRfUkVTRVJWRV9UT19ERUxfQ0hBUg==,RGVsZXRhciBQZXJzb25hZ2Vt
TVNJX1NFTEVDVENIQVJXTkRfQ0FOQ0VMX1RPX1JFU0VSVkVfQ0hBUg==,Q2FuY2VsYXI=
TVNJX1NFTEVDVENIQVJXTkRfU1RBUlRfR0FNRQ==,Sk9HQVI=
TVNJX1NFTEVDVENIQVJXTkRfREVMRVRF,RGVsZXRhcg==
TVNJX1NFTEVDVENIQVJXTkRfQ0hBUkFDVEVSX0xJU1Q=,U2VsZcOnw6NvIGRlIFBlcnNvbmFnZW0=
TVNJX1NFTEVDVENIQVJXTkRfTk9USUNF,QXZpc28=
TVNJX01BS0VDSEFSV05EX0NSRUFURQ==,Q3JpYXI=
TVNJX01BS0VDSEFSV05EX0hBSVJfU1RZTEU=,VGlwbyBkZSBQZW50ZWFkbw==
TVNJX01BS0VDSEFSV05EX0hBSVJfQ09MT1I=,Q29yIGRvIENhYmVsbw==
TVNJX01BS0VDSEFSV05EX0RPVUJMRUNIRUNLX05BTUU=,VmVyaWZpY2HDp8OjbyBkdXBsaWNhZGE=
TVNJX0RBVEVfSEhfTU1fU1M=,w6BzICVkOiVkOiVk
TVNJX0lOUFVUX1RJTUVfRVhDRUVERURfU0lHTl9JTl9BR0FJTg==,QSBlbnRyYWRhIE1PVFAgZXhwaXJvdS4gRmHDp2EgbG9naW4gbm92YW1lbnRlIGRlc2RlIG8gaW7DrWNpby4=
TVNJX01BS0VDSEFSV05EX0NMT1NF,Vm9sdGFy
TVNJX1BSSVZBVEVfQUlSUExBTkVfRkFJTEVEX1VTRV9JVEVN,TyBpdGVtIG7Do28gcG9kZSBzZXIgdXNhZG8u
TVNJX1BSSVZBVEVfQUlSUExBTkVfRkFJTEVEX1NBTUVfTUFQ,Vm9jw6ogbsOjbyBwb2RlIG1vdmVyIHBhcmEgbyBtZXNtbyBtYXBhLg==
TVNJX1BSSVZBVEVfQUlSUExBTkVfRkFJTEVEX0RFQURfU1RBVEU=,UXVhbmRvIHZvY8OqIG1vcnJlLCB2b2PDqiBuw6NvIHBvZGUgc2UgbW92ZXIu
TVNJX01BS0VDSEFSV05EX1RJVExF,Q3JpYXIgUGVyc29uYWdlbQ==
TVNJX1JFR0lTVEVSX0FEVkVOVFVSRVJfQUdFTkNZ,UmVnaXN0cmFyIHNldSBHcnVwbyBuYSBBZ8OqbmNpYQ==
TVNJX1JFR0lTVEVSX0FEVkVOVFVSRVJfQUdFTkNZMg==,UmVnaXN0cmFyIEdydXBv
TVNJX1NUT1BfUkVDUlVJVElORw==,UGFyYXIgZGUgUmVjcnV0YXI=
TVNJX0FEVkVOX01FTU8=,T2JqZXRpdm8=
TVNJX0FEVkVOX1FVRVNU,UXVlc3Rz
TVNJX0FEVkVOX0ZJRUxE,Q2FtcG9z
TVNJX0FEVkVOX0RVTkpVTg==,Q2F2ZXJuYXM=
TVNJX0FEVkVOX01E,SW5zdMOibmNpYXM=
TVNJX0FEVkVOX0VERU5fR1JPVVA=,w4lkZW4=
TVNJX0FEVkVOX0VUQw==,RXRj
TVNJX0FEVkVOX1NFQVJDSA==,T0s=
TVNJX0FEVkVOX1JFU0VU,UmVzZXQ=
TVNJX0FEVkVOX0pPSU5fUEFSVFk=,SW5zY3Jpw6fDo28=
TVNJX0FEVkVOX1BVUlBPU0U=,TWFwYQ==
TVNJX0FEVkVOX1dBUk5JTkdfVEVYVA==,TsOjbyBpbnNpcmEgb2JqZXRpdm9zIHF1ZSB2aW9sZW0gYXMgcmVncmFzIGRlIGNvbmR1dGEu
TVNJX0FEVkVOX1JFR0lTVEVS,UmVnaXN0cmFy
TVNJX0lOQ0xVREVfQkFEX1dPUkQ=,Q29udMOpbSBwYWxhdnJhIGJsb3F1ZWFkYQ==
TVNJX0FTS19KT0lO,RW50cmFy
TVNJX0NIQVRfV0lUSF9QQVJUWU1BU1RFUg==,UE0=
TVNJX1NUT1BfUkVDUlVJVElOR19QQVJUWQ==,UGFyYXIgUmVjcnV0YW1lbnRv
TVNJX0FEVkVOX1JFV1JJVEU=,RWRpdGFy
TVNJX0FMTF9BUkVB,VHVkbw==
TVNJX1JFUVVFU1RfUEFSVFk=,WyVzXSBwZWRpdSBwYXJhIGVudHJhciBubyBncnVwbw==
TVNJX0xPR0lO,Q29uZWN0ZS1zZQ==
TVNJX0FDQ09VTlQ=,Y29udGE=
TVNJX0VYSVQ=,Zmlt
TVNJX0FQUExZ,YXBsaWNhdGl2bw==
TVNJX0NPTk5FQ1Q=,Y29uZXjDo28=
TVNJX09L,Q29uZmlybWFy
TVNJX09UUFdORF9ERVNDUklQVElPTl8x,R05KT1kgTU9UUCBiYWl4YWRvIHBhcmEgbyBzZXUgY2VsdWxhcg==
TVNJX09UUFdORF9ERVNDUklQVElPTl8y,RXhlY3V0ZS1vIGUgaW5zaXJhIG8gbsO6bWVybyBkZSBhdXRlbnRpY2HDp8Ojby4=
TVNJX1BSSVZBVEVfQUlSUExBTkVfV0FSTk5JTkdfU0VMRUNUX05QQw==,Vm9jw6ogc2Vyw6EgbW92aWRvIHBhcmEgY29vcmRlbmFkYXMgYWxlYXTDs3JpYXMgbm8gbWFwYSBvbmRlIG8gTlBDIGVzdMOhIGxvY2FsaXphZG8u
TVNJX0pPQk5BTUVfVEFFS1dPTg==,VGFla3dvbmRv
TVNJX1RPX0JMT0NLX1dISVNQRVI=,TmVnYXIgdG9kbyBiYXRlLXBhcG8gZSBzdXNzdXJyb3MgcGFyYQ==
TVNJX1RPX0JMT0NLX1dISVNQRVJfRkFJTEVEMQ==,RmFsaGEgbmEgc29saWNpdGHDp8OjbyBwYXJhIHJlamVpdGFyIHRvZG9zIG9zIGJhdGUtcGFwb3MgZSBzdXNzdXJyb3M=
TVNJX1RPX0JMT0NLX1dISVNQRVJfRkFJTEVEMg==,RmFsaGEgbmEgc29saWNpdGHDp8OjbyBwYXJhIHJlamVpdGFyIHRvZG9zIG9zIGJhdGUtcGFwb3MgZSBzdXNzdXJyb3MgKG7Dum1lcm8gZGUgcGVzc29hcyBleGNlZGlkbyk=
TVNJX1RPX1VOQkxPQ0tfV0hJU1BFUg==,QmF0ZS1wYXBvIGNvbXBsZXRvIGUgc3Vzc3Vycm8gZGlzcG9uw612ZWlzIHBhcmE=
TVNJX1RPX1VOQkxPQ0tfV0hJU1BFUl9GQUlMRUQx,RmFsaGEgbmEgc29saWNpdGHDp8OjbyBwYXJhIGF0aXZhciBiYXRlLXBhcG8gY29tcGxldG8gZSBzdXNzdXJybw==
TVNJX1RPX1VOQkxPQ0tfV0hJU1BFUl9GQUlMRUQy,RmFsaGEgbmEgc29saWNpdGHDp8OjbyBwYXJhIGF0aXZhciBiYXRlLXBhcG8gY29tcGxldG8gZSBzdXNzdXJybyAobsO6bWVybyBkZSBwZXNzb2FzIGV4Y2VkaWRvKQ==
TVNJX05PX0JMT0NLX0xJU1Q=,TsOjbyBow6EgbGlzdGEgZGUgYmxvcXVlaW8=
TVNJX0JMT0NLX0xJU1Q=,LUxpc3RhIGRlIGJsb3F1ZWlvcy0=
TVNJX1JFTkVXX1FVRVNUX1RBQl9QUk9DRVNT,ZW0gYW5kYW1lbnRv
TVNJX1JFTkVXX1FVRVNUX1RBQl9CRVNU,c3VnZXN0w6Nv
TVNJX1JFTkVXX1FVRVNUX1RBQl9IT0xE,RW0gZXNwZXJh
TVNJX1JFTkVXX1FVRVNUX1RJVExF,SmFuZWxhIGRlIG1pc3PDtWVz
TVNJX1JFTkVXX1FVRVNUX0RFVEFJTF9ERVNDUklQVElPTg==,Q29udGXDumRv
TVNJX1JFTkVXX1FVRVNUX0RFVEFJTF9NT05TVEVS,TW9uc3Rybw==
TVNJX1JFTkVXX1FVRVNUX0RFVEFJTF9SRVdBUkQ=,UHLDqm1pbw==
TVNJX1JFTkVXX1FVRVNUX0RFVEFJTF9FWFA=,RVhQIGJhc2U=
TVNJX1JFTkVXX1FVRVNUX0RFVEFJTF9KRVhQ,RVhQIGNsYXNzZQ==
TVNJX1JFTkVXX1FVRVNUX0RFVEFJTF9JVEVN,UmVjb21wZW5zYQ==
TVNJX1JFTkVXX1FVRVNUX0NIRUNLX1RPT1RJUDFfSVRFTQ==,QXRpdmFyL0Rlc2F0aXZhcg==
TVNJX1JFTkVXX1FVRVNUX0NIRUNLX1RPT1RJUDJfSVRFTQ==,bW92ZXIgcGFyYSBiYWl4bw==
TVNJX1JFTkVXX1FVRVNUX0NIRUNLX1RPT1RJUDNfSVRFTQ==,T2N1bHRhciBkYSB0ZWxh
TVNJX09UUF9JTlBVVF9USU1F,VGVtcG8gZGUgZW50cmFkYQ==
TVNJX1NBVkVfSUQ=,U2FsdmFyIFVzdcOhcmlv
TVNJX1BBU1NXT1JE,U2VuaGE=
TVNJX0lE,VXN1w6FyaW8=
TVNJX0NSRUFURV9SQUdfQUNDT1VOVA==,UmVnaXN0cmFy
TVNJX1BBUlRZX01BU1RFUg==,R3J1cG8=
TVNJX0NBTk5PVF9BUFBMWV9MRVZFTA==,Vm9jw6ogbsOjbyB0ZW0gbsOtdmVsIHBhcmEgZW50cmFyIGVtIHVtIEdydXBvLg==
TVNJX0FEVkVOVFVSRVJfQUdFTkNZX1JFR0lTVF9GQUlMRUQ=,RmFsaGEgYW8gcmVnaXN0cmFyIG8gZ3J1cG8gbmEgQWfDqm5jaWEgZGUgQXZlbnR1cmEu
TVNJX0FEVkVOVFVSRVJfQUdFTkNZX1JFR0lTVF9TVUNDRVNTRUQ=,R3J1cG8gcmVnaXN0cmFkbyBuYSBBZ8OqbmNpYSBkZSBBdmVudHVyYS4=
TVNJX0lOUFVUX1NFQVJDSF9URVhU,UGVzcXVpc2UgYXF1aQ==
TVNJX0FEVkVOX1RBTktFUg==,RGVmZW5zb3I=
TVNJX0JBU0lDX0VYUF9aRVJP,JS4xZiUlICgrICVzIHNlcnZlciAlLjFmJSUp
TVNJX0VYUExBSU5fQ0hBVF9CTE9DSw==,L2V4IChDaGFyYWN0ZXIgbmFtZSkgb3IgL2Jsb2NrIChDaGFyYWN0ZXIgbmFtZSkgOiBCbG9jayBhbGwgY2hhdHMgYW5kIHdoaXNwZXJzIGZyb20gYSBjaGFyYWN0ZXI=
TVNJX0VYUExBSU5fQ0hBVF9VTkJMT0NL,L2luIChDaGFyYWN0ZXIgbmFtZSkgb3IgL3JlbGVhc2UgKENoYXJhY3RlciBuYW1lKSA6IEFsbG93IGFsbCBjaGF0cyBhbmQgd2hpc3BlcnMgZnJvbSBhIGNoYXJhY3Rlcg==
TVNJX0VYUExBSU5fQ0hBVF9CTE9DS0xJU1Q=,L2V4IG9yIC9ibG9jayA6IEJsb2NrIGFsbCBjaGF0cyBhbmQgd2hpc3BlcnMgZnJvbSBhIGNoYXJhY3Rlcg==
TVNJX0VYUExBSU5fQ0hBVF9CTE9DS19UT19BTEw=,L2V4YWxsIG9yIC9CbG9ja2FsbCA6IEJsb2NrIGFsbCBjaGF0cyBhbmQgd2hpc3BlcnMgZnJvbSBhbGwgY2hhcmFjdGVycw==
TVNJX0VYUExBSU5fQ0hBVF9VTkJMT0NLX1RPX0FMTA==,L2luYWxsIG9yIC9SZWxlYXNlYWxsIDogQWxsb3cgYWxsIGNoYXRzIGFuZCB3aGlzcGVycyBmcm9tIGFsbCBjaGFyYWN0ZXJz
TVNJX1JFRlVTRV9DSEFUX1RPX0VWRVJZT05F,QmxvY2tlZCBhbGwgY2hhdHMgYW5kIHdoaXNwZXJzIGZyb20gYWxsIGNoYXJhY3RlcnM=
TVNJX0ZBSUxFRF9UT19BTExfQ0hBVF9QRVJNSVQ=,RmFpbGVkIHRvIGJsb2NrIGFsbCBjaGF0cyBhbmQgd2hpc3BlcnMgZnJvbSBhbGwgY2hhcmFjdGVycw==
TVNJX1BFUk1JVF9DSEFUX1RPX0VWRVJZT05F,QWxsb3dlZCBhbGwgY2hhdHMgYW5kIHdoaXNwZXJzIGZyb20gYWxsIGNoYXJhY3RlcnM=
TVNJX0ZBSUxFRF9UT19BU0tfQUxMX0NIQVQ=,RmFpbGVkIHRvIGFsbG93IGFsbCBjaGF0cyBhbmQgd2hpc3BlcnMgZnJvbSBhbGwgY2hhcmFjdGVycw==
TVNJX09QRU5JTkc=,UHJveHlz
TVNJX0RPX1lPVV9XQU5UX1RPX0JBQ0tfTE9HSU5XTkQ=,RG8geW91IHdhbnQgdG8gcmV0dXJuIHRvIHRoZSBsb2dpbiBzY3JlZW4/
TVNJX0VOU1RfU0hPVVQy,U1RSIGFuZCBBVEsgaW5jcmVhc2VkLg==
TVNJX0VOU1RfQkxFU1NJTkcy,U1RSLCBJTlQsIERFWCBhbmQgSElUIGluY3JlYXNlZC4=
TVNJX0VOU1RfQU5HRUxVUzI=,SFAgYW5kIERFRiBpbmNyZWFzZWQu
TVNJX0NBU0hTSE9QX1RBQl9KRUxMU1RBUg==,R2Vsc3Rhcg==
TVNJX0NBU0hTSE9QX1RBQl9FRlNUX0FJRA==,QWNjb3VudCBCdWZm
TVNJX0NBU0hTSE9QX1RBQl9QUkVNSVVNX1NFUlZJQ0U=,Rml4ZWQgc2VydmljZQ==
TVNJX1JFRlVTRV9SRVRSWV9DT05ORUNUX0FD,WW91ciBjb25uZWN0aW9uIGlzIGN1cnJlbnRseSBkZWxheWVkLiBZb3UgY2FuIGNvbm5lY3QgYWdhaW4gbGF0ZXIu
TVNJX1JFRlVTRV9SRVRSWV9DT05ORUNUX1RD,WW91ciBjb25uZWN0aW9uIGlzIGN1cnJlbnRseSBkZWxheWVkLCBQbGVhc2UgcmVjb25uZWN0IGFnYWluIGxhdGVyLg==
TVNJX0NBTk5PVF9GSU5EX05BTUVfVEhBVF9DT05UQUlOU19CQURXT1JEUw==,TmFtZSB3aXRoIGJhZCB3b3JkcyBjYW4gbm90IGJlIHNlYXJjaGVkLg==
TVNJX1RIRV9QQVJUWV9NQVNURVJfQ0FOTk9UX0JFX1JFUVVFU1RFRA==,TyBsw61kZXIgZG8gZ3J1cG8gbsOjbyBwb2RlIGFjZWl0YXIgcGVkaWRvcyBhZ29yYS4=
TVNJX05PX1BBUlRZX0ZPVU5E,TmVuaHVtIGdydXBvIGVuY29udHJhZG8u
TVNJX0FEVkVOX0RFQVJFUg==,QXRhY2FudGU=
TVNJX1dFQl9BRERSRVNTX0ZPUl9SRVNUQVJU,aHR0cDovL3JvLmduam95LmNvbQ==
TVNJX1FVRVNUV05EX0hJR0hFUg==,
TVNJX1FVRVNUV05EX0xPV0VS,
TVNJX0ZSSUVORF9BTFJFQURZX0ZSSUVORA==,SsOhIHNvbW9zIGFtaWdvcw==
TVNJX0ZSSUVORF9DQU5fTk9UX0ZJTkQ=,TsOjbyBjb25zaWdvIGVuY29udHJhciBhIG91dHJhIHBlc3NvYQ==
TVNJX0ZSSUVORF9BTFJFQURZX0pPSU5JTkc=,T3V0cm8gcGVyc29uYWdlbSBqw6EgZXN0w6Egc29saWNpdGFuZG8gdm9jw6ogY29tbyBhbWlnby4=
TVNJX1NQUklURU1BQkxFX09O,RXhpYmlyIEludm9jYcOnw7Vlcw==
TVNJX1NQUklURU1BQkxFX09GRg==,TsOjbyBleGliaXIgSW52b2Nhw6fDtWVz
TVNJX0JBTl9CTE9DS19DSEFSQ1RFUl9TRVJWRVJfU0VDT05EX1BBU1NXT1JE,TyBhY2Vzc28gbm8gam9nbyBhIGVzdGEgY29udGEgw6kgcmVzdHJpdG8gZGV2aWRvIMOgIGluc2Vyw6fDo28gaW5jb3JyZXRhIGRhIHNlbmhhIHNlY3VuZMOhcmlhLiBcbiBBcyByZXN0cmnDp8O1ZXMgZGUgYWNlc3NvIHNlcsOjbyBzdXNwZW5zYXMgYXDDs3MgJTAyZCBob3JhcyBlICUwMmQgbWludXRvcy4gUGFyYSBzdXNwZW5kZXIgYXMgcmVzdHJpw6fDtWVzIGRlIGFjZXNzbywgYWNlc3NlIGEgcMOhZ2luYSBpbmljaWFsIC0+IEFsdGVyYXIgaW5mb3JtYcOnw7VlcyBwZXNzb2FpcyAtPiBTZW5oYSBzZWN1bmTDoXJpYSBlIGF1dGVudGlxdWUtc2Uu
TVNJX1NFQ09ORF9QQVNTV09SRF9JTkZPXzU=,U2VuaGE=
TVNJX0NIRUNLX0FUVEVOREFOQ0VfUk9ERVhfU0VOREVS,U2lzdGVtYQ==
TVNJX0NIRUNLX0FUVEVOREFOQ0VfUk9ERVhfQ09OVEVOVFM=,UmVjb21wZW5zYSBkbyBOw612ZWwgJWQgZG8gUGFzc2UgZGUgQmF0YWxoYQ==
TVNJX0FDQ09VTlRMSU5LRURVU0VSREFUQV9MT0FEX0ZBSUw=,T2NvcnJldSB1bSBlcnJvIGFvIHJlY3VwZXJhciBvcyBkYWRvcyBkZSBjb25maWd1cmHDp8O1ZXMgZGEgY29udGEuIChQYXJhIHRlbnRhciBub3ZhbWVudGUsIHZvY8OqIGRldmUgcmVpbmljaWFyLik=
TVNJX1VTRVNLSUxMX0ZBSUxfTk9UX1BBUlRZX01FTUJFUg==,RXN0YSBoYWJpbGlkYWRlIHBvZGUgc2VyIHVzYWRhIGVtIHN0YXR1cyBkZSBncnVwby4=
TVNJX0FEVkVOVFVSRVJfQUdFTkNZX1JFQ1JVSVRfU1RPUA==,UmVjcnV0YW1lbnRvIGludGVycm9tcGlkbw==
TVNJX0NBTk5PVF9PRkZFUl9HVUlMRF9FWFBfTUFYX1JBVEU=,QSBleHBlcmnDqm5jaWEgZGUgZ29yamV0YSBkYSBndWlsZGEgcG9kZSBjaGVnYXIgYSAlZCUlLg==
TVNJX0NBTk5PVF9PRkZFUl9HVUlMRF9FWFBfTUFYX0xFVkVM,TyBuw612ZWwgZGEgZ3VpbGRhIGVzdMOhIG5vIG3DoXhpbW8sIGVudMOjbyB2b2PDqiBuw6NvIHBvZGUgbWFpcyBkb2FyIHBvbnRvcyBkZSBleHBlcmnDqm5jaWEu
TVNJX0ZPUkNFRF9XRUJfTE9HSU4=,UGFyYSBzZWd1cmFuw6dhIGRhIGNvbnRhLCB1c3XDoXJpb3MgcXVlIG7Do28gc8OjbyBNT1RQIHPDsyBwb2RlbSBmYXplciBsb2dpbiBubyBzaXRlLlxuVGVudGUgZmF6ZXIgbG9naW4gbm8gc2l0ZS4=
TVNJX0lOQ19BVFRBQ0tEQU1BR0VfQUJJTElUWVBPV0VS,TyBwb2RlciBkZSBhdGFxdWUgZsOtc2ljbyBlIG8gcG9kZXIgZGUgYXRhcXVlIG3DoWdpY28gZm9yYW0gbWVsaG9yYWRvcy4=
TVNJX0RFQ19BVFRBQ0tEQU1BR0VfQUJJTElUWVBPV0VS,TyBwb2RlciBkZSBhdGFxdWUgZsOtc2ljbyBlIG8gcG9kZXIgZGUgYXRhcXVlIG3DoWdpY28gZm9yYW0gcmVkdXppZG9zLg==
TVNJX0NIRUNLX0FUVEVOREFOQ0VfUkVXQVJE,UGFzc2UgZGUgQmF0YWxoYQ==
TVNJX0NIRUNLX0FUVEVOREFOQ0VfREFURV9JTkZP,UGVyw61vZG86ICUwMmQvJTAyZCB+ICUwMmQvJTAyZCBhdMOpIG1laWEtbm9pdGU=
TVNJX0NIRUNLX0FUVEVOREFOQ0VfREFURV9DT1VOVA==,TsOtdmVsICVk
TVNJX0NIRUNLX0FUVEVOREFOQ0VfQ0hFQ0tfQkVGT1JF,TsOtdmVsICVk
TVNJX0NIRUNLX0FUVEVOREFOQ0VfQ0hFQ0tfQUZURVI=,TsOtdmVsICVkIENvbGV0YWRv
TVNJX0NIRUNLX0FUVEVOREFOQ0VfRERBWQ==,RmFsdGFt
TVNJX0RBVEVfREFZ,ZGlhcw==
TVNJX0NIRUNLX0FUVEVOREFOQ0VfRkFJTF9SRVNUQVJU,UGFzc2UgZGUgQmF0YWxoYSBmYWxob3UsIHRlbnRlIG5vdmFtZW50ZS4=
TVNJX0NIRUNLX0FUVEVOREFOQ0U=,UGFzc2UgZGUgQmF0YWxoYQ==
TVNJX0NIRUNLX0FUVEVOREFOQ0VfTk9UX0VWRU5U,TyBldmVudG8gZGUgUGFzc2UgZGUgQmF0YWxoYSBuw6NvIGVzdMOhIGF0aXZvIG5vIG1vbWVudG8u
TVNJX0NBTl9OT1RfT0ZGRVJfRVhQX1RPX0dVSUxEX01BWF9MVg==,QSBleHBlcmnDqm5jaWEgZGUgZGlzdHJpYnVpw6fDo28gZGEgZ3VpbGRhIGF0aW5naXUgbyBtw6F4aW1vLCBlbnTDo28gdm9jw6ogbsOjbyBwb2RlIG1haXMgYWN1bXVsYXIgZXhwZXJpw6puY2lhIGRhIGd1aWxkYS4=
TVNJX0NBTl9OT1RfT0ZGRVJfRVhQX1RPX0dVSUxEX01BWF9FWFA=,U3VhIGV4cGVyacOqbmNpYSBwZXNzb2FsIGRlIHByb3BpbmEgYXRpbmdpdSBvIG3DoXhpbW8sIGVudMOjbyB2b2PDqiBuw6NvIHBvZGUgbWFpcyBhY3VtdWxhciBleHBlcmnDqm5jaWEgZGUgZ3VpbGRhLg==
TVNJX01FU1NBR0VXTkRfVElUTEU=,bWVuc2FnZW0=
TVNJX1NFTkRfVE9fVFdJVFRFUl9GQUlMRUQ=,RmFsaGEgYW8gZW52aWFyIG1lbnNhZ2VtIHBhcmEgbyBUd2l0dGVyLg==
TVNJX0tFWVdPUkRfRklMVEVS,Vm9jw6ogZGV2ZSBpbnNlcmlyIHBlbG8gbWVub3MgNCBjYXJhY3RlcmVzIGluZ2xlc2VzIGUgMiBjYXJhY3RlcmVzIGNvcmVhbm9zLg==
TVNJX0RJU0FCTEVfVEFNSU5HTU9OU1RFUl9NQVA=,RXN0YSDDqSB1bWEgw6FyZWEgb25kZSBuw6NvIMOpIHBvc3PDrXZlbCBkb21lc3RpY2FyIG1vbnN0cm9zLg==
TVNJX1JBTktfTE9BRElORw==,UmVjdXBlcmFuZG8gY2xhc3NpZmljYcOnw7Vlcy4uLg==
TVNJX1VTRVNLSUxMX0ZBSUxfTk9UX1BBUlRZX01BU1RFUg==,RXN0YSBoYWJpbGlkYWRlIHPDsyBwb2RlIHNlciB1c2FkYSBxdWFuZG8gdm9jw6ogw6kgbyBsw61kZXIgZG8gZ3J1cG8u
TVNJX1VTRVNLSUxMX0ZBSUxfRU5TRU1CTEVfUEFSVFlORVI=,TyBTUCBkbyBwYXJjZWlybyDDqSBpbnN1ZmljaWVudGUgb3UgYSBoYWJpbGlkYWRlIG7Do28gcG9kZSBzZXIgdXNhZGEu
TVNJX1NUT1JFX0FTU0lTVEFOVF9UUkFERV9GT1JDRURfUkVNT1ZBTF9USVRMRQ==,QXZpc28gc29icmUgYSByZW1vw6fDo28gZGEgc3VhIGxvamE=
TVNJX1NUT1JFX0FTU0lTVEFOVF9UUkFERV9GT1JDRURfUkVNT1ZBTF9DT05URU5U,T2zDoSFcclxuU3VhIGxvamEgZm9pIGZlY2hhZGEgYW50ZXMgZGEgaG9yYSBwb3JxdWUgcGVyY2ViZW1vcyBxdWUgZWxhIHZpb2xhdmEgYSBwb2zDrXRpY2EgZGUgY29uZHV0YSBkbyBqb2dvLlxyXG4gU2UgcHJlY2lzYXIgc2UgbWFpcyBpbmZvcm1hw6fDtWVzLCBlbnZpZSB1bSB0aWNrZXQuXHJcbkFncmFkZWNlbW9zIGEgY29tcHJlZW5zw6NvLg==
TVNJX0NBTl9OT1RfT0ZGRVJfRVhQX0xJTUlUX1JBVEU=,Vm9jw6ogbsOjbyBwb2RlIGluc2VyaXIgdW0gdmFsb3Igc3VwZXJpb3IgYSA1MCUu
TVNJX0NBTk5PVF9DSEFOR0VfUEFSVFlNQVNURVI=,TyBncnVwbyBlc3TDoSByZWdpc3RyYWRvIG5hIGFnw6puY2lhIGRlIGF2ZW50dXJlaXJvcyBlIG8gbMOtZGVyIGRvIGdydXBvIG7Do28gcG9kZSBzZXIgYWx0ZXJhZG8u
TVNJX0NBTk5PVF9SRUdJU1RFUl9QQVJUWQ==,Vm9jw6ogbsOjbyBwb2RlIHJlZ2lzdHJhciBzZXUgZ3J1cG8gbmEgYWfDqm5jaWEgZGUgYXZlbnR1cmVpcm9zLg==
TVNJX0FDQ0VQVA==,QWNlaXRhcg==
TVNJX1JFRlVTRQ==,UmVjdXNhcg==
TVNJX0FEVkVOX0hFQUxFUg==,U3Vwb3J0ZQ==
TVNJX0NBTk5PVF9GSU5EX1JFUVVFU1RfVVNFUg==,UGVyc29uYWdlbSBuw6NvIGVuY29udHJhZG8u
TVNJX1NUT1JFX0FTU0lTVEFOVF9UUkFERV9GT1JDRURfUkVNT1ZBTA==,UmVtb8Onw6NvIGRlIGxvamE=
TVNJX0NBTk5PVF9GSU5EX1BBUlRZTUFTVEVS,TMOtZGVyIGRvIEdydXBvIG7Do28gZW5jb250cmFkby4=
TVNJX0NBTk5PVF9KT0lOX1BBUlRZX0JFQ0FVU0VfTE9XX0xFVkVM,TsOtdmVsIGRlIGNsYXNzZSBtdWl0byBiYWl4byBwYXJhIHNlIGp1bnRhciBhIHVtIGdydXBvLg==
TVNJX0lOVkFMSURfTUFQUFJPUEVSVFlfUkVRVUVTVF9VU0VS,TyBzb2xpY2l0YW50ZSBlc3TDoSBlbSB1bSBtYXBhIHF1ZSBpbXBlZGUgZW50cmFyIGVtIHVtIGdydXBvLg==
TVNJX0VYQ0VFREVEX05VTUJFUl9PRl9QQVJUWU1FTUJFUlM=,R3J1cG8gY2hlaW8u
TVNJX0pPSU5fQUNDRVBU,TyBsw61kZXIgZG8gZ3J1cG8gWyVzXSBhY2VpdG91IHNldSBwZWRpZG8u
TVNJX0pPSU5fUkVGVVNF,TyBsw61kZXIgZG8gZ3J1cG8gWyVzXSByZWN1c291IHNldSBwZWRpZG8u
TVNJX0FMUkVBRFlfSk9JTkVEX1JFUVVFU1RfVVNFUg==,WyVzXSBqw6EgZXN0w6EgZW50cmFuZG8gbm8gZ3J1cG8u
TVNJX0pPSU5fQUNDRVBUX1JFUVVFU1RfVVNFUg==,Vm9jw6ogYWNlaXRvdSBbJXNdIG5vIHNldSBncnVwby4=
TVNJX0pPSU5fUkVGVVNFX1JFUVVFU1RfVVNFUg==,WyVzXSBlbnRyYWRhIHJlY3VzYWRh
TVNJX1JFUVVFU1RfUkVKRUNURURfQkVDQVVTRV9JTlZBTElEX01BUFBST1BFUlRZ,TyBwZWRpZG8gZGUgWyVzXSBmb2kgcmVqZWl0YWRvIHBvcnF1ZSBhIHNvbGljaXRhw6fDo28gZGUgZ3J1cG8gbsOjbyBww7RkZSBzZXIgYWNlaXRhLg==
TVNJX0FEVkVOVFVSRVJfQUdFTkNZX0xJU1Q=,SmFuZWxhIGRhIEFnw6puY2lhIGRlIEF2ZW50dXJh
TVNJX1JFUVVFU1RfSk9JTl9QQVJUWQ==,UHJvY3VyYXIgcG9yIEdydXBvcw==
TVNJX05PVF9QQVJUWU1BU1RFUl9DQU5OT1RfUkVHSVNURVJfQURWRU5UVVJFUl9BR0VOQ1k=,U2Ugdm9jw6ogbsOjbyDDqSBsw61kZXIgZGUgZ3J1cG8sIG7Do28gcG9kZSByZWdpc3Ryw6EtbG8gbmEgQWfDqm5jaWEgZGUgQXZlbnR1cmEu
TVNJX0FEVkVOVFVSRVJfQUdFTkNZX1JFQ1JVSVRfU1RPUF9GQUlMRUQ=,Vm9jw6ogbsOjbyBwb2RlIGludGVycm9tcGVyIG8gcmVjcnV0YW1lbnRvLg==
TVNJX0FEVkVOX0FTU0lTVA==,QXV4aWxpYXI=
TVNJX0VYUEFORF9TSUdIVF9PUFRJT05XTkQ=,RGltaW51aXIgem9vbQ==
TVNJX0VYUEFORF9TSUdIVF9IRUxQ,JXMgOiByZWR1emlyIG91IGFtcGxpYXIgbyBab29tLg==
TVNJX0VYUEFORF9TSUdIVF9PTg==,Wm9vbSBhbXBsaWFkbw==
TVNJX0VYUEFORF9TSUdIVF9PRkY=,Wm9vbSBkZXNsaWdhZG8=
TVNJX0VYUEFORF9TSUdIVA==,L3pvb20=
TVNJX0FEVkVOVFVSRVJfQUdFTkNZ,QWfDqm5jaWEgZGUgQXZlbnR1cmE=
TVNJX0NBTk5PVF9BU0tfVE9fSk9JTl9QQVJUWQ==,U2Ugdm9jw6ogZm9yIG8gbMOtZGVyIGRvIHBhcnRpZG8sIG7Do28gcG9kZXLDoSBzb2xpY2l0YXIgYWRlc8Ojby4=
TVNJX0NIRUNLX0xFVkVMX0JFRk9SRV9SRUdJU1RFUl9BR0VOQ1k=,TyBuw612ZWwgbcOheGltbyBwYXJhIGVudHJhciBubyBncnVwbyBkZXZlIHNlciBtYWlvciBxdWUgbsOtdmVsIG3DrW5pbW8gYWp1c3RhZG8u
TVNJX0NBTk5PVF9NT1JFX1NFTEVDVF9KT0I=,Vm9jw6ogbsOjbyBwb2RlIG1haXMgZXNjb2xoZXIgdW0gZW1wcmVnby4=
TVNJX0QwX05PVF9SRUNFSVZFX1RIRV9VU0VSX1JFUVVFU1RfVE9EQVk=,RHVyYW50ZSBvIGpvZ28sIHNldXMgcGVkaWRvcyBkZSBncnVwbyBuw6NvIHNlcsOjbyBhY2VpdG9zIGF0w6kgZmVjaGFyIG8gQ2xpZW50Lg==
TVNJX1BMRUFTRV9SRU9QRU5fTElTVFdORF9BRlRFUl9BX1dISUxF,UG9yIGZhdm9yLCBhYnJhLW8gbm92YW1lbnRlIG1haXMgdGFyZGUu
TVNJX0JFRk9SRV9TSUVHRV9CTE9DS01PVkVfVElNRQ==,RXN0YSBmdW7Dp8OjbyBuw6NvIHBvZGUgc2VyIHVzYWRhIHBvciAlZCBtaW51dG9zIGFudGVzIGRvIGluw61jaW8gZG8gY2VyY28u
TVNJX0VYUEFORF9PQkpBTFBIQQ==,LyB2aXN1YWxpemFyIGNsYXJv
TVNJX0hBTEZBTFBIQU9CSl9PTg==,Q29uc3RydWluZG8gc2VtaXRyYW5zcGFyw6puY2lhIE9O
TVNJX0hBTEZBTFBIQU9CSl9PRkY=,Q29uc3RydWluZG8gc2VtaXRyYW5zcGFyw6puY2lhIERFU0xJR0FEQQ==
TVNJX0dSQVBISUNfU0VUVElOR19PQkpBTFBIQQ==,Q29uc3RydWluZG8gdHJhbnNwYXLDqm5jaWE=
TVNJX0ZBSUxFRF9QRVRfVE9fRUdHX0NMT1NFX1JPREVY,QSByZXZlcnPDo28gcGFyYSBvIG92byBmYWxob3UuIEZlY2hlIGEgamFuZWxhIGRlIGNyaWHDp8OjbyBkbyBSb2RleC4=
TVNJX0VNQkxFTV9GUkFNRQ==,RnVuZG8gZGUgRW1ibGVtYQ==
TVNJX0VNQkxFTV9GUkFNRV9EUkFXX09O,RXhpYmlyIGZ1bmRvIGRvIEVtYmxlbWEgZGUgQ2zDoy4=
TVNJX0VNQkxFTV9GUkFNRV9EUkFXX09GRg==,TsOjbyBleGliaXIgZnVuZG8gZG8gRW1ibGVtYSBkZSBDbMOjLg==
TVNJX1VTRVNLSUxMX0ZBSUxfTkVFRF9FUVVJUFBFRF9XRUFQT05F,TsOjbyBow6EgYXJtYXMgZXF1aXBhZGFzLg==
TVNJX1VTRVNLSUxMX0ZBSUxfRU1QVFlfU09VTF9FTkVSR1k=,RXN0b3UgZmljYW5kbyBzZW0gZXNmZXJhcyBkZSBlbmVyZ2lhLg==
TVNJX0FERFNLSUxMX0ZBSUxfSU5DTFVERV9TS0lMTF9ZT1VfQ0FOTk9UX0xFQVJO,Q29udMOpbSB1bWEgaGFiaWxpZGFkZSAoJXMpIHF1ZSBuw6NvIHBvZGUgc2VyIGFwcmVuZGlkYS4=
TVNJX0RSQVdfRU1CTEVNX0ZSQU1FX09OT0ZG,L3F1YWRybw==
TVNJX1VTRVNLSUxMX0ZBSUxfR0NfV0VBUE9OQkxPQ0tfT04=,QWZ0ZXIgV2VhcG9uIEJsb2NraW5nIGlzIHRyaWdnZXJlZCwgcG9zc2libGUgc2tpbGxzIGFyZSBhdmFpbGFibGUgZm9yIHVzZSBmb3IgbGltaXRlZCBkdXJhdGlvbi4=
TVNJX1JFRlVTRV9MT0dJTl9BVVRI,TyB1c3XDoXJpbyBvdSBhIHNlbmhhIGVzdMOjbyBpbmNvcnJldGFzLg==
TVNJX1JVU1NJQV9QRVJTT05BTElORk9fRVhQ,RSBYIFA6ICUuMWYlJSAoYsOhc2ljbyAxMDAsMCUlICVzICUuMWYlJSk=
TVNJX1JVU1NJQV9QRVJTT05BTElORk9fRFJPUA==,RFJPUDogJS4xZiUlIChiw6FzaWNvIDEwMCwwJSUgJXMgJS4xZiUlKQ==
TVNJX1JVU1NJQV9QRVJTT05BTElORk9fREVBVEg=,TU9SVEU6ICUuMWYlJSAoYsOhc2ljbyAxMDAsMCUlICVzICUuMWYlJSk=
TVNJX1JVU1NJQV9DSEFSX05BTUVfUlVMRVM=,QXZhaWxhYmxlIGluIEVuZ2xpc2ggb3IgUnVzc2lhbiBvbmx5Lg==
TVNJX1JFRlVTRV9MT0dJTl9BQ0NFU1NUSUNLRVQ=,Q29udGEgbsOjbyBwb3NzdWkgcGFzc2UgZGUgYWNlc3NvIGFvIFZhbGhhbGxh
TVNJX0lURU1TVE9SRV9ET1dOTE9BRElORw==,Q2FycmVnYW5kbyBhcm1hesOpbS4=
TVNJX0lURU1TVE9SRV9OT1dfTE9BRElORw==,QUdPUkEgQ0FSUkVHQU5ETy4u
TVNJX1JPREVYX0JVVFRPTl9ERUxFVEU=,RGVsZXRhcg==
TVNJX1JPREVYX0JVVFRPTl9BTlNXRVI=,UmVzcG9uZGVy
TVNJX1JPREVYX0JVVFRPTl9TRU5E,RW52aWFy
TVNJX1JPREVYX0JVVFRPTl9DT05GSVJNX0lE,Q29uZmVyaXI=
TVNJX1JPREVYX1RBQl9BRE1JTg==,Tm90w61jaWFz
TVNJX1JPREVYX1RBQl9ERUZBVUxU,RW50cmFkYQ==
TVNJX1JPREVYX1RBQl9SRVRVUk4=,VmVuY2lkb3M=
TVNJX1JPREVYX1RBQl9TRUFSQ0g=,QnVzY2Fkb3M=
TVNJX0ZBSUxFRF9QRVRfQVVUT19GRUVESU5HX0JZX0lURU1BQ1RJT04=,RmFsaGEgYW8gYWxpbWVudGFyIGEgbWFzY290ZSBhdXRvbWF0aWNhbWVudGUu
TVNJX0ZBSUxFRF9IT01VTl9BVVRPX0ZFRURJTkdfQllfSVRFTUFDVElPTg==,RmFsaGEgYW8gYWxpbWVudGFyIG8gaG9tdW5jdWx1cyBhdXRvbWF0aWNhbWVudGUu
TVNJX01TSV9JTlZFTlRPUllfVEFCTkFNRV80,ZGluaGVpcm8=
TVNJX0JBUlRFUklURU1fTkFNRV9DT1VOVA==,JXMgJWQgdW4u
TVNJX0VYQ0hBTkdFRF9GQUlMRUQ=,QSBwZXJtdXRhIGZhbGhvdS4=
TVNJX0VYQ0hBTkdFRF9TVUNDRUVERUQ=,QSBwZXJtdXRhIGZvaSB1bSBzdWNlc3NvLg==
TVNJX05PX0lURU1fRk9SX0VYQ0hBTkdF,SXRlbnMgaW5zdWZpY2llbnRlcyBwYXJhIGEgcGVybXV0YS4=
TVNJX0lURU1fT1VUX09GX1NUT0NL,RXNzZSBpdGVtIGrDoSBmb2kgdmVuZGlkbyBlIGVzdMOhIGZvcmEgZGUgZXN0b3F1ZS4=
TVNJX0RFQUQ=,bW9ycmVuZG8=
TVNJX1BWUA==,SnhK
TVNJX0lOVkVOVE9SWV9FWFRFTkRfT0ZfQk9EWUlURU0=,RXhwYW5kaXIgaW52ZW50w6FyaW8=
TVNJX0lOVkVOVE9SWV9FWFRFTkQ=,VXNhciAxIF4wMDAwZmYlc14wMDAwMDAgcGFyYSBleHBhbmRpciBkZSAoXjAwMDBmZiVkXjAwMDAwMCkgYSAoXjAwMDBmZiVkXjAwMDAwMCkgaXRlbnM/IF5mZjAwMDBOw6NvIHBvZGUgc2VyIHJldmVydGlkYS5eMDAwMDAw
TVNJX0lOVkVOVE9SWV9FWFRFTkRfRkFJTEVE,QSBleHBhbnPDo28gZG8gaW52ZW50w6FyaW8gZmFsaG91Lg==
TVNJX0lOVkVOVE9SWV9FWFRFTkRfRkFJTEVEX0FOT1RIRVJfV09SSw==,RmVjaGUgYXMgamFuZWxhcyBkZSBkacOhbG9nbyBhbnRlcyBkZSBleHBhbmRpciBvIGludmVudMOhcmlvLg==
TVNJX0lOVkVOVE9SWV9FWFRFTkRfRkFJTEVEX05PX0lURU0=,Vm9jw6ogbsOjbyB0ZW0gbyBpdGVtIG5lY2Vzc8OhcmlvIHBhcmEgZXhwYW5kaXIgbyBpbnZlbnTDoXJpby4=
TVNJX0lOVkVOVE9SWV9FWFRFTkRfRkFJTEVEX01BWF9PVkVS,TyBpbnZlbnTDoXJpbyBmb2kgZXhwYW5kaWRvIGFvIG3DoXhpbW8u
TVNJX0lOVkVOVE9SWV9FWFRFTkRfU1VDQ0VTUw==,TyBpbnZlbnTDoXJpbyBmb2kgZXhwYW5kaWRvIGNvbSBzdWNlc3NvLg==
TVNJX0xJTUlUX0JVWV9JVEVNMw==,Vm9jw6ogbsOjbyBwb2RlIHRlciBtYWlzIGRlICVkIHVuaWRhZGVzIGRvIG1lc21vIGl0ZW0u
TVNJX0VYQ0VFRF9MSU1JVEVEX0lURU1OVU0=,Vm9jw6ogbsOjbyBwb2RlIGNvbXByYXIgcG9yIGZhbHRhIGRlIGVzcGHDp28gbm8gaW52ZW50w6FyaW8u
TVNJX0JVWV9PTkVfQVRfQV9USU1F,Vm9jw6ogc8OzIHBvZGUgY29tcHJhciAxIGRlc3NlcyBpdGVucyBwb3IgdmV6Lg==
TVNJX1NUQVJfRU1QRVJPUg==,U2FudG8gSW1wZXJhZG9y
TVNJX1NPVUxfUkVBUEVS,Q2VpZmFkb3IgZGUgQWxtYXM=
TVNJX1NBVkVfSE9US0VZX1RPX1NFUlZFUg==,QXMgY29uZmlndXJhw6fDtWVzIHNlcsOjbyBzYWx2YXMgbm8gc2Vydmlkb3IgYXDDs3MgbyBkZXNsaWdhbWVudG8gbm9ybWFsLg==
TVNJX1RSQU5TTEFURV9DQVBUVVJFX01PTlNURVI=,Q2FwdHVyYXIgTW9uc3Rybw==
TVNJX1RSQU5TTEFURV9NRVNTQUdF,TWVuc2FnZW0=
TVNJX1RSQU5TTEFURV9USVRMRQ==,VMOtdHVsbw==
TVNJX0VYVEVORF9EQU1BR0VfUkFOR0U=,Q2hpbmVzZSBjaGFyYWN0ZXI=
TVNJX1NIT1dfTkFNRV9PRl9FTlRFUkVEX01BUA==,Q29uZmlndXJhw6fDtWVzIGRlIGF0YWxobyByw6FwaWRv
TVNJX1NZU1RFTV9NU0dfTUVSQ0hBTlRTSE9Q,QXR1YWxtZW50ZSwgbyAvc2hvd3Nob3AgZXN0w6EgJXMu
TVNJX1ZTWU5D,TyBhcnF1aXZvIGRlIHJlcGxheSBuw6NvIGZvaSBlbmNvbnRyYWRvLg==
TVNJX1dFQlNJVEVfTElOS19CVE5fVE9PTFRJUA==,U2hvZXM=
TVNJX1dFQlNJVEVfTElOS19BRERSRVNT,SGVhZA==
TVNJX09VVFNJREVfQ0FTSFNIT1BfQlROX1RPT0xUSVA=,QXJtb3I=
TVNJX0xJTUlUX0ZSQU1F,U2hvdWxkZXJz
TVNJX1VTRVNLSUxMX0ZBSUxfT1ZFUl9JTlNUQUxMQVRJT04=,QWNjZXNzb3J5
TVNJX05BVklHQVRJT05fREVTVElOQVRJT04=,Q29zdHVtZQ==
TVNJX0VNQkxFTV9VUExPQURfRkFJTEVEX0JVU1k=,U29ydCBPcmRlcg==
TVNJX0VNQkxFTV9SRUdJU1RfRkFJTEVEX0lOQ09SUkVDVF9TSVpF,Tm9ybWFsIEdlYXI=
TVNJX1JPREVYX0JVVFRPTl9ERUxFVEVfU0VMRUNURUQ=,RGVsZXRhcg==
TVNJX1JPREVYX0JVVFRPTl9ERUxFVEVfQUxM,RGVsZS4gdHVkbw==
TVNJX1JPREVYX01FU1NBR0VfREVMRVRFX0FMTA==,RGVzZWphIGRlbGV0YXIgdG9kYXMgYXMgbWVuc2FnZW5zIGRhIGFiYSBbJXNdPw==
TVNJX1JPREVYX0JVVFRPTl9SRUNFSVZFX1NFTEVDVEVE,UGVnYXI=
TVNJX1JPREVYX0JVVFRPTl9SRUNFSVZFX0FMTA==,UGVnYXIgdHVkbw==
TVNJX1JPREVYX01FU1NBR0VfUkVDRUlWRV9TRUxFQ1RFRA==,R29zdGFyaWEgZGUgcmVjZWJlciB0b2RvcyBvcyBhbmV4b3MgZGFzIG1lbnNhZ2VucyBzZWxlY2lvbmFkYXM/
TVNJX1JPREVYX01FU1NBR0VfUkVDRUlWRV9BTEw=,R29zdGFyaWEgZGUgcmVjZWJlciB0b2RvcyBvcyBhbmV4b3MgZGEgYWJhIFslc10/
TVNJX0hPVEtFWVdORF9TS0lMTEJBUjI=,SGFiaWxpZGFkZXMgMg==
TVNJX0NIQU5HRV9TS0lMTEJFUg==,QWx0ZXJhciBiYXJyYSBkZSBoYWJpbGlkYWRlcy4=
TVNJX0hPVEtFWUdVSURFV05EX0xFRlQ=,wqLCrmM=
TVNJX0hPVEtFWUdVSURFV05EX1VQ,wqLCrmU=
TVNJX0hPVEtFWUdVSURFV05EX1JJR0hU,wqLCrsKpwqE=
TVNJX0hPVEtFWUdVSURFV05EX0RPV04=,wqLCrmU=
TVNJX0hPVEtFWUdVSURFV05EX0FQUFM=,wqHDi0M=
TVNJX0hPVEtFWUdVSURFV05EX0JBQ0s=,wqLCrmM=
TVNJX1dBUk5JTkdNU0dfTE9BRElORw==,SmFuZWxhIG7Do28gcG9kZSBzZXIgZmVjaGFkYSBhZ29yYS4=
TVNJX1VTRVNLSUxMX0ZBSUxfU1BFTExCT09LX05PTkU=,VGhlcmUgaXMgbm8gTWFnaWMgU3BlbGxib29rIGF2YWlsYWJsZS4=
TVNJX1VTRV9XT1JMRE1BUF9XSVRIX1BFUklPRF9NU0cx,SXRlbXMgdXNlZCBkdXJpbmcgbW92ZW1lbnQgY2Fubm90IGJlIGV4Y2hhbmdlZC4=
TVNJX1VTRV9XT1JMRE1BUF9XSVRIX1BFUklPRF9NU0cy,SSBwdXJjaGFzZWQgYSBmcmVlIHBhc3M=
TVNJX1VTRV9XT1JMRE1BUF9XSVRIX1BFUklPRF9NU0cz,V2hpbGUgdXNpbmcgdGhlIGZyZWUgcGFzcywgbm8gcmVsYXRlZCBpdGVtcyBhcmUgY29uc3VtZWQu
TVNJX0JUTl9NRVNTQUdFX0FQUExZ,QXBwbHk=
TVNJX0JUTl9NRVNTQUdFX1NUT1A=,U3RvcA==
TVNJX1VTRV9XT1JMRE1BUF9XSVRIX1BFUklPRF9NU0c0,RnJlZSBNb3ZlbWVudA==
TVNJX1VTRV9XT1JMRE1BUF9XSVRIX1BFUklPRF9NU0c1,JWQgaG91cnMsICVzICVk
TVNJX1VTRV9XT1JMRE1BUF9XSVRIX1BFUklPRF9NU0c2,VXNpbmcgRnJlZSBQYXNz
TVNJX0FEVkFOQ0VEX1NUQVRVUw==,VHJhaXQgU3RhdHVz
TVNJX0RFU0NfUE9X,UG93ZXI6IF42NmNjMzNTdGF0dXMgQVRLXmZmZmZmZiBhbmQgXjY2Y2MzM1AuQVRLXmZmZmZmZg==
TVNJX0RFU0NfU1RB,U3RhbWluYTogXjY2Y2MzM1BoeXNpY2FsIFJlc2lzdGFuY2VeZmZmZmZm
TVNJX0RFU0NfV0lT,V2lzZG9tOiBeNjZjYzMzTWFnaWNhbCBSZXNpc3RhbmNlXmZmZmZmZg==
TVNJX0RFU0NfU1BM,U3BlbGw6IF42NmNjMzNTdGF0dXMgTUFUS15mZmZmZmYgYW5kIF42NmNjMzNTLk1BVEteZmZmZmZm
TVNJX0RFU0NfQ09O,Q29uY2VudHJhdGlvbjogXjY2Y2MzM0hJVCwgRkxFRSwgUC5BVEteZmZmZmZmIGFuZCBeNjZjYzMzUy5NQVRLXmZmZmZmZg==
TVNJX0RFU0NfQ1JU,Q3JlYXRpdmU6IF42NmNjMzNILlBsdXNeZmZmZmZmIGFuZCBeNjZjYzMzQy5SQVRFXmZmZmZmZg==
TVNJX0RFU0NfQURWX1NUQVRVU19QT1dFUl9BVEs=,RmluYWwgUGh5c2ljYWwgRGFtYWdl
TVNJX0RFU0NfQURWX1NUQVRVU19TUEVMTF9NQVRL,RmluYWwgTWFnaWMgRGFtYWdl
TVNJX0RFU0NfQURWX1NUQVRVU19TVEFNSU5BX1JFU0lTVA==,UGh5c2ljYWwgUmVzaXN0YW5jZQ==
TVNJX0RFU0NfQURWX1NUQVRVU19XSVNET01fTVJFU0lTVA==,TWFnaWNhbCBSZXNpc3RhbmNl
TVNJX0RFU0NfQURWX1NUQVRVU19DUkVBVElWRV9IRUFMUFVMUw==,SGVhbCBQbHVz
TVNJX0RFU0NfQURWX1NUQVRVU19DUkVBVElWRV9DUklEQU1BR0VfUkFURQ==,Q3JpdGljYWwgRGFtYWdlIFJhdGU=
TVNJX0RFU0NfQURWX1BPSU5U,VHJhaXQgUG9pbnRzIGF2YWlsYWJsZQ==
TVNJX0JBU0lDSU5GT19KT0JMRVZFTDI=,Si5Odg==
TVNJX0JBU0lDSU5GT19BUA==,UEE=
TVNJX0dVSUxEX0FHSVRfTU9WRV9BR0lU,R28gdG8gZGVzdGluYXRpb24=
TVNJX0dVSUxEX0FHSVRfSU5WRVNUTUVOVF9JTkZP,Q29tbWVyY2lhbC9EZWZlbnNlIENoZWNr
TVNJX0dVSUxEX0FHSVRfQVJFX1lPVV9NT1ZFX0FHSVQ=,V291bGQgeW91IGxpa2UgdG8gbW92ZSB0byAiJXMiIE1hbmFnZW1lbnQgVGVycml0b3J5P1xuJWQgWmVueSB3aWxsIGJlIGNvbnN1bWVkIHdpdGggZXZlcnkgbW92ZS5cbiglZCBaZW55IHdpbGwgYmUgY29uc3VtZWQgZHVyaW5nIFdvRSB0aW1lcy4p
TVNJX0dVSUxEX0FHSVRfU0hPV19JTlZFU1RNRU5UX0lORk8=,XG5NYW5hZ2VtZW50IFRlcnJpdG9yeTogIiVzIlxuCVxuRGVmZW5zZTogJWQgLyAlZFxuQ29tbWVyY2lhbDogJWQgLyAlZA==
TVNJX0dVSUxEX0FHSVRfTU9WRV9GQUlMX01BUA==,VGhpcyBmZWF0dXJlIGlzIG5vdCBhdmFpbGFibGUgaW4gV29FIHRlcnJpdG9yeS4=
TVNJX05PVF9MRUFSTl9CQVNJQ19TS0lMTA==,VGhpcyBjaGFyYWN0ZXIgaGFzIG5vdCBhY3F1aXJlZCBCYXNpYyBTa2lsbHMgc2tpbGwu
TVNJX0JBTl9JUF9CTE9DS19GT1JfWkVSTw==,VGhlIGNvbm5lY3RlZCBJUCBjYW5ub3QgYmUgdXNlZCBmb3IgUmFnbmFyb2s6WmVyby5cblBsZWFzZSBjb250YWN0IHRoZSBjdXN0b21lciBjZW50ZXIgb3IgaG9tZXBhZ2Uu
TVNJX1RPT0xUSVBfT0ZfT1BUSU9OT0ZGX0JUTg==,TW91bnRpbmcvRGlzbW91bnRpbmc=
TVNJX01DU1RPUkVfQkFDS1VQ,SW1wb3J0
TVNJX01DU1RPUkVfQkFDS1VQX1RPT0xUSVA=,R2V0IHRoZSBpdGVtIGluZm9ybWF0aW9uIHJlZ2lzdGVyZWQgaW4gdGhlIHByZXZpb3VzIHN0YWxsLg==
TVNJX0JBTl9MT0dJTl9JU19SRVNUUklDVEVE,TG9naW4gaXMgcmVzdHJpY3RlZCBkdWUgdG8gc2VydmVyIGlzc3Vlcy4=
TVNJX0dVSUxEX0FHSVRfQUdJVF9NRVNTQUdF,TWVzc2FnZQ==
TVNJX1dBUk5JTkdfVU5ERVJfQUdFX01TRzE=,WW91IGNhbiBwbGF5IG9ubHkgd2l0aCArMTggb3IgaGlnaGVyLg==
TVNJX1dBUk5JTkdfVU5ERVJfQUdFX01TRzI=,V2UgZG9uJ3QgcmVjb21tZW5kIHBsYXlpbmcgb3ZlciAzIGhvdXJzLg==
TVNJX1VTRVNLSUxMX0ZBSUxfQVBfSU5TVUZGSUNJRU5U,WW91IGRvbid0IGhhdmUgZW5vdWdoIEFQLg==
TVNJX0xBUElORV9GQUlMX1JFRklOSU5HX0xFVkVMX09WRVJGTE9XX05FRURFRA==,SXQgY2Fubm90IGJlIGNvbWJpbmVkIGR1ZSB0byBpdCdzIGhpZ2ggcmVmaW5lIGxldmVsLg==
TVNJX0xBUElORV9XQVJOSU5HX1JFRklOSU5HX0xFVkVMX0hJR0hFUl9USEFOX05FRURFRA==,UG9zc3VpIGNhcnRhcyBvdSBlbmNhbnRvcy4=
TVNJX0xBUElORV9XQVJOSU5HX0hBU19DQVJEX09SX0VOQ0hBTlRFRA==,UmVmaW5vIG1haW9yIHF1ZSBvIG5lY2Vzc8OhcmlvLg==
TVNJX0lURU1fQ09VTlRfSU5GSU5JVFk=,Pz9B
TVNJX0lURU1TSE9QX0NVUlJFTkNZ,Wg==
TVNJX1BVUkNIQVNFV05EX1RPVEFM,VG90YWw6ICVzIFplbnk=
TVNJX0FDQ09VTlRfTElNSVRFRF9UT09MX1RJVExF,SmFuZWxhIGRlIHJlZ2lzdHJvIGRlIHZlbmRhcyBsaW1pdGFkYXMgcG9yIGNvbnRh
TVNJX0FDQ09VTlRfTElNSVRFRF9EQl9OQU1F,SXRlbSBEQiBOb21l
TVNJX0FDQ09VTlRfTElNSVRFRF9UT09MX0RCX05VTUJFUg==,SXRlbSBEQiBOw7ptZXJv
TVNJX0FDQ09VTlRfTElNSVRFRF9UT09MX1NFTExfQ09VTlQ=,TsO6bWVybyBkZSBWZW5kYQ==
TVNJX0FDQ09VTlRfTElNSVRFRF9UT09MX1NFTExfU1RBUlRUSU1F,SG9yYSBkZSBpbsOtY2lvIGRhIHZlbmRh
TVNJX0FDQ09VTlRfTElNSVRFRF9UT09MX1NFTExfRU5EVElNRQ==,RmltIGRhIHZlbmRh
TVNJX0FDQ09VTlRfTElNSVRFRF9TQUxFX0lURU0=,VmVuZGEgTGltaXRhZGE=
TVNJX0FDQ09VTlRfTElNSVRFRF9TQUxFX0lURU1fU1RBUlRfREFURQ==,UGVyw61vZG8gZGUgdmVuZGFzOiAlMDJkLyUwMmQgJTAyZDolMDJk
TVNJX0FDQ09VTlRfTElNSVRFRF9TQUxFX0lURU1fTlVN,RGlzcG9uw612ZWwgcG9yIGNvbnRh
TVNJX0FDQ09VTlRfTElNSVRFRF9TQUxFX0lURU1fTElNSVRfTlVN,TGltaXRlOiAlZCBjYWRh
TVNJX0FDQ09VTlRfTElNSVRFRF9UT09MX1JFU1VMVF9GT1JNQVQ=,Pj4gTm9tZSBkbyBJdGVtOiAlcyAvIFF1YW50aWRhZGU6ICVkIC8gUGVyacOzZG8gZGUgVmVuZGE6ICVkIG3DqnM6JWQgZGlhOiVkIGhvcmE6JWQgbWludXRvcyB+ICVkIG3DqnM6JWQgZGlhOiVkIGhvcmE6JWQgbWludXRvcw==
TVNJX0FDQ09VTlRfTElNSVRFRF9TQUxFX0lURU1fU09MRF9PVVQ=,RXNnb3RhZG8=
TVNJX01BUF9QUk9QRVJUWV9ESVNBQkxFX0NBTExFRA==,WyVzXSBlc3TDoSBhdHVhbG1lbnRlIGVtIHVtYSDDoXJlYSBuw6NvIGludm9jw6F2ZWwu
TVNJX0FDQ09VTlRfTElNSVRFRF9TQUxFX0lURU1fTkVYVF9EQVRF,fiAlZCBtw6pzLyVkIGRheSAlZDolZA==
TVNJX0FDQ09VTlRfTElNSVRFRF9TQUxFX0lURU1fRE9OVF9NT1ZFX0NBUlQ=,TsOjbyDDqSBwb3Nzw612ZWwgYWRpY2lvbmFyIG1haXMgcHJvZHV0b3M=
TVNJX0NBTk5PVF9FWENIQU5HRV9JVEVNUw==,SXRlbnMgZXF1aXBhZG9zIG7Do28gcG9kZW0gc2VyIHRyb2NhZG9zLiBEZXNlcXVpcGUgbyBpdGVtLg==
TVNJX1FVSVRfRVhJVF9BRlRFUl9HVUlMRF9DTE9TRQ==,Vm9jw6ogbsOjbyBwb2RlIGlyIHBhcmEgYSBqYW5lbGEgZGUgc2VsZcOnw6NvIGRlIHBlcnNvbmFnZW5zIGVucXVhbnRvIGVzdGl2ZXIgdXNhbmRvIG8gYXJtYXrDqW0gZGEgZ3VpbGRhLg==
TVNJX0hBVkVfSVRFTVRBRw==,TsOjbyBwb2RlIHNlciB1c2FkbyBwb3JxdWUgY29udMOpbSB1bWEgVGFnIGRlIEl0ZW0u
TVNJX01PTlNURVJfTU9OU1RFUklORk8=,TW9uc3Rybw==
TVNJX1VOS05PV05fTU9OU1RFUklORk8=,QW1vcmZv
TVNJX1VOREVBRF9NT05TVEVSSU5GTw==,TW9ydG8tdml2bw==
TVNJX0FOSU1BTF9NT05TVEVSSU5GTw==,QnJ1dG8=
TVNJX1BMQU5UX01PTlNURVJJTkZP,UGxhbnRh
TVNJX0lOU0VDVF9NT05TVEVSSU5GTw==,SW5zZXRv
TVNJX01BUklORV9NT05TVEVSSU5GTw==,UGVpeGU=
TVNJX0RFVklMX01PTlNURVJJTkZP,RGVtw7RuaW8=
TVNJX0hVTUFOX01PTlNURVJJTkZP,SHVtYW5v
TVNJX0FOR0VMX01PTlNURVJJTkZP,QW5qbw==
TVNJX0RSQUdPTl9NT05TVEVSSU5GTw==,RHJhZ8Ojbw==
TVNJX05DX0NBU0hfSU5OT1ZB,QmFsYW7Dp286ICVzICVj
TVNJX0JVWV9SRUNPTkZJUk1fQ0FTSFNUUklOR0ZNVA==,XmZmMDAwMFlvdSBjYW4gd2l0aGRyYXcgeW91ciBzdWJzY3JpcHRpb24gd2l0aGluIDcgZGF5cyBvZiBwdXJjaGFzaW5nIHRoaXMgaXRlbS4gSG93ZXZlciwgaWYgNyBkYXlzIGhhdmUgcGFzc2VkIG9yIHRoZSBpdGVtIGlzIG9wZW5lZCwgaXQgd2lsbCBiZSBleGNsdWRlZCBmcm9tIHRoZSB3aXRoZHJhd2FsIG9mIHN1YnNjcmlwdGlvbi4gQWxzbywgdGhlIGZyZWUgY2FzaCB1c2VkIGZvciBwdXJjaGFzZSB3aWxsIG5vdCBiZSByZXR1cm5lZCB1cG9uIHdpdGhkcmF3YWwgb2Ygc3Vic2NyaXB0aW9uLiBeMDAwMDAwQXJlIHlvdSBzdXJlIHlvdSB3YW50IHRvIHB1cmNoYXNlIHRoZSBpdGVtPyAlcyBDYXNoIHdpbGwgYmUgZGVkdWN0ZWQgd2hlbiBwdXJjaGFzaW5nLg==
TVNJX0JVWV9SRUNPTkZJUk0yX0NBU0hTVFJJTkdGTVQ=,XmZmMDAwMFlvdSBjYW4gd2l0aGRyYXcgeW91ciBzdWJzY3JpcHRpb24gd2l0aGluIDcgZGF5cyBvZiBwdXJjaGFzaW5nIHRoaXMgaXRlbS4gSG93ZXZlciwgaWYgNyBkYXlzIGhhdmUgcGFzc2VkIG9yIHRoZSBpdGVtIGlzIG9wZW5lZCwgaXQgd2lsbCBiZSBleGNsdWRlZCBmcm9tIHRoZSB3aXRoZHJhd2FsIG9mIHN1YnNjcmlwdGlvbi4gQWxzbywgdGhlIGZyZWUgY2FzaCB1c2VkIGZvciBwdXJjaGFzZSB3aWxsIG5vdCBiZSByZXR1cm5lZCB1cG9uIHdpdGhkcmF3YWwgb2Ygc3Vic2NyaXB0aW9uLiBeMDAwMDAwQXJlIHlvdSBzdXJlIHlvdSB3YW50IHRvIHB1cmNoYXNlIHRoZSBpdGVtPyBJZiB5b3UgcHVyY2hhc2UsIG5vcm1hbCAlcyBjYXNoIGFuZCBmcmVlICVzIGNhc2ggd2lsbCBiZSBkZWR1Y3RlZC4=
TVNJX0NBTExfUkVKRUNURUQ=,VGhlIGNhbGwgd2FzIHJlamVjdGVkLg==
TVNJX0JVWUlOR1NUT1JFX01BS0VXTkRfTElNSVRaRU5ZX05PVF9PVkVSX01ZTU9ORVk=,TyBsaW1pdGUgZGUgY29tcHJhIG7Do28gcG9kZSBleGNlZGVyIGEgcXVhbnRpZGFkZSBxdWUgdm9jw6ogY2FycmVnYS4=
TVNJX0JVWUlOR1NUT1JFX01BS0VXTkRfRkFJTF9DTE9TRV9VSQ==,RmFsaGEgYW8gYWJyaXIgYSBiYXJyYWNhLiBQb3IgZmF2b3IgZmVjaGUgYSBhYmVydHVyYSBkYSBiYXJyYWNhIGRlIGNvbXByYS4=
TVNJX1NBVkVfU0VMTF9TVE9SRV9JVEVNTElTVA==,QSBsaXN0YSBkZSBpdGVucyBkYSBiYXJyYWNhIGRlIHZlbmRhIGZvaSBzYWx2YS4=
TVNJX1NBVkVfQlVZX1NUT1JFX0lURU1MSVNU,QSBsaXN0YSBkZSBpdGVucyBkYSBiYXJyYWNhIGRlIGNvbXByYSBmb2kgc2FsdmEu
TVNJX1JFRlVTRV9WVENfQVVUSF9GQUlMRUQ=,QSBhdXRlbnRpY2HDp8OjbyBWVEMgZmFsaG91Lg==
TVNJX0VRVUlQX0ZBSUxfRFVSSU5HX0JBUlRFUg==,TsOjbyDDqSBwb3Nzw612ZWwgZXF1aXBhciBlbnF1YW50byBmYXogdW1hIHBlcm11dGEu
TVNJX0JBUlRFUl9JVEVNTElTVA==,UGVybXV0YQ==
TVNJX1VQR1JBREVTS0lMTEVSUk9SX01PUkVfVEhJUkRKT0JTS0lMTA==,QXVtZW50ZSAlZCBtYWlzIGhhYmlsaWRhZGVzIGRlIDHCuiwgMsK6IGUgM8K6IHRyYWJhbGhvLg==
TVNJX0xJTUlUX0hBVkVfSVRFTV9DTlQ=,Vm9jw6ogcG9kZSB0ZXIgYXTDqSAlZCB1bmlkYWRlcyBkbyBtZXNtbyBpdGVtLg==
TVNJX0VYQ0hBTkdFX0lURU1fQ05U,Vm9jw6ogcG9kZSB0cm9jYXIgYXTDqSAlZCB1bmlkYWRlcyBkbyBtZXNtbyBpdGVtIHBvciB2ZXou
TVNJX0dMT0JBTFJPREVYX05PVF9BQkxFX1RPX09QRU5fTUFJTF9JTl9DVVJfU0VSVkVS,TyBsb2dleCBwb2RlIHNlciBhYmVydG8gbm8gc2Vydmlkb3IgXCIlc1wiLg==
TVNJX0dMT0JBTFJPREVYX01FU1NBR0VfREVMRVRFX0FMTF9PTl9BRE1JTg==,Q2VydGV6YSBxdWUgcXVlciBkZWxldGFyIFRPREFTIGFzIG1lbnNhZ2Vucz8gXG4oQXBlbmFzIGRvIHNlcnZpZG9yIFwlc1wgc8OjbyBhcGFnYWRhcyk=
TVNJX0dMT0JBTFJPREVYX01FU1NBR0VfUkVDRUlWRV9BTEw=,Q2VydGV6YSBxdWUgcXVlciByZWNlYmVyIFRPRE9TIG9zIGFuZXhvcz8gXG4oQXBlbmFzIGRvIHNlcnZpZG9yIFwlc1wgc2Vyw6NvIGRhZG9zKQ==
TVNJX0dMT0JBTFJPREVYX1JFRlVTRV9ERUxFVElORw==,RXNzYSBtZW5zYWdlbSBzw7MgcG9kZSBzZXIgZGVsZXRhZGEgbm8gc2Vydmlkb3IgXCVzXC4=
TVNJX0dMT0JBTFJPREVYX1JFRlVTRV9SRUNFSVZJTkc=,RXNzYSBtZW5zYWdlbSBzw7MgcG9kZSBzZXIgcmVjZWJpZGEgbm8gc2Vydmlkb3IgXCVzXC4=
TVNJX0dMT0JBTFJPREVYX1JFRlVTRV9SRUFESU5H,TyBjb250ZcO6ZG8gZGVzdGUgZS1tYWlsIHPDsyBwb2RlIHNlciBsaWRvIG5vIHNlcnZpZG9yIFwiJXNcIi4=
TVNJX1RPVEFMX05FRURfTU9ORVk=,VG90YWw6ICVkIHo=
TVNJX05PUk1BTF9NRVNTQUdFQk9YX0NBUFRJT04=,QXZpc28=
TVNJX1JFU1RSSUNUX09QRU5JTkdfQlVZSU5HU1RPUkVfRkFJTF9PUEVOX0JVWUlOR1NUT1JF,TsOjbyBwb2RlIGNvbXByYXIgaXRlbnMgZW5xdWFudG8gc3VhIGxvamEgZXN0aXZlciBhYmVydGEu
TVNJX0lURU1fR1JBREVfRU5DSEFOVF9TVUNDRUVTUw==,VGhlIGdyYWRlIGhhcyBiZWVuIHN1Y2Nlc3NmdWxseSB1cGdyYWRlZC4=
TVNJX0lURU1fR1JBREVfRU5DSEFOVF9GQUlM,UmVmaW5lbWVudCBmYWlsZWQu
TVNJX0lURU1fR1JBREVfRU5DSEFOVF9GQUlMX0RPV05HUkFERQ==,TyBuw612ZWwgZGUgcmVmaW5hbWVudG8gZGltaW51aXUu
TVNJX0lURU1fR1JBREVfRU5DSEFOVF9GQUlMX0JSRUFL,RXF1aXBhbWVudG8gZGVzdHJ1w61kby4=
TVNJX0lURU1fR1JBREVfRU5DSEFOVF9GQUlMX1BST1RFQ1Q=,TyBlcXVpcGFtZW50byBlc3TDoSBwcm90ZWdpZG8u
TVNJX0dSQURFX0VOQ0hBTlRfU09VUkNFX05PVF9TRUxFQ1Q=,TmVuaHVtIG1hdGVyaWFsIHNlbGVjaW9uYWRvLg==
TVNJX0dSQURFX0VOQ0hBTlRfU09VUkNFX0VOT1VHSA==,SW5zdWZmaWNpZW50IGluZ3JlZGllbnRzLg==
TVNJX0dSQURFX0VOQ0hBTlRfTU9ORVlfRU5PVUdI,UXVhbnRpZGFkZSBpbnN1ZmljaWVudGUgZGUgbWF0ZXJpYWlzLg==
TVNJX0dSQURFX0VOQ0hBTlRfSU5WRU5UT1JZX0VOT1VHSA==,VGhlcmUgaXMgbm90IGVub3VnaCBpdGVtIHNwYWNlLg==
TVNJX0dSQURFX0VOQ0hBTlRfSVRFTV9QUk9URUNU,TyBlcXVpcGFtZW50byBlc3TDoSBwcm90ZWdpZG8u
TVNJX0dSQURFX0VOQ0hBTlRfSVRFTV9OT1RfUFJPVEVDVA==,RXF1aXBhbWVudG9zIHBvZGUgc2VyIGRlc3RydcOtZG8u
TVNJX0dSQURFX0VOQ0hBTlRfSVRFTV9ET1dOR1JBREU=,SWYgdGhlIHJlZmluZSB1cGdyYWRlIGZhaWxzLCB0aGUgcmVmaW5lIGxldmVsIHdpbGwgZ28gZG93bi4=
TVNJX0NMT1NFX1JPREVYX0ZPUl9HUkFERV9FTkNIQU5U,Um9kZXggY2Fubm90IGJlIHVzZWQgd2hpbGUgdXBncmFkaW5nLiBGb3JjZWQgdGhlIGVuZCBvZiBSb2RleC4=
TVNJX0NBTk5PVF9PUEVOX1JPREVYX0RVUklOR19HUkFERV9FTkNIQU5U,Um9kZXggY2Fubm90IGJlIHVzZWQgd2hpbGUgdXBncmFkaW5nLg==
TVNJX0NMT1NFX0JBTktJTkdfRk9SX0dSQURFX0VOQ0hBTlQ=,QmFuayBjYW5ub3QgYmUgdXNlZCB3aGlsZSB1cGdyYWRpbmcuIFRoZSBiYW5rIHdhcyBmb3JjaWJseSBjbG9zZWQu
TVNJX0NBTk5PVF9PUEVOX0JBTktJTkdfRFVSSU5HX0dSQURFX0VOQ0hBTlQ=,QmFuayBjYW5ub3QgYmUgdXNlZCBkdXJpbmcgdGhlIHVwZ3JhZGUu
TVNJX0JST0FEQ0FTVElOR19HUkFERV9FTkNIQU5UX1NVQ0NFU1M=,WyVzXSBzdWNjZWVkZWQgaW4gZW5oYW5jaW5nIHRoZSBncmFkZSwgYW5kIGFjcXVpcmVkIHRoZSBbJXMgZ3JhZGUgJXNdIGl0ZW0u
TVNJX0JST0FEQ0FTVElOR19HUkFERV9FTkNIQU5UX0ZBSUw=,WyVzXSBmYWlsZWQgdG8gdXBncmFkZSB0aGUgWyVzIGdyYWRlICVzXSBpdGVtLg==
TVNJX0NBTk5PVF9HUkFERV9FTkNIQU5UX0lURU0=,VGhpcyBlcXVpcG1lbnQgY2Fubm90IGJlIHVwZ3JhZGVkLg==
TVNJX0NIQU5HRV9NQVRFUklBTA==,Q2hhbmdlIE1hdGVyaWFs
TVNJX0NIQU5HRV9NQVRFUklBTF9TT1JU,QWxwaGFiZXRpY2FsIFNvcnQ=
TVNJX0NIQU5HRV9NQVRFUklBTF9NRVNTQUdF,LSBbJXNdICVkIH4lZCBwcm9kdWN0aW9u
TVNJX0NIQU5HRV9NQVRFUklBTF9TVUNDRVNTX1JBVEU=,U3VjY2VzcyAlZCUl
TVNJX01TR19JU19JTExFR0FMX1RBR19NU0c=,SXRlbSB0YWdzIGNhbiBvbmx5IHRhZyBpdGVtcyB5b3Ugb3duLg==
TVNJX0lRX1BPV0VSRlVMX0ZBSVRIX09O,QVRLIGFuZCBQLkFUSyBoYXMgYmVlbiBpbmNyZWFzZWQu
TVNJX0lRX1BPV0VSRlVMX0ZBSVRIX09GRg==,VGhlIFBvd2VyZnVsIEZhaXRoIGVmZmVjdCBoYXMgYmVlbiBjYW5jZWxlZC4=
TVNJX0lRX0ZJUk1fRkFJVEhfT04=,SFAgYW5kIFJlcyBoYXMgYmVlbiBpbmNyZWFzZWQu
TVNJX0lRX0ZJUk1fRkFJVEhfT0ZG,VGhlIEZpcm0gRmFpdGggZWZmZWN0IGhhcyBiZWVuIGNhbmNlbGVkLg==
TVNJX0lRX1NJTkNFUkVfRkFJVEhfT04=,QXR0YWNrIFNwZWVkIGFuZCBQZXJmZWN0IEhpdCBjaGFuY2UgaGFzIGJlZW4gaW5jcmVhc2VkLg==
TVNJX0lRX1NJTkNFUkVfRkFJVEhfT0ZG,VGhlIFNpbmNlcmUgRmFpdGggaGFzIGJlZW4gY2FuY2VsZWQu
TVNJX0NEX0JFTkVESUNUVU1fT04=,UE9XLCBDUlQgYW5kIENPTiBoYXMgYmVlbiBpbmNyZWFzZWQu
TVNJX0NEX0JFTkVESUNUVU1fT0ZG,VGhlIEJlbmVkaWN0dW0gZWZmZWN0IGhhcyBiZWVuIGNhbmNlbGVkLg==
TVNJX0NEX1JFTElHSU9fT04=,U1BMLCBXSVMgYW5kIENSVCBoYXMgYmVlbiBpbmNyZWFzZWQu
TVNJX0NEX1JFTElHSU9fT0ZG,UmVsaWdpbyBlZmZlY3QgaGFzIGJlZW4gY2FuY2VsZWQu
TVNJX0NEX0NPTVBFVEVOVElBX09O,UC5BVEsgYW5kIFMuTUFUSyBoYXMgYmVlbiBpbmNyZWFzZWQu
TVNJX0NEX0NPTVBFVEVOVElBX09GRg==,VGhlIENvbXBldGVudGlhIGVmZmVjdCBoYXMgYmVlbiBjYW5jZWxlZC4=
TVNJX0NEX1BSRVNFTlNfQUNJRVNfT04=,Q3JpdGljYWwgZGFtYWdlIGNoYW5jZSBoYXMgYmVlbiBpbmNyZWFzZWQu
TVNJX0NEX1BSRVNFTlNfQUNJRVNfT0ZG,VGhlIFByZXNlbnMgQWNpZXMgZWZmZWN0IGhhcyBiZWVuIGNhbmNlbGVkLg==
TVNJX0NEX0FSR1VUVVNfVEVMVU1fT04=,VGhlIGVmZmVjdCBvZiBpZ25vcmluZyBSZXMgYmVlbiBncmFudGVkLg==
TVNJX0NEX0FSR1VUVVNfVEVMVU1fT0ZG,VGhlIEFyZ3V0dXMgVGVsdW0gZWZmZWN0IGhhcyBiZWVuIGNhbmNlbGVkLg==
TVNJX0NEX0FSR1VUVVNfVklUQV9PTg==,VGhlIGVmZmVjdCBvZiBpZ25vcmluZyBNLlJlcyBiZWVuIGdyYW50ZWQu
TVNJX0NEX0FSR1VUVVNfVklUQV9PRkY=,VGhlIEFyZ3V0dXMgVml0YSBlZmZlY3QgaGFzIGJlZW4gY2FuY2VsZWQu
TVNJX0lURU1OVU1fQU5EX1dFSUdIVA==,TnVtOiAlZC8lZCBQZXNvOiAlZC8lZA==
TVNJX0RLX1NFUlZBTlRXRUFQT05fT0ZG,VGhlIFNlcnZhbnQgV2VhcG9uIGVmZmVjdCBoYXMgYmVlbiBjYW5jZWxlZC4=
TVNJX0RLX0NIQVJHSU5HUElFUkNFX09GRg==,VGhlIENoYXJnaW5nIFBpZXJjZSBlZmZlY3QgaGFzIGJlZW4gY2FuY2VsZWQu
TVNJX0RLX1ZJR09SX09GRg==,VGhlIFZpZ29yIGVmZmVjdCBoYXMgYmVlbiBjYW5jZWxlZC4=
TVNJX0lHX0FUVEFDS19TVEFOQ0VfT04=,QXR0YWNrIFBvd2VyIGhhcyBiZWVuIGluY3JlYXNlZCBhbmQgRGVmZW5zZSBkZWNyZWFzZWQu
TVNJX0lHX0FUVEFDS19TVEFOQ0VfT0ZG,VGhlIEF0dGFjayBTdGFuY2UgZWZmZWN0IGhhcyBiZWVuIGNhbmNlbGVkLg==
TVNJX0lHX0dVQVJEX1NUQU5DRV9PTg==,RGVmZW5zZSBoYXMgYmVlbiBpbmNyZWFzZWQgYW5kIEF0dGFjayBQb3dlciBkZWNyZWFzZWQu
TVNJX0lHX0dVQVJEX1NUQU5DRV9PRkY=,VGhlIEd1YXJkIFN0YW5jZSBlZmZlY3QgaGFzIGJlZW4gY2FuY2VsZWQu
TVNJX0lHX0dVQVJESUFOX1NISUVMRF9PTg==,R3VhcmRpYW4gQmFycmllciBoYXMgYmVlbiBncmFudGVkLg==
TVNJX0lHX0dVQVJESUFOX1NISUVMRF9PRkY=,VGhlIEd1YXJkaWFuIEJhcnJpZXIgZWZmZWN0IGhhcyBiZWVuIGNhbmNlbGVkLg==
TVNJX0lHX1JFQk9VTkRfU0hJRUxEX09O,VGhlIGRhbWFnZSB0YWtlbiBieSB0aGUgRGV2b3Rpb24gZWZmZWN0IHdpbGwgYmUgZGVjcmVhc2VkLg==
TVNJX0lHX1JFQk9VTkRfU0hJRUxEX09GRg==,VGhlIFJlYm91bmQgU2hpZWxkIGVmZmVjdCBoYXMgYmVlbiBjYW5jZWxlZC4=
TVNJX0lHX0hPTFlfU0hJRUxEX09O,SG9seSBlbGVtZW50YWwgbWFnaWMgZGFtYWdlIGFuZCBTaGFkb3cvVW5kZWFkIGVsZW1lbnRhbCByZXNpc3RhbmNlIGhhcyBiZWVuIGluY3JlYXNlZC4=
TVNJX0lHX0hPTFlfU0hJRUxEX09GRg==,VGhlIEhvbHkgU2hpZWxkIGVmZmVjdCBoYXMgYmVlbiBjYW5jZWxlZC4=
TVNJX0lHX1VMVElNQVRFX1NBQ1JJRklDRV9PTg==,SW5zdGFudCByZXN1cnJlY3Rpb24gZWZmZWN0IHdhcyBncmFudGVkLg==
TVNJX0lHX1VMVElNQVRFX1NBQ1JJRklDRV9PRkY=,VWx0aW1hdGUgU2FjcmlmaWNlIGVmZmVjdCBoYXMgYmVlbiBjYW5jZWxlZC4=
TVNJX0FHX0NMSU1BWF9PTg==,VGhlIGVmZmVjdHMgb2YgY2VydGFpbiBza2lsbHMgaGFzIGNoYW5nZWQu
TVNJX0FHX0NMSU1BWF9PRkY=,VGhlIENsaW1heCBlZmZlY3QgaGFzIGJlZW4gY2FuY2VsZWQu
TVNJX1NIQ19TSEFET1dfRVhDRUVEX09O,VGhlIGVmZmVjdHMgb2YgY2VydGFpbiBza2lsbHMgaGF2ZSByZXR1cm5lZCB0byBub3JtYWwu
TVNJX1NIQ19TSEFET1dfRVhDRUVEX09GRg==,VGhlIFNoYWRvdyBFeGNlZWQgZWZmZWN0IGhhcyBiZWVuIGNhbmNlbGVkLg==
TVNJX1NIQ19QT1RFTlRfVkVOT01fT04=,VGhlIGVmZmVjdCBvZiBpZ25vcmluZyBSZXMgaGFzIGJlZW4gZ3JhbnRlZC4=
TVNJX1NIQ19QT1RFTlRfVkVOT01fT0ZG,VGhlIFBvdGVudCBWZW5vbSBlZmZlY3QgaGFzIGJlZW4gY2FuY2VsZWQu
TVNJX1NIQ19FTkNIQU5USU5HX1NIQURPV19PTg==,VGhlIFNoYWRvdyBXb3VuZCBzdGF0dXMgY2FuIGJlIGluZmxpY3RlZCBvbiB5b3VyIGVuZW15IHdpdGggYSBjaGFuY2Ugb24gZWFjaCBwaHlzaWNhbCBhdHRhY2tz
TVNJX1NIQ19FTkNIQU5USU5HX1NIQURPV19PRkY=,VGhlIEVuY2hhbnRpbmcgU2hhZG93IGVmZmVjdCBoYXMgYmVlbiBjYW5jZWxlZC4=
TVNJX0hVTlRJTkdfUVVFU1RfSU5GT19PTg==,U3VwcHJlc3Npb24gQ291bnQgT24=
TVNJX0hVTlRJTkdfUVVFU1RfSU5GT19PRkY=,U3VwcHJlc3Npb24gQ291bnQgT2Zm
TVNJX1RBUkdFVF9BUF9NQVg=,VGhlIHRhcmdldCBoYXMgcmVhY2hlZCBpdCdzIG1heGltdW0gQVAu
TVNJX0JVWV9SRUNPTkZJUk0xXzIwMTk=,Vm9jw6ogY29uZmlybWEgYSBjb21wcmEvdHJvY2EgZGVzdGUgaXRlbSBubyB2YWxvciBkZTogJWQgQ2FzaC9JdGVtPw==
TVNJX0JVWV9SRUNPTkZJUk0yXzIwMTk=,XmZmMDAwMFlvdSBjYW4gd2l0aGRyYXcgeW91ciBzdWJzY3JpcHRpb24gd2l0aGluIDcgZGF5cyBvZiBwdXJjaGFzaW5nIHRoaXMgaXRlbS4gSG93ZXZlciwgaWYgNyBkYXlzIGhhdmUgcGFzc2VkIG9yIHRoZSBpdGVtIGlzIG9wZW5lZCwgaXQgd2lsbCBiZSBleGNsdWRlZCBmcm9tIHRoZSB3aXRoZHJhd2FsIG9mIHN1YnNjcmlwdGlvbi4gQWxzbywgdGhlIGZyZWUgY2FzaCB1c2VkIGF0IHRoZSB0aW1lIG9mIHB1cmNoYXNlIHdpbGwgbm90IGJlIHJldHVybmVkIHdoZW4gdGhlIHN1YnNjcmlwdGlvbiBpcyB3aXRoZHJhd24uIFNvbWUgKGV2ZW50KSBpdGVtcyBtYXkgYmUgZGVsZXRlZCBhdCB0aGUgZW5kIG9mIHRoZSBldmVudCwgUGxlYXNlIGNvbmZpcm0gdGhlIGRlbGV0aW9uIHBlcmlvZCBsaXN0ZWQuIF4wMDAwMDAgQXJlIHlvdSBzdXJlIHlvdSB3YW50IHRvIHB1cmNoYXNlIHRoZSBpdGVtPyBXaGVuIHB1cmNoYXNpbmcsIHRoZSByZWd1bGFyICVkIGNhY2hlIGFuZCBmcmVlJSBkIGNhY2hlIHdpbGwgYmUgZGVkdWN0ZWQu
TVNJX0ZBSUxfRU1QVFlfU0VSVkFOVFdFQVBPTg==,UmVxdWlyZXMgJWQgU2VydmFudCBXZWFwb25z
TVNJX0JJTExJTkdfSU5GT19VUkw=,aHR0cHM6Ly9tZW1iZXIuZ25qb3kuY29tLnR3L2JpbGxpbmcuYXNweA==
TVNJX0NIQU5HRV9NQVRFUklBTF9JTlZTT1JU,UmV2ZXJzZSBzb3J0
TVNJX0NIQU5HRV9NQVRFUklBTF9TRUFSQ0hURVhU,RW50ZXIgeW91ciBzZWFyY2g=
TVNJX1NFQVJDSA==,U2VhcmNo
TVNJX0JPX1JFU0VBUkNIUkVQT1JUX09O,VGhlIFJlc2VhcmNoIFJlcG9ydCBTdGF0dXMgd2lsbCBiZSBkaXNwbGF5ZWQu
TVNJX0JPX1JFU0VBUkNIUkVQT1JUX09GRg==,VGhlIFJlc2VhcmNoIFJlcG9ydCBTdGF0dXMgaGFzIGJlZW4gY2xlYXJlZC4=
TVNJX0JPX0JJT05JQ19QSEFSTUFDWV9PSw==,U3VjY2Vzc2Z1bCBtYW51ZmFjdHVyaW5nLg==
TVNJX0JPX0JJT05JQ19QSEFSTUFDWV9GQUlM,TWFudWZhY3R1cmluZyBmYWlsZWQu
TVNJX0JPX0FEVkFOQ0VfUFJPVEVDVElPTl9PTg==,U2hhZG93IEVxdWlwbWVudCBpcyBwcm90ZWN0ZWQgZnJvbSBkZXN0cnVjdGlvbiBhbmQgZGlzYXJtaW5nLg==
TVNJX0JPX0FEVkFOQ0VfUFJPVEVDVElPTl9PRkY=,VGhlIEZ1bGwgU2hhZG93IFByb3RlY3Rpb24gaGFzIGJlZW4gY2FuY2VsZWQu
TVNJX0JPX0hFTExUUkVFX09O,RGFtYWdlIGFnYWluc3QgUGxhbnQgYW5kIEZvcm1sZXNzIHJhY2UgbW9uc3RlcnMgaGFzIGJlZW4gaW5jcmVhc2VkLg==
TVNJX0JPX0hFTExUUkVFX09GRg==,VGhlIEhlbGwgVHJlZSBQb3dkZXIgZWZmZWN0IGhhcyBkaXNhcHBlYXJlZC4=
TVNJX01UX0FfTUFDSElORV9PTg==,VGhlIEF0dGFjayBEZXZpY2UgaGFzIGJlZW4gYWN0aXZhdGVkLg==
TVNJX01UX0FfTUFDSElORV9PRkY=,VGhlIEF0dGFjayBEZXZpY2UgaGFzIGJlZW4gZGlzYWJsZWQu
TVNJX01UX0RfTUFDSElORV9PTg==,REVGIGFuZCBSRVMgaW5jcmVhc2VkLg==
TVNJX01UX0RfTUFDSElORV9PRkY=,VGhlIERlZmVuc2UgRGV2aWNlIGhhcyBiZWVuIGRpc2FibGVkLg==
TVNJX0NBU0hTSE9QX1RBQl9TRUFSQ0g=,U2VhcmNo
TVNJX1RSX0tWQVNJUl9TT05BVEFfT04=,WW91IGNhbiBub3cgdXNlIEVuc2VtYmxlIHNraWxscyBhbG9uZS4=
TVNJX1RSX0tWQVNJUl9TT05BVEFfT0ZG,VGhlIFNvbmF0YSBvZiBLdmFzaXIgZWZmZWN0IGhhcyBiZWVuIGNhbmNlbGVkLg==
TVNJX1RSX01ZU1RJQ19TWU1QSE9OWV9PTg==,VGhlIGVmZmVjdCBvZiBNeXN0aWMgU3ltcGhvbnkgaGFzIGJlZW4gZ3JhbnRlZC4=
TVNJX1RSX01ZU1RJQ19TWU1QSE9OWV9PRkY=,VGhlIGVmZmVjdCBvZiBNeXN0aWMgU3ltcGhvbnkgaGFzIGJlZW4gY2FuY2VsZWQu
TVNJX1RSX0dFRl9OT0NUVVJOX09O,TS5SZXMgZGVjcmVhc2VkLg==
TVNJX1RSX0dFRl9OT0NUVVJOX09GRg==,VGhlIEdlZmZlbmlhIE5vY3R1cm5lIGVmZmVjdCBoYXMgYmVlbiBjYW5jZWxlZC4=
TVNJX1RSX0FJTl9SSEFQU09EWV9PTg==,UmVzIGRlY3JlYXNlZC4=
TVNJX1RSX0FJTl9SSEFQU09EWV9PRkY=,VGhlIFJoYXBzb2R5IG9mIE1pbmV3b3JrZXIgZWZmZWN0IGhhcyBiZWVuIGNhbmNlbGVkLg==
TVNJX1RSX01VU0lDQUxfSU5URVJMVURFX09O,UmVzIGluY3JlYXNlZC4=
TVNJX1RSX01VU0lDQUxfSU5URVJMVURFX09GRg==,VGhlIE11c2ljYWwgSW50ZXJsdWRlIGVmZmVjdCBoYXMgYmVlbiBjYW5jZWxlZC4=
TVNJX1RSX0pBV0FJSV9TRVJFTkFERV9PTg==,Uy5NQVRLIGFuZCBNb3ZlbWVudCBTcGVlZCBpbmNyZWFzZWQu
TVNJX1RSX0pBV0FJSV9TRVJFTkFERV9PRkY=,VGhlIFNlcmVuYWRlIG9mIEphd2FpaSBlZmZlY3QgaGFzIGJlZW4gY2FuY2VsZWQu
TVNJX1RSX1BST05fTUFSQ0hfT04=,UC5BVEsgYW5kIE1vdmVtZW50IFNwZWVkIGluY3JlYXNlZC4=
TVNJX1RSX1BST05fTUFSQ0hfT0ZG,VGhlIE1hcmNoIG9mIFByb250ZXJhIGVmZmVjdCBoYXMgYmVlbiBjYW5jZWxlZC4=
TVNJX1dIX0NBTEFNSVRZR0FMRV9PTg==,VGhlIHJhZ2Ugb2YgdGhlIHdpbmQgZmxvd3MgaW50byB0aGUgY2FzdGVyJ3MgYm9keS4=
TVNJX1dIX0NBTEFNSVRZR0FMRV9PRkY=,VGhlIENhbGFtaXR5IEdhbGUgZWZmZWN0IGhhcyBiZWVuIGNhbmNlbGVkLg==
TVNJX1dIX1dJTkRfU0lHTl9PTg==,WW91ciB3ZWFrbmVzcyBhbmQgYXBwZWFyYW5jZSBhcmUgcmV2ZWFsZWQgYnkgdGhlIHdpbmQu
TVNJX1dIX1dJTkRfU0lHTl9PRkY=,VGhlIFdpbmQgU2lnbiBlZmZlY3QgaGFzIGJlZW4gY2FuY2VsZWQu
TVNJX1RIQUlfUEVSU09OQUxJTkZPX0VYUDI=,RSBYIFA6ICUuMWYlJSAoYsOhc2ljbyAxMDAsMCUlICVzICUuMWYlJSk=
TVNJX1RIQUlfUEVSU09OQUxJTkZPX0RST1Ay,RFJPUDogJS4xZiUlIChiw6FzaWNvIDEwMCwwJSUgJXMgJS4xZiUlKQ==
TVNJX1RIQUlfUEVSU09OQUxJTkZPX0RFQVRIMg==,TU9SVEU6ICUuMWYlJSAoYsOhc2ljbyAxMDAsMCUlICVzICUuMWYlJSk=
TVNJX0VNX1NQRUxMX0VOQ0hBTlRJTkdfT04=,Uy5NQVRLIGluY3JlYXNlZC4=
TVNJX0VNX1NQRUxMX0VOQ0hBTlRJTkdfT0ZG,VGhlIFNwZWxsIEVuY2hhbnRpbmcgZWZmZWN0IGhhcyBiZWVuIGNhbmNlbGVkLg==
TVNJX0FCQ19GUk9NX1RIRV9BQllTU19PRkY=,VGhlIEZyb20gdGhlIEFieXNzIGVmZmVjdCBoYXMgYmVlbiBjYW5jZWxlZC4=
TVNJX0FCQ19BQllTU19TTEFZRVJfT04=,UC5BVEssIFMuTUFUSyBhbmQgSElUIGluY3JlYXNlZC4=
TVNJX0FCQ19BQllTU19TTEFZRVJfT0ZG,VGhlIEFieXNzIFNsYXllciBlZmZlY3QgaGFzIGJlZW4gY2FuY2VsZWQu
TVNJX0NIQVJBQ1RFUl9NQUtJTkdfUkVTVFJJQ1Q=,VGhlcmUgbWF5IGJlIHJlc3RyaWN0aW9ucyBvbiBjaGFyYWN0ZXIgY3JlYXRpb24u
TVNJX0JBTl9USEFJX0dHVF9SRVNUUklDVEVEX01BS0VfQ0hBUg==,VGhlIHdvcmxkIGlzIHNhdHVyYXRlZC4gUGxlYXNlIHVzZSBhbm90aGVyIHdvcmxkLg==
TVNJX1VOQkxPQ0tfQ0hBVA==,VW5ibG9jayBDaGF0IChUb2dnbGUp
TVNJX0JMT0NLX0NIQVQ=,QmxvY2sgQ2hhdCAoVG9nZ2xlKQ==
TVNJX0dSQURFX0VOQ0hBTlRfUkVGSU5JTkdfTEVWRUxfTEFDSw==,TyBuw612ZWwgZGUgcmVmaW5hbWVudG8gZXN0w6EgYmFpeG8u
TVNJX0dSQURFX0VOQ0hBTlRfSVRFTV9VTkJSRUFLQUJMRQ==,TyBlcXVpcGFtZW50byBuw6NvIHNlcsOhIGRlc3RydcOtZG8u
TVNJX0dSQURFX0VOQ0hBTlRfQURESVRJT05BTF9TT1VSQ0VfTk9UX1NFTEVDVA==,TmVuaHVtIG1hdGVyaWFsIGF1eGlsaWFyIGZvaSBzZWxlY2lvbmFkby4gRGVzZWphIGNvbnRpbnVhciBvIGFwcmltb3JhbWVudG8/
TVNJX0NIRUFUX0hBU0hGSUxF,VGhlIGNsaWVudCBmaWxlIGhhcyBiZWVuIHRhbXBlcmVkIHdpdGg=
TVNJX0dVSUxEX0FHSVRfVElUTEU=,TWVuc2FnZW0=
TVNJX01FUkNIQU5UU0hPUF9UT1RBX0xPVkVSX1pFTllfRVJS,VGhlIHRvdGFsIGFtb3VudCBvZiBpdGVtcyB0byBzZWxsIGV4Y2VlZHMgdGhlIGFtb3VudCBvZiBaZW55IHlvdSBjYW4gaGF2ZS4gXG5QbGVhc2UgbW9kaWZ5IHRoZSBxdWFudGl0eSBhbmQgcHJpY2Uu
TVNJX1JFUFVURV9XTkQ=,UmVwdXRhw6fDo28=
TVNJX1JFUFVURV9QT0lOVA==,JXUgLyAxMDAwIHA=
TVNJX1JFUFVURV9UT1RBTA==,VG9kb3M=
TVNJX1JFUFVURV9OT1dfTE9BRElORw==,Q2FycmVnYW5kby4u
TVNJX0dSQURFX0VOQ0hBTlRfQURESVRJT05BTF9TT1VSQ0VfUkVTRVQ=,U2Vjb25kYXJ5IG1hdGVyaWFsIHNlbGVjdGlvbiBpcyBpbml0aWFsaXplZC4=
TVNJX0VOQ0hBTlQ=,
TVNJX0VOQ0hBTlRfVEFCX0dFTkVSQUw=,Tm9ybWFs
TVNJX0VOQ0hBTlRfVEFCX1BFUkZFQ1Q=,UGVyZmVpdG8=
TVNJX0VOQ0hBTlRfVEFCX1VQR1JBREU=,VXBncmFkZQ==
TVNJX0VOQ0hBTlRfVEFCX1JFU0VU,UmVzZXRhcg==
TVNJX0VOQ0hBTlRfRkFJTEVEX09WRVJfV0VJR0hU,U2V1IHBlc28gZXN0w6EgbWFpb3IgcXVlIDcwJS4gVGVudGUgbm92YW1lbnRlIGFww7NzIHJlZHV6aXIgc2V1IHBlc28u
TVNJX0VOQ0hBTlRfUkFORE9NX0JVVFRPTg==,RW5jYW50YXI=
TVNJX0VOQ0hBTlRfUEVSRkVDVF9CVVRUT04=,RW5jYW50YXI=
TVNJX0VOQ0hBTlRfVVBHUkFERV9CVVRUT04=,VXBncmFkZQ==
TVNJX0VOQ0hBTlRfUkVTRVRfQlVUVE9O,UmVzZXRhcg==
TVNJX0NMT1NFX1JPREVYX0ZPUl9FTkNIQU5U,Uk9ERVggY2Fubm90IGJlIHVzZWQgd2hpbGUgZW5jaGFudGluZy4gUk9ERVggd2FzIGZvcmNpYmx5IGNsb3NlZC4=
TVNJX0NBTk5PVF9PUEVOX1JPREVYX0RVUklOR19FTkNIQU5U,Uk9ERVggY2Fubm90IGJlIHVzZWQgZHVyaW5nIGVuY2hhbnRtZW50Lg==
TVNJX0NMT1NFX0JBTktJTkdfRk9SX0VOQ0hBTlQ=,QmFuayBjYW5ub3QgYmUgdXNlZCB3aGlsZSBlbmNoYW50aW5nLiBUaGUgYmFuayB3YXMgZm9yY2libHkgY2xvc2VkLg==
TVNJX0NBTk5PVF9PUEVOX0JBTktJTkdfRFVSSU5HX0VOQ0hBTlQ=,QmFuayBjYW5ub3QgYmUgdXNlZCB3aGlsZSBlbmNoYW50ZWQu
TVNJX0VOQ0hBTlRfUkVRVUVTVA==,RG8geW91IHdhbnQgdG8gZW5jaGFudCBpdD8=
TVNJX0lURU1fUkVGT1JNX09L,Q29tYmluYXI=
TVNJX0lURU1fUkVGT1JNX1dBUk5OSU5HX05PVF9FTk9VR0hfTUFURVJJQUw=,TsOjbyBow6EgbWF0ZXJpYWlzIHN1ZmljaWVudGVzIHBhcmEgYSBDb21iaW5hw6fDo28u
TVNJX0lURU1fUkVGT1JNX1dBUk5OSU5HX0NBUkRfRU5DSEFOVF9MT1NU,Q2FydGFzIEVxdWlwYWRhcyBlIEVuY2FudGFtZW50b3Mgc2Vyw6NvIHBlcmRpZG9zLg==
TVNJX0lURU1fUkVGT1JNX1dBUk5OSU5HX0NBUkRfTUFZQkVfTE9TVA==,Q2FydMO1ZXMgRXF1aXBhZG9zIHBvZGVtIHNlciBwZXJkaWRvcy4=
TVNJX0lURU1fUkVGT1JNX1dBUk5OSU5HX0VOQ0hBTlRfTUFZQkVfTE9TVA==,RW5jYW50YW1lbnRvcyBwb2RlbSBzZXIgcGVyZGlkb3Mu
TVNJX0hJREVfUExBWUVSX09O,T2N1bHRhciBvdXRyb3Mgam9nYWRvcmVzIG5hIHRlbGEgT04=
TVNJX0hJREVfUExBWUVSX09GRg==,T2N1bHRhciBvdXRyb3Mgam9nYWRvcmVzIG5hIHRlbGEgT0ZG
TVNJX0lURU1fUkVGT1JNX0NPTkZJUk1fREVUQUlMUw==,VmVyaWZpY2FyIGRldGFsaGVz
TVNJX0lURU1fUkVGT1JNX1BMWl9DSEVDS19ERVRBSUxT,UG9yIGZhdm9yLCB2ZXJpZmlxdWUgb3MgZGV0YWxoZXMu
TVNJX0lURU1fUkVGT1JNX05PX0VYSVNUX1RBUkdFVF9JVEVN,TsOjbyBow6EgaXRlbnMgcXVlIHBvc3NhbSBzZXIgY29tYmluYWRvcy4=
TVNJX0VOQ0hBTlRfU1VDQ0VTUw==,RW5jYW50YW1lbnRvIGJlbS1zdWNlZGlkbyE=
TVNJX0VOQ0hBTlRfRkFJTEVE,TyBlbmNhbnRhbWVudG8gZmFsaG91IQ==
TVNJX0NBTk5PVF9GSU5EX0VOQ0hBTlRfSUQ=,SW5mb3JtYcOnw7VlcyBkZSBlbmNhbnRhbWVudG8gbsOjbyBlbmNvbnRyYWRhcw==
TVNJX05PVF9TQVRJU0ZJRURfRU5DSEFOVF9DT05ESVRJT04=,QXMgY29uZGnDp8O1ZXMgZGUgZW5jYW50YW1lbnRvIG7Do28gZm9yYW0gYXRlbmRpZGFzLg==
TVNJX1JPREVYX1NQQU1PUFRJT05fRkFJTA==,RmFpbGVkIHRvIHNldCB3aGV0aGVyIHRvIHJlY2VpdmUgcmFuZG9tIHVzZXJzLg==
TVNJX1JPREVYX1NQQU1PUFRJT05fT04=,SXQgaGFzIGJlZW4gc2V0IHRvIHRoZSBzdGF0ZSBvZiByZWZ1c2luZyB0byByZWNlaXZlIGFyYml0cmFyeSB1c2Vycy4=
TVNJX1JPREVYX1NQQU1PUFRJT05fT0ZG,QWxsIHVzZXJzIGhhdmUgYmVlbiBzZXQgdG8gcmVjZWl2ZSBzdGF0dXMu
TVNJX1JPREVYX1NQQU1PUFRJT05fVVNFUkJMT0NL,JXMgaXMgdW5zdWJzY3JpYmVkLg==
TVNJX1JPREVYX1NQQU1PUFRJT05fUkVUVVJOX1NVQ0NFU1M=,Uk9ERVggaGFzIGJlZW4gcmV0dXJuZWQu
TVNJX1JPREVYX1NQQU1PUFRJT05fUkVUVVJOX0ZBSUw=,Uk9ERVggcmV0dXJuIGZhaWxlZC4=
TVNJX1JPREVYX1NQQU1PUFRJT05fV0FSTklORw==,VGhlIHNlbmRlciBvZiB0aGlzIFJPREVYIGlzIG5vdCBhIGZyaWVuZCBvciBndWlsZCBtZW1iZXIuIFBsZWFzZSBiZSBjYXJlZnVsLg==
TVNJX1JPREVYX1NQQU1PUFRJT04=,UmVjZWJlciBST0RFWCBkZSB0b2RvcyBvcyB1c3XDoXJpb3M=
TVNJX0VGU1RfSVRFTV9USU1FX0xJTUlUX0VYQ0VFRA==,VGhlIGR1cmF0aW9uIG9mIHRoZSBzYW1lIGVmZmVjdCBleGNlZWRzIHRoZSBsaW1pdCBhbmQgY2Fubm90IGJlIHVzZWQu
TVNJX0dSQURFX0VOQ0hBTlRfU1VDQ0VTU19SRUZJTklOR19MRVZFTF9ESVNBUFBFQVI=,U2UgYmVtLXN1Y2VkaWRvLCBvIHJlZmluYW1lbnRvIHJldG9ybmFyw6EgYSAwIQ==
TVNJX0dSQURFX0VOQ0hBTlRfU1VDQ0VTU19SQU5ET01fT1BUX0VOQ0hBTlRfS0VFUA==,Q2FydGFzIGUgZW5jYW50YW1lbnRvcyBzZXLDo28gbWFudGlkb3Mu
TVNJX0dSQURFX0VOQ0hBTlRfRkFJTEVEX1JFRklOSU5HX1JBTkRPTV9PUFRfRU5DSEFOVF9LRUVQ,Q2FzbyBmYWxoZSwgbyByZWZpbmFtZW50byBzZXLDoSBtYW50aWRvLg==
TVNJX0hPVEtFWV9SRVNFVA==,SW5pY2lhbGl6YcOnw6Nv
TVNJX0hPVEtFWV9PTERfVkVS,T2xkIFZlcnNpb24=
TVNJX0VYUF9CQVJfQkFTRV9MVg==,TsOtdmVsIGLDoXNpY28uICVk
TVNJX0VYUF9CQVJfSk9CX0xW,VHJhYmFsaG8gTnYuICVk
TVNJX0JBU0lDX0lORk9fTFZfTkFNRQ==,TnYuJWQgJXM=
TVNJX01FTlVfSUNPTl9RVUVTVA==,UXVlc3QgTGlzdA==
TVNJX01FTlVfSUNPTl9DQVNIU0hPUA==,Q2FzaCBTaG9w
TVNJX01FTlVfSUNPTl9IT1RLRVk=,U2hvcnRjdXQgSW5mb3JtYXRpb24=
TVNJX01FTlVfSUNPTl9BRFZFTlRVUkVSX0FHRU5DWQ==,QWR2ZW50dXJlciBBZ2VuY3k=
TVNJX05FV1VJX1pFUk9fT05PRkY=,VUkgVGhlbWU=
TVNJX05FV1VJX1pFUk9fVUlPTEQ=,TGVnYWN5IFVJ
TVNJX05FV1VJX1pFUk9fVUlORVc=,TmV3IFVJ
TVNJX05FV1VJX1pFUk9fVUlTS0lO,VUkgU2tpbg==
TVNJX05FV19SQU5ET01fT1BUSU9O,LSBOZXcgT3B0aW9uIC0=
TVNJX01PTlNURVJJTkZPX1RSSUJFX1VOS05PV04=,Rm9ybWxlc3M=
TVNJX01PTlNURVJJTkZPX1RSSUJFX1VOREVBRA==,VW5kZWFk
TVNJX01PTlNURVJJTkZPX1RSSUJFX0FOSU1BTA==,QnJ1dGU=
TVNJX01PTlNURVJJTkZPX1RSSUJFX1BMQU5U,UGxhbnQ=
TVNJX01PTlNURVJJTkZPX1RSSUJFX0lOU0VDVA==,SW5zZWN0
TVNJX01PTlNURVJJTkZPX1RSSUJFX01BUklORQ==,RmlzaA==
TVNJX01PTlNURVJJTkZPX1RSSUJFX0RFVklM,RGVtb24=
TVNJX01PTlNURVJJTkZPX1RSSUJFX0hVTUFO,RGVtaS1IdW1hbg==
TVNJX01PTlNURVJJTkZPX1RSSUJFX0FOR0VM,QW5nZWw=
TVNJX01PTlNURVJJTkZPX1RSSUJFX0RSQUdPTg==,RHJhZ29u
TVNJX01PTlNURVJJTkZPX1BST1BFUlRZX05FVVRVUkFM,TmV1dHJhbA==
TVNJX01PTlNURVJJTkZPX1BST1BFUlRZX1dBVEVS,V2F0ZXI=
TVNJX01PTlNURVJJTkZPX1BST1BFUlRZX0VBUlRI,RWFydGg=
TVNJX01PTlNURVJJTkZPX1BST1BFUlRZX0ZJUkU=,RmlyZQ==
TVNJX01PTlNURVJJTkZPX1BST1BFUlRZX1dJTkQ=,V2luZA==
TVNJX01PTlNURVJJTkZPX1BST1BFUlRZX1BPSVNPTg==,UG9pc29u
TVNJX01PTlNURVJJTkZPX1BST1BFUlRZX1NBSU5U,SG9seQ==
TVNJX01PTlNURVJJTkZPX1BST1BFUlRZX0RBUks=,U2hhZG93
TVNJX01PTlNURVJJTkZPX1BST1BFUlRZX01FTlRBTA==,R2hvc3Q=
TVNJX01PTlNURVJJTkZPX1BST1BFUlRZX1VOREVBRA==,VW5kZWFk
TVNJX01PTlNURVJJTkZPX1NJWkVfU01BTEw=,UGVxdWVubw==
TVNJX01PTlNURVJJTkZPX1NJWkVfTUlERExF,TcOpZGlv
TVNJX01PTlNURVJJTkZPX1NJWkVfQklH,R3JhbmRl
TVNJX01PTlNURVJJTkZPX0RFRg==,REVG
TVNJX0JBTl9URUVOQUdFUg==,WW91dGggYWNjZXNzIGlzIHJlc3RyaWN0ZWQu
TVNJX1NUWUxJTkdTSE9QX0NPTE9SX1JFU0VU,MFplbnkgKHJlbW/Dp8OjbyBkZSBjb3JhbnRlKQ==
TVNJX1pFUk9RVUVTVF9BTExTRUxFQ1Q=,U2VsZWN0IEFsbA==
TVNJX1pFUk9RVUVTVF9TSU1QTEVVSV9PTg==,RWFzeSBRdWVzdCBVSQ==
TVNJX0NBU0hTSE9QX0ZSRUU=,TElWUkUh
TVNJX0FDQ09VTlRfTElNSVRFRF9UT09MX1JFTlRfVElNRQ==,UmVudGFsIFBlcmlvZA==
TVNJX0FDQ09VTlRfTElNSVRFRF9UT09MX1JFTlRfVElNRV9NQVhfMTREQVk=,VGhlIHJlbnRhbCBwZXJpb2QgY2FuIGJlIGVudGVyZWQgdXAgdG8gMTQgZGF5cy4=
TVNJX0NBU0hTSE9QX05PTl9UUkFEQUJMRQ==,VHJhZGluZyBpbXBvc3NpYmxl
TVNJX1pFUk9RVUVTVF9RVUVTVFZJRVdXTkRfT04=,VmlldyBxdWljayBRdWVzdHM=
TVNJX1pFUk9RVUVTVF9RVUVTVFZJRVdXTkRfT0ZG,SGlkZSBFYXN5IFF1ZXN0
TVNJX1pFUk9RVUVTVF9RVUVTVFZJRVdfT04=,QWRkIHRvIHNpbXBsZSBxdWVzdCB3aW5kb3c=
TVNJX1pFUk9RVUVTVF9RVUVTVFZJRVdfT0ZG,RGVsZXRlZCBmcm9tIHNpbXBsZSBxdWVzdCB3aW5kb3c=
TVNJX1pFUk9RVUVTVF9RVUVTVEhFTFBfVElUTEU=,UXVlc3QgSGVscA==
TVNJX1pFUk9RVUVTVF9RVUVTVEhFTFBfMQ==,MS4gQ29tYm8gQm94ICsgU2VhcmNoIEJveDogUXVlc3QgU29ydGluZywgU2VhcmNoIEZ1bmN0aW9u
TVNJX1pFUk9RVUVTVF9RVUVTVEhFTFBfMg==,LSBBTEw6IFZpZXcgYWxsIHJlY2VpdmVkIHF1ZXN0cw==
TVNJX1pFUk9RVUVTVF9RVUVTVEhFTFBfMw==,LSBRdWVzdCBUeXBlOiBOT1JNQUwgLyBNQUlOIC8gRVBJU09ERSAvIERBSUxZIC8gTE9DQUwgLyBKT0IgLyBHVUlERSAvIEVWRU5UIGFyZSBzb3J0ZWQgYnkgcXVlc3Qu
TVNJX1pFUk9RVUVTVF9RVUVTVEhFTFBfNA==,LSBTZWFyY2ggY2FuIGFkanVzdGVkIGluIHRoZSBxdWVzdCBsaXN0IHNvcnRlZCBieSBDb21ibyBCb3gu
TVNJX1pFUk9RVUVTVF9RVUVTVEhFTFBfNQ==,Mi4gTmF2aWdhdGlvbiBVSQ==
TVNJX1pFUk9RVUVTVF9RVUVTVEhFTFBfNg==,LSBPcGVuIE5hdmlnYXRpb24gVUk6
TVNJX1pFUk9RVUVTVF9RVUVTVEhFTFBfNw==,TWVudSBJY29uID4gTmF2aWdhdGlvbiBJY29uIChTaG9ydGN1dCBLZXk6IE4p
TVNJX1pFUk9RVUVTVF9RVUVTVEhFTFBfOA==,LSBDbGljayBvbiB0aGUgaHlwZXJsaW5rIG9yIG5wYy9tb25zdGVyIGltYWdlOg==
TVNJX1pFUk9RVUVTVF9RVUVTVEhFTFBfOQ==,RGlzcGxheXMgbmF2aWdhdGlvbiByb3V0ZSAoYXJyb3dzKSB0byB0aGUgdGFyZ2V0IHBvaW50IG9uIHRoZSBmaWVsZCBmbG9vcg==
TVNJX1pFUk9RVUVTVF9RVUVTVEhFTFBfMTA=,My4gV2hlbiB0aGUgbmF2aWdhdGlvbiBpcyBleGVjdXRlZCwgdGhlIG1vdmluZyByb3V0ZSBpcyBkaXNwbGF5ZWQgaW4gdGhlIGNoYXQgd2luZG93
TVNJX1pFUk9RVUVTVF9RVUVTVEhFTFBfMTE=,NC4gWW91IGNhbiB1c2UgW1RlbGVwb3J0IFNlcnZpY2VdIGJ5IHRhbGtpbmcgdG8gdGhlIEthZnJhIHN0YWZmLg==
TVNJX1pFUk9RVUVTVF9RVUVTVEhFTFBfMTI=,NS4gRWFzeSBRdWVzdCBVSSA6
TVNJX1pFUk9RVUVTVF9RVUVTVEhFTFBfMTM=,QSBmdW5jdGlvbiB0byBzaW1wbHkgZGlzcGxheSB0aGUgUXVlc3QgVUkgb24gdGhlIGdhbWUgc2NyZWVu
TVNJX1pFUk9RVUVTVF9RVUVTVEhFTFBfMTQ=,V2hlbiB5b3UgcmlnaHQtY2xpY2sgZWFjaCBxdWVzdCB0aXRsZSwgeW91IGNhbiBjYWxsIHRoZSBRdWVzdCBJbmZvcm1hdGlvbiBVSSBvciBkZWxldGUgaXQgZnJvbSB0aGUgcXVlc3QgbGlzdA==
TVNJX1pFUk9RVUVTVF9RVUVTVEhFTFBfMTU=,VGhlcmUgaXMgYSBmdW5jdGlvbi4=
TVNJX1RJUEJPWF9TVEFSVF9PUEVO,QWJyaXIgYW8gbG9nYXI=
TVNJX1JFU1VMVF9FUlJPUl9WVENfMzAz,WW91ciBiaWxsaW5nIHNlc3Npb24gaGFzIGV4cGlyZWQuIFBsZWFzZSByZXN0YXJ0IHRoZSBjbGllbnQ=
TVNJX1JFU1VMVF9FUlJPUl9WVENfMzA0,QW4gZXJyb3IgaGFzIG9jY3VycmVkLiBwbGVhc2UgdHJ5IGFnYWlu
TVNJX1pFUk9DSEFUV05EX1JFU0laRQ==,UmVzaXplKCVzKQ==
TVNJX1pFUk9DSEFUV05EX0xPQ0s=,RmVhdHVyZSBMb2Nr
TVNJX1pFUk9DSEFUV05EX1VOTE9DSw==,RGlzYWJsZSBmdW5jdGlvbg==
TVNJX1pFUk9DSEFUV05EX0NIQVRPTg==,SW5wdXQgYWN0aXZl
TVNJX1pFUk9DSEFUV05EX0NIQVRPRkY=,SW5wdXQgZGlzYWJsZWQ=
TVNJX1pFUk9DSEFUV05EX1NFTkQ=,U2V0IGRlc3RpbmF0aW9u
TVNJX1pFUk9DSEFUV05EX1NFTkRH,UmVjZWl2aW5nIGdyb3VwIHNldHRpbmc=
TVNJX1pFUk9DSEFUV05EX09QVElPTg==,c2V0dGluZw==
TVNJX1pFUk9DSEFUV05EX1NUSUNLT0ZG,RGV0YWNoIHBvcHVwIHdpbmRvdw==
TVNJX1pFUk9DSEFUV05EX1NUSUNLT04=,UmV0dXJuIHRvIHRhYg==
TVNJX1pFUk9DSEFUV05EX0FERA==,QWRkIHRhYg==
TVNJX1pFUk9DSEFUV05EX0RFTA==,RGVsZXRlIHRhYg==
TVNJX1pFUk9DSEFUV05EX0VOVEVS,WW91IGNhbiBzdGFydCBjaGF0dGluZyBieSBwcmVzc2luZyB0aGUgRW50ZXIga2V5
TVNJX1RBS0VPRkZfQUxM,RGVzZXF1aXBhciBUdWRv
TVNJX0ZBSUxFRF9CVVNZ,UGxlYXNlIHRyeSBhZ2FpbiBpbiAxMCBzZWNvbmRzLg==
TVNJX1VTRVNLSUxMX0ZBSUxfTkVFRF9UV0lOS0xJTkdfR0FMQVhZX0FSRUE=,SXQgY2FuIGJlIHVzZWQgaW4gdGhlIHJhbmdlIG9mIHRoZSBUd2lua2xpbmcgR2FsYXh5IHNraWxsLg==
TVNJX1VTRVNLSUxMX0ZBSUxfTkVFRF9TT1VMQ09MTEVDVA==,UmVxdWlyZXMgU291bCBFbmVyZ3ku
TVNJX1VTRVNLSUxMX0ZBSUxfTkVFRF9DSEFSTVM=,Tm90IGVub3VnaCBBbXVsZXRzLg==
TVNJX1VTRVNLSUxMX0ZBSUxfTkVFRF9HQVRMSU5HX09SX1NIT1RHVU4=,WW91IG11c3QgYmUgZXF1aXBwZWQgd2l0aCBhIEdhdGxpbmcgR3VuIG9yIFNob3RndW4u
TVNJX1VTRVNLSUxMX0ZBSUxfTkVFRF9SSUZMRV9PUl9IQU5ER1VO,WW91IG11c3QgYmUgZXF1aXBwZWQgd2l0aCBhIFJpZmxlIG9yIFJldm9sdmVyLg==
TVNJX1VTRVNLSUxMX0ZBSUxfTkVFRF9HUkFOQURFX09SX1JJRkxF,WW91IG11c3QgYmUgZXF1aXBwZWQgd2l0aCBhIEdyZW5hZGUgTGF1bmNoZXIgb3IgUmlmbGUu
TVNJX1VTRVNLSUxMX0ZBSUxfTkVFRF9HQVRMSU5HX09SX0hBTkRHVU4=,WW91IG11c3QgYmUgZXF1aXBwZWQgd2l0aCBhIEdhdGxpbmcgR3VuIG9yIFJldm9sdmVyLg==
TVNJX1VTRVNLSUxMX0ZBSUxfTkVFRF9TSE9UR1VOX09SX0dSQU5BREU=,WW91IG11c3QgYmUgZXF1aXBwZWQgd2l0aCBhIFNob3RndW4gb3IgR3JlbmFkZSBMYXVuY2hlci4=
TVNJX1VTRVNLSUxMX0ZBSUxfTkVFRF9TSElFTERfV0VBUE9O,WW91IG11c3QgYmUgZXF1aXBwZWQgd2l0aCBhIFNoaWVsZC4=
TVNJX0NMT1NFX0JBTktJTkdfRk9SX0VYUEFOREVEX0JBUlRFUk1BUktFVA==,QmFuayBjYW5ub3QgYmUgdXNlZCB3aGVuIEV4cGFuZGVkIEJhcnRlciBTaG9wIGlzIG9wZW4uIFRoZSBiYW5rIHdhcyBmb3JjaWJseSBjbG9zZWQu
TVNJX0NBTk5PVF9PUEVOX0JBTktJTkdfRFVSSU5HX0VYUEFOREVEX0JBUlRFUk1BUktFVA==,QmFuayBjYW5ub3QgYmUgdXNlZCB3aGVuIEV4cGFuZGVkIEJhcnRlciBTaG9wIGlzIG9wZW4u
TVNJX0ZBSUxfTk9fU1BBQ0VfQkVISU5EX1RIRV9UQVJHRVQ=,VGhlIHRhcmdldCdzIFNoYWRvdyBoYXMgbm8gc3BhY2UgdG8gbW92ZSB0by4=
TVNJX1VTRVNLSUxMX0ZBSUxfTkVFRF9DT01NVU5JT05fV0lUSF9TUElSSVQ=,WW91IG11c3QgYmUgaW4gQ29tbXVuaWNhdGlvbiB3aXRoIGF0IGxlYXN0IG9uZSBraW5kIG9mIE15c3RpY2FsIENyZWF0dXJlLg==
TVNJX1BBQ0tBR0VJVEVNX1NMRUVQU1RPTkVDVVJTRUZBSUw=,WW91IGNhbm5vdCB1c2UgaXRlbXMgd2hpbGUgc2xlZXBpbmcgb3IgcGV0cmlmaWVkLg==
TVNJX1BBQ0tBR0VJVEVNX0JVUlJPV0ZBSUw=,SXRlbXMgY2Fubm90IGJlIHVzZWQgaW4gQnVycm93IHN0YXR1cy4=
TVNJX1BBQ0tBR0VJVEVNX1VTRUZBSUw=,VGhpcyBQYWNrYWdlIGl0ZW0gY2Fubm90IGJlIHVzZWQu
TVNJX1BBQ0tBR0VJVEVNX1NFVFRJTkdGQUlM,RmFpbGVkIHRvIHNldCBQYWNrYWdlIGl0ZW0hIQ==
TVNJX1BBQ0tBR0VJVEVNX1RJTUU=,XmZmMDAwMCBBdmFpbGFibGUgZm9yICVkIGRheXMgJWQgaG91cnMgXjAwMDAwMA==
TVNJX1BBQ0tBR0VJVEVNX1NFTEVDVA==,WW91IGhhdmUgc2VsZWN0ZWQgJXMuIElzIHRoaXMgY29ycmVjdD8=
TVNJX0dSQURFX0VOQ0hBTlRfRU5IQU5DRURfVVA=,UmVxdWlyZWQgcXVhbnRpdHkgcGVyIHJlcXVlc3Q6ICVk
TVNJX0pPQl9JTVBFUklBTF9HVUFSRA==,R3VhcmRhIEltcGVyaWFs
TVNJX0pPQl9BQllTU19DSEFTRVI=,Q2HDp2Fkb3IgZGUgQWJpc21vcw==
TVNJX0pPQl9XSU5ESEFXSw==,V2luZCBIYXdr
TVNJX0VNQkxFTV9VUExPQURfRkFJTEVEX0RC,RW1ibGVtIHJlZ2lzdHJhdGlvbiBmYWlsZWQu
TVNJX0VNQkxFTV9VUExPQURfRkFJTEVEX0FVVEg=,U2VydmVyIHJlZ2lzdHJhdGlvbiBmYWlsZWQu
TVNJX0VNQkxFTV9VUExPQURfRkFJTEVEX0ZJTEU=,RmlsZSByZWdpc3RyYXRpb24gZmFpbGVkLg==
TVNJX1NPUlRfTUlOSVBBUlRZ,U29ydCBNaW5pIFBhcnR5IFdpbmRvdw==
TVNJX1BJQ0tVUF9GQUlMRURfUEFSVFlfTUVNQkVS,SXQgaXMgZXZlbmx5IGRpc3RyaWJ1dGVkLlxuSXRlbXMgY2Fubm90IGJlIG9idGFpbmVkIGJlY2F1c2UgdGhlIHdlaWdodCBvciB0eXBlIG9mIHBhcnR5IG1lbWJlcnMgaXMgZXhjZXNzaXZlLg==
TVNJX0JST0FEQ0FTVElOR19TUEVDSUFMX0lURU1fT0JUQUlOX0FERF9MRVZFTA==,WyVzXSBvYnRhaW5lZCAnKyVkICVzJyBmcm9tIFslc10u
TVNJX0ZBSUxFRF9BTExfUk9ERVhfTElTVA==,UGxlYXNlIHJlb3BlbiB5b3VyIG1haWxib3gu
TVNJX0ZBSUxfQ0FMTEhPTVVOX0lOVkFMSURfSk9CVFlQRQ==,SG9tdW5jdWx1cyBTIGNhbm5vdCBiZSBzdW1tb25lZCB3aXRoIHlvdXIgY3VycmVudCBqb2IuIFlvdSBuZWVkIHRvIGNoYW5nZSB0byBhIGhpZ2hlciBqb2IgZmlyc3Qu
TVNJX0ZBSUxfSVRFTUNPTVBPU0lUSU9OX0xJU1Q=,WW91IGRvbid0IGhhdmUgYW55IGVxdWlwbWVudCB3aGljaCBjYW4gYmUgZXF1aXBwZWQgd2l0aCBjYXJkcy4=
TVNJX0RBTUFHRV9FUVVJUE1FTlQ=,U3ByaXRlIGRlIERhbm8=
TVNJX0RBTUFHRV9FUVVJUE1FTlRfVE9PTFRJUA==,U3ByaXRlIGRlIERhbm8=
TVNJX0RBTUFHRV9ESVJfTEVGVA==,U2Vt
TVNJX0RBTUFHRV9ESVJfQ0VOVEVS,Mw==
TVNJX0RBTUFHRV9ESVJfUklHSFQ=,Mg==
TVNJX0RBTUFHRV9ESVJfREVGQVVMVA==,MQ==
TVNJX01BQ1JPX0NIRUNLX1JFTU9WRV9SVU5OSU5H,VGhpcyB0YXJnZXQgaXMgYWxyZWFkeSBiZWluZyB0cmFja2VkLg==
TVNJX01BQ1JPX0NIRUNLX1JFTU9WRV9TVUNDRVNT,U3RhcnQgdHJhY2tpbmcgdGhlIHRhcmdldC4=
TVNJX01BQ1JPX0NIRUNLX1JFTU9WRV9OT1RfRVhJU1RT,VGhlcmUgaXMgbm8gdGFyZ2V0IHdoaWNoIGNhbiBiZSB0cmFja2VkLg==
TVNJX01BQ1JPX0NIRUNLX1JFTU9WRV9PRkZfU1VDQ0VTUw==,RW5kIHRyYWNraW5nIHRoZSB0YXJnZXQu
TVNJX01BQ1JPX0NIRUNLX1JFTU9WRV9USU1FU1VQ,VGhlIHRpbWUgaGFzIGV4cGlyZWQgYW5kIHRoZSB0cmFja2luZyBlbmRzLg==
TVNJX01BQ1JPX0NIRUNLX1JFTU9WRV9JTlZBTElEX0FJRA==,VGFyZ2V0IG5vdCBmb3VuZC4uLg==
TVNJX05FV1NFSUdFTU9ERV9TS0lMTA==,XjAwNTRGRltBYmlsaXR5IENvcnJlY3Rpb25dICUgZC4lZCAlJV4wMDAwMDA=
TVNJX0RZTkFNSUNOUENfQ1JFQVRFX1JFU1VMVF9GQUlMX01BWENPVU5U,WW91IGNhbiBubyBsb25nZXIgY2FsbCBOUENzLg==
TVNJX01BQ1JPX0RFVEVDVE9SX05PVElDRTQ=,SW4gY2FzZSBvZiAlZCBlcnJvcnMsIGl0IGlzIHBlcm1hbmVudGx5IGJsb2NrZWQgYWNjb3JkaW5nIHRvIHRoZSBvcGVyYXRpb24gcG9saWN5Lg==
TVNJX0ZBSUxfQ0FMTEhPTVVOX09WRVJfMTAwTEVWRUw=,SXQgY2Fubm90IGJlIHN1bW1vbmVkIHdpdGggeW91ciBjdXJyZW50IGpvYi4gWW91IG5lZWQgdG8gY2hhbmdlIHRvIGEgaGlnaGVyIGpvYiBmaXJzdC4=
TVNJX0ZBSUxfU1RSSVBTSEFET1dfVE9fTUFET19OT1RJQ0U=,U3RyaXAgc2tpbGxzIGFyZSBub3QgYXZhaWxhYmxlIGZvciBNYWRvZ2VhciBjaGFyYWN0ZXJzLg==
TVNJX01BQ1JPX1JFUE9SVEVSX1NFTEVDVF9NT0RFX01BUA==,TWFw
TVNJX01BQ1JPX1JFUE9SVEVSX1NFTEVDVF9NT0RFX1FVSVo=,UXVpeg==
TVNJX01BQ1JPX1JFUE9SVEVSX1RPT0xUSVBfTUFQ,SW4gdGhlIHRleHQgcmFuZ2UgYmVsb3csIHR5cGUgdGhlIG1hcCB0byB3aGljaCB5b3Ugd2FudCB0byBzZW5kIGNoZWNrZXJzIHRvLg==
TVNJX01BQ1JPX1JFUE9SVEVSX1RPT0xUSVBfUVVJWg==,SW4gdGhlIHRleHQgcmFuZ2UgYmVsb3csIGVudGVyIHRoZSBxdWl6IHRvIGJlIGRpc3BsYXllZCBvbiB0aGUgY2hlY2tlcnMu
TVNJX01BQ1JPX1JFUE9SVEVSX1VOS05XT05fTUFQ,VGhlIG1hcCBmaWxlIG5hbWUgaXMgaW5jb3JyZWN0Lg==
TVNJX01BQ1JPX1JFUE9SVEVSX1dST05HX05VTUJFUg==,VGhlIG51bWJlciBjb21iaW5hdGlvbiBpcyBpbmNvcnJlY3Qu
TVNJX01BQ1JPX1JFUE9SVEVSX1RPT0xUSVBfTUFQX1FVSVpfSU5QVVQ=,UGxlYXNlIHR5cGUgYW5kIHByZXNzIGVudGVyIHRvIHNhdmUu
TVNJX01BQ1JPX0JMQUNLTElTVF9VU0VSX0NIQ0VLX1JFU1VMVF9TVUNDRVNT,WW91IGhhdmUgc2VudCBjaGVja2VycyB0byAlZCBibGFja2xpc3RlZCB1c2Vycy4=
TVNJX01BQ1JPX0JMQUNLTElTVF9VU0VSX0NIQ0VLX1JFU1VMVF9GQUlMX0NPT0xUSU1F,QmxhY2tsaXN0IENoZWNrZXIgQ29vbCB0aW1lLg==
TVNJX01BQ1JPX0JMQUNLTElTVF9VU0VSX0NIQ0VLX1JFU1VMVF9GQUlMX01BUE5BTUU=,VGhlcmUgaXMgYSBwcm9ibGVtIHdpdGggTWFwIHZhbHVlcy4=
TVNJX01BQ1JPX0JMQUNLTElTVF9VU0VSX0NIQ0VLX1JFU1VMVF9GQUlMX1BBUkFN,VGhlcmUgaXMgYSBwcm9ibGVtIHdpdGggdGhlIHF1aXogb3IgdGhlIG51bWJlciBvZiBjb3JyZWN0IGFuc3dlcnMu
TVNJX01BQ1JPX0JMQUNLTElTVF9VU0VSX0NIQ0VLX1JFU1VMVF9GQUlMX1FVRVNUSU9O,SMOhIHVtIHByb2JsZW1hIGNvbSBvcyB2YWxvcmVzIGRvIHNldSBRdWl6Lg==
TVNJX01BQ1JPX0JMQUNLTElTVF9VU0VSX0NIQ0VLX1JFU1VMVF9GQUlMX01BUE5BTUVfQ09VTlQ=,SMOhIHVtIHByb2JsZW1hIGNvbSBvIG7Dum1lcm8gZGUgbWFwYXMu
TVNJX01BQ1JPX0JMQUNLTElTVF9VU0VSX0NIQ0VLX1JFTUFJTl9USU1F,VGVtcG8gcmVzdGFudGUgJTAyZDogJTAyZDogJTAyZA==
TVNJX01BQ1JPX0JMQUNLTElTVF9VU0VSX0NIQ0VLX05PVElDRTE=,TyBtb2RvIGRlIGRldGVjw6fDo28gZm9pIGF0aXZhZG8uIERpZ2l0ZSBvIG7Dum1lcm8gZXhpYmlkbyDDoCBlc3F1ZXJkYSBkYSB0ZWxhIGNvbSBvIHRlY2xhZG8u
TVNJX01BQ1JPX0JMQUNLTElTVF9VU0VSX0NIQ0VLX05PVElDRTI=,VW1hIHBlbmFsaWRhZGUgc2Vyw6EgYXBsaWNhZGEgcXVhbmRvIG8gdGVtcG8gcmVzdGFudGUgZXhwaXJhciBvdSAlZCByZXNwb3N0YXMgaW5jb3JyZXRhcy4=
TVNJX01BQ1JPX0JMQUNLTElTVF9VU0VSX0NIQ0VLX0FOU1dFUl9JTlBVVA==,RGlnaXRlIG8gY8OzZGlnbyBkZSBzZWd1cmFuw6dh
TVNJX1dFRERJTkdfUklOR19JVEVNX05BTUVfRk9STUFU,Q29tIG8gU3IuICVz
TVNJX0FDQ09VTlRfTElNSVRFRF9UT09MX1JFU1VMVF9ORVdGT1JNQVQ=,Tm9tZSBkbyBJdGVtIDogJXMgLyBRdCA6ICVkIC8gUGVyw61vZG8gZGUgdmVuZGEgOiAlZG06JWRkOiVkajolZG1pbiB+ICVkeTolZG06JWRkJWRqOiVkbWlu
TVNJX0FDQ09VTlRfTElNSVRFRF9TQUxFX0lURU1fTkVYVF9ORVdEQVRF,fiAlZHkgJWRtICVkZCAlZHNlZyAlZG1pbg==
TVNJX0NBTk5PVF9BVFRBQ0tfSU5fVEhFX1BBUlRZV05E,Vm9jw6ogbsOjbyBwb2RlIHVzYXIgaGFiaWxpZGFkZXMgZGUgYXRhcXVlIG5vIG1lc21vIG1lbWJybyBkbyBncnVwbyBuYSBqYW5lbGEgZG8gZ3J1cG8u
TVNJX1JFVFJZX0FGVEVSX1BST0NFU1M=,VGVudGUgbm92YW1lbnRlIGFww7NzIGNvbmNsdWlyIG8gcHJvZ3Jlc3NvIG91IG8gc3RhdHVzIGRlIGNvbnZpZGFkby4=
TVNJX0dVSUxEX0VYUF9UUklCVVRF,RXhpYmlyIG1lbnNhZ2VtIGRlIGV4cGVyacOqbmNpYSBkZSByZWNvbXBlbnNhIG3DoXhpbWE=
TVNJX0VRVUlQTUVOVF9QUk9QRVJUSUVT,U3RhdHVzIGRvcyBFcXVpcGFtZW50b3M=
TVNJX1ZJRVdfQ0hBTkdFX0VRVUlQTUVOVF9QUk9QRVJUSUVTX01TRw==,RXhpYmnDp8OjbyBkZSBtdWRhbsOnYSBkZSBoYWJpbGlkYWRlIGFvIGVxdWlwYXIvZGVzZXF1aXBhciBlcXVpcGFtZW50bw==
TVNJX0FMTFlfQ0hBVF9NU0c=,TW9zdHJhciBtZW5zYWdlbnMgZGUgYmF0ZS1wYXBvIGRhIGFsaWFuw6dh
TVNJX1NFTkRfVE9fQUxMWQ==,ZW52aWFkbyBwYXJhIGFsaWFkb3M=
TVNJX1BBWV9DT05GSVJNX0JZX05ZQU5HVklORV9GUlVJVA==,Vm9jw6ogY29uZmlybWEgbyB0ZWxlcG9ydGUgcGFyYSBlc3NlIG1hcGE/
TVNJX1JFRklOSU5HX1BPU1NJQkxF,cG9kZSBzZXIgcmVmaW5hZG8=
TVNJX1JFRklOSU5HX0lNUE9TU0lCTEU=,bsOjbyBwb2RlIHNlciByZWZpbmFkbw==
TVNJX0VOQ0hBTlRfUE9TU0lCTEU=,ZW5jYW50w6F2ZWw=
TVNJX0VOQ0hBTlRfSU1QT1NTSUJMRQ==,bsOjbyBwb2RlIHNlciBlbmNhbnRhZG8=
TVNJX0dSQURFX0VOQ0hBTlRfUE9TU0lCTEU=,R3JhZGUgcG9kZSBzZXIgZW5jYW50YWRv
TVNJX0dSQURFX0VOQ0hBTlRfSU1QT1NTSUJMRQ==,R3JhZGUgbsOjbyBwb2RlIHNlciBlbmNhbnRhZG8=
TVNJX1JVTkVTWVNURU1fRVFVSVBfT1VU,RGVzZWphIGRlc2F0aXbDoS1sbz8=
TVNJX1JVTkVTWVNURU1fRVFVSVBfTk9UUFVU,SW5mb3JtYcOnw7VlcyBpbnbDoWxpZGFzIHBhcmEgbyBpdGVtIHNlbGVjaW9uYWRvLg==
TVNJX1JVTkVTWVNURU1fUlVORVNFVF9USVRMRQ==,VMOtdHV0byBkYSBSdW5hOiAlcyBTZXQ=
TVNJX1JVTkVTWVNURU1fUlVORV9USVRMRQ==,UnVuYSBkZSAlcw==
TVNJX1JVTkVTWVNURU1fUlVORV9VUEdSQURFUEVS,Q2hhbmNlIGRlIEFwcmltb3JhbWVudG8=
TVNJX1JVTkVTWVNURU1fUlVORV9GQUlMREVTQw==,QSB0YXhhIGRlIHN1Y2Vzc28gYXVtZW50YSAlLjJmJSUgcG9yIGZhbGhhLg==
TVNJX1JVTkVTWVNURU1fUlVORV9VUEdSQURFTUFYREVTQw==,RXN0ZSDDqSBvIG7DrXZlbCBtw6F4aW1vIGRlIGFwcmltb3JhbWVudG8h
TVNJX1JVTkVTWVNURU1fUlVORV9VTkFDVElWRURFU0M=,RXN0YSDDqSB1bWEgZnVuw6fDo28gcXVlIG7Do28gcG9kZSBzZXIgdmVyaWZpY2FkYSBubyBlc3RhZG8gZGVzYWJpbGl0YWRvLg==
TVNJX1JVTkVTWVNURU1fUlVORV9SVU5FX05VTEw=,SW5mb3JtYcOnw7VlcyBzb2JyZSBhcyBydW5hcyBuw6NvIGV4aXN0ZW0u
TVNJX1JVTkVTWVNURU1fUlVORVNFVF9ERVND,RWZlaXRvIGNvbSAlZCBSdW5hcw==
TVNJX1JVTkVTWVNURU1fVElUTEU=,U2lzdGVtYSBkZSBUw610dWxvcyBkZSBSdW5hcw==
TVNJX1JVTkVTWVNURU1fRVFVSVBfTk9U,TsOjbyBow6EgaXRlbnMgZXF1aXBhZG9zLg==
TVNJX1JVTkVTWVNURU1fRVFVSVBfUFVURVJS,UG9yIGZhdm9yLCByZW1vdmEgbyBjb25qdW50byBkZSBydW5hcyBlcXVpcGFkYXMu
TVNJX0FEVkVOVFVSRV9HVUlERQ==,R3VpYSBkZSBhdmVudHVyYQ==
TVNJX1JVTkVTWVNURU1fRFVSSU5HX0NBTk5PVF9PUEVOX1JPREVY,Um9kZXggbsOjbyBwb2RlIHNlciB1c2FkbyBlbnF1YW50byBlc3RpdmVyIHVzYW5kbyBvIHNpc3RlbWEgZGUgcnVuYXMu
TVNJX1JVTkVTWVNURU1fRFVSSU5HX0NBTk5PVF9PUEVOX0JBTktJTkc=,TyBzaXN0ZW1hIGJhbmPDoXJpbyBuw6NvIGVzdMOhIGRpc3BvbsOtdmVsIGFvIHVzYXIgbyBzaXN0ZW1hIGRlIHJ1bmFzLg==
TVNJX1JVTkVTWVNURU1fQ0xPU0VfUk9ERVg=,Um9kZXggbsOjbyBwb2RlIHNlciB1c2FkbyBlbnF1YW50byBlc3RpdmVyIHVzYW5kbyBvIHNpc3RlbWEgZGUgcnVuYXMuIFJvZGV4IGZvaSBmb3LDp2FkbyBhIGRlc2lzdGlyLg==
TVNJX1JVTkVTWVNURU1fQ0xPU0VfQkFOS0lORw==,TyBzaXN0ZW1hIGJhbmPDoXJpbyBuw6NvIHBvZGUgc2VyIHVzYWRvIGFvIHVzYXIgbyBzaXN0ZW1hIGRlIHJ1bmFzLiBBIGF0aXZpZGFkZSBiYW5jw6FyaWEgZm9pIGZvcsOnYWRhIGEgcGFyYXIu
TVNJX05PVElGWV9KT0lOX0dVSUxEX0FDQ0VQVF9XTkQ=,SMOhIHVtIHBlZGlkbyBwYXJhIGVudHJhciBuYSBndWlsZGEuIFZvY8OqIHBvZGUgY29uZmlybWFyIG8gcGVkaWRvIGFww7NzIGZlY2hhciB0b2RhcyBhcyBqYW5lbGFzIHJlbGFjaW9uYWRhcyBhIG1vdmltZW50by4=
TVNJX05PVElGWV9BTExZX0dVSUxEX0FDQ0VQVF9XTkQ=,SMOhIHVtIHBlZGlkbyBkZSByZWdpc3RybyBkZSBhbGlhbsOnYS4gVm9jw6ogcG9kZSBjb25maXJtYXIgbyBwZWRpZG8gYXDDs3MgZmVjaGFyIHRvZGFzIGFzIGphbmVsYXMgcmVsYWNpb25hZGFzIGEgbW92aW1lbnRvLg==
TVNJX05PVElGWV9KT0lOX0ZSSUVORF9BQ0NFUFRfV05E,SMOhIHVtIHBlZGlkbyBkZSByZWdpc3RybyBkZSBhbWlnby4gVm9jw6ogcG9kZSBjb25maXJtYXIgbyBwZWRpZG8gYXDDs3MgZmVjaGFyIHRvZGFzIGFzIGphbmVsYXMgcmVsYWNpb25hZGFzIGEgbW92aW1lbnRvLg==
TVNJX05PVElGWV9KT0lOX1BBUlRZX0FDQ0VQVF9XTkQ=,SMOhIHVtIHBlZGlkbyBwYXJhIGVudHJhciBubyBncnVwby4gVm9jw6ogcG9kZSBjb25maXJtYXIgbyBwZWRpZG8gYXDDs3MgZmVjaGFyIHRvZGFzIGFzIGphbmVsYXMgcmVsYWNpb25hZGFzIGEgbW92aW1lbnRvLg==
TVNJX05PVElGWV9FWENIQU5HRV9BQ0NFUFRfV05E,TyBDaGF0R1BUIGRpc3NlOiAgUmVjZWJpIHVtIHBlZGlkbyBkZSBuZWdvY2lhw6fDo28gMToxLiBWb2PDqiBwb2RlIGNvbmZpcm1hciBvIHBlZGlkbyBhcMOzcyBmZWNoYXIgdG9kYXMgYXMgamFuZWxhcyByZWxhY2lvbmFkYXMgYSBtb3ZpbWVudG8u
TVNJX1dBUk5JTkc=,QXZpc28=
TVNJX1JVTkVTWVNURU1fRkFJTEVEX0lURU1DUkVBVEU=,U2V1IGxpbWl0ZSBkZSBwZXNvIGVzdMOhIGFjaW1hIGRlIDcwJSBvdSB2b2PDqiBuw6NvIHBvc3N1aSBtYWlzIGRlIDggZXNwYcOnb3MgbGl2cmVzIG5vIGludmVudMOhcmlvLg==
TVNJX1RJVExFX1FVRVNUX0JPQVJEX0xJU1Q=,UXVhZHJvIGRlIG1pc3PDtWVz
TVNJX1RJVExFX1FVRVNUX0JPQVJEX0lORk8=,SW5mb3JtYcOnw7VlcyBkYSBtaXNzw6Nv
TVNJX01BQ1JPX1VTRVJfUkVQT1JU,RGVudW5jaWFyIEpvZ2Fkb3I=
TVNJX01BQ1JPX1VTRVJfUkVQT1JUX0NPVU5UTElNSVQ=,Vm9jw6ogZXhjZWRldSBvIG7Dum1lcm8gbcOheGltbyBkZSBkZW7Dum5jaWFzIGRpw6FyaWFzIGUgbsOjbyBwb2RlIG1haXMgZGVudW5jaWFyLg==
TVNJX01BQ1JPX1VTRVJfUkVQT1JUX1NVQ0NFU1M=,RGVudW5jaWFkbyAlcy4=
TVNJX01BQ1JPX1VTRVJfUkVQT1JUX0NPT0xUSU1F,TyBhbHZvIGVzdMOhIHNlbmRvIGRlbnVuY2lhZG8gcG9yIG91dHJvIGpvZ2Fkb3Iu
TVNJX01BQ1JPX1VTRVJfUkVQT1JUX0VGU1RfQUNUSVZBVEVE,TyBhbHZvIGVzdMOhIGVtIHVtIGVzdGFkbyBwcm90ZWdpZG8gY29udHJhIGRlbsO6bmNpYXMu
TVNJX01BQ1JPX1VTRVJfUkVQT1JUX1BFTkFMVFlfQ09VTlRNQVg=,TyBhbHZvIGV4Y2VkZXUgbyBuw7ptZXJvIG3DoXhpbW8gZGUgZGVuw7puY2lhcyBkacOhcmlhcyBlIG7Do28gcG9kZSByZWFsaXphciBtYWlzIGRlbsO6bmNpYXMu
TVNJX01BQ1JPX1VTRVJfUkVQT1JUX1JFUE9SVEVE,RGVudW5jaWFkbyBwb3Igb3V0cm8gam9nYWRvci4=
TVNJX0RFQ09NX05VTQ==,UXVlYnJhciBlbSAlZCBwZcOnYXM=
TVNJX1JFU0VUX0NBU0hfRU1PVElPTl9JTkZP,QXMgaW5mb3JtYcOnw7VlcyBkZSBjb21wcmEgZGUgZW1vw6fDo28gZm9yYW0gcmVkZWZpbmlkYXMu
TVNJX1JVTkVTWVNURU1fQUxSRUFEWV9FWElTVA==,RXN0ZSBsaXZybyBkZSBydW5hcyBqw6EgZm9pIGF0aXZhZG8u
TVNJX1JVTkVTWVNURU1fTk9UX0VYSVNU,RXN0YSB0w6FidWEgcsO6bmljYSBuw6NvIGV4aXN0ZQ==
TVNJX1JVTkVTWVNURU1fTEFDS19PRl9JVEVN,TyBpdGVtIG5lY2Vzc8OhcmlvIGVzdMOhIGZhbHRhbmRvLg==
TVNJX1JVTkVTWVNURU1fQUxSRUFEWV9FUVVJUEVE,SMOhIHVtIGNvbmp1bnRvIGRlIHJ1bmFzIHF1ZSBlc3TDoSBlcXVpcGFkby4gUG9yIGZhdm9yLCB0ZW50ZSBkZXBvaXMgZGUgZGVzYXRpdmFyIG8gY29uanVudG8gZGUgcnVuYXMu
TVNJX1JVTkVTWVNURU1fTk9USElOR19FUVVJUEVE,TsOjbyBow6EgbmVuaHVtIGNvbmp1bnRvIGRlIHJ1bmFzIGVxdWlwYWRvLg==
TVNJX1JVTkVTWVNURU1fSU5WQUxJRF9JRA==,RGFkb3MgaW52w6FsaWRvcyBkYSB0YWJ1bGV0YSByw7puaWNhLiBQb3IgZmF2b3IsIHRlbnRlIG5vdmFtZW50ZSBtYWlzIHRhcmRlLg==
TVNJX1JVTkVTWVNURU1fTUFYX0xFVkVM,TsOjbyBwb2RlIHNlciBhcHJpbW9yYWRvLiBFc3RlIMOpIG8gbsOtdmVsIG3DoXhpbW8gZGUgYXByaW1vcmFtZW50by4=
TVNJX1JVTkVTWVNURU1fSU5WQUxJRF9PV05FUg==,RGFkb3MgaW52w6FsaWRvcyBkYSB0YWJ1bGV0YSByw7puaWNhLiBQb3IgZmF2b3IgdGVudGUgbWFpcyB0YXJkZS4=
TVNJX1JVTkVTWVNURU1fVEFCTEVfTk9UX0VYSVQ=,RGFkb3MgaW52w6FsaWRvcyBkYSB0YWJ1bGV0YSByw7puaWNhLiBQb3IgZmF2b3IgdGVudGUgbWFpcyB0YXJkZS4=
TVNJX1JVTkVTWVNURU1fREJfTE9BRF9OT1RfWUVU,Q2FycmVnYW5kbyBkYWRvcyBkYSB0YWJ1bGV0YSByw7puaWNvLiBQb3IgZmF2b3IgdGVudGUgbWFpcyB0YXJkZS4=
TVNJX1JVTkVTWVNURU1fSU5WQUxJRF9UQUJMRV9EQVRB,RGFkb3MgaW52w6FsaWRvcyBkYSB0YWJ1bGV0YSByw7puaWNhLiBQb3IgZmF2b3IgdGVudGUgbWFpcyB0YXJkZS4=
TVNJX1JVTkVTWVNURU1fUlVORV9VSV9OT1RfT1BFTkVE,TyBzaXN0ZW1hIG7Do28gZXN0w6EgYXRpdm8u
TVNJX0RFQ09NX0ZBSUw=,RmFsaGEgYW8gZGVjb21wb3Iu
TVNJX0RFQ09NX0NBTk5PVF9GSU5EX0lURU0=,TsOjbyBow6EgaXRlbnMgcGFyYSBkZWNvbXBvci4=
TVNJX0RFQ09NX05PVF9FTk9VR0hfSU5WRU5UT1JZ,SW5zdWZmaWNpZW50IGludmVudG9yeSBzcGFjZS4gUGxlYXNlIHRyeSBhZnRlciBjbGVhcmluZyB5b3VyIGludmVudG9yeSBzcGFjZS4=
TVNJX0RFQ09NX0hFQVZZX0lOVkVOVE9SWQ==,TyBwZXNvIGRvIHBlcnNvbmFnZW0gZXN0w6EgbXVpdG8gYWx0by4gVGVudGUgcmVkdXppciBvIHBlc28u
TVNJX0RFQ09NX09WRVJfSVRFTV9DT1VOVA==,w4kgbWFpcyBxdWUgbyBuw7ptZXJvIG3DoXhpbW8gZGUgaXRlbnMgKDMwMDAwKS4=
TVNJX0RFQ09NX1JVTkVfVUlfTk9UX09QRU5FRA==,VUkgSW5hdGl2YS4=
TVNJX0RFQ09NX1RBQkxFX05PVF9FWElU,TmVuaHVtYSBpbmZvcm1hw6fDo28gZGUgZGVjb21wb3Npw6fDo28u
TVNJX0RFQ09NX05PVF9FTk9VR0hfSVRFTV9DT1VOVA==,TyBuw7ptZXJvIGRlIGl0ZW5zIGEgZGVjb21wb3Igw6kgaW5zdWZpY2llbnRlLg==
TVNJX01BQ1JPX1VTRVJfUkVQT1JUX05PVF9VU0VfQVJFQQ==,RXN0YSDDqSB1bWEgw6FyZWEgb25kZSBuw6NvIMOpIHBvc3PDrXZlbCByZXBvcnRhci4=
TVNJX0dSQVBISUNfU0VUVElOR19SRU5ERVJfU1lTVEVN,QVBJIGdyw6FmaWNh
TVNJX1BBWV9DT05GSVJNX0JZX0lURU0=,XkZGMjkzMU9zIGl0ZW5zICVzIHVzYWRvc1xubsOjbyBlc3TDo28gaW5jbHXDrWRvcyBubyBjYW5jZWxhbWVudG8gZGEgYXNzaW5hdHVyYVxuZSBuw6NvIHBvZGVtIHNlciB0cm9jYWRvcyBub3ZhbWVudGUgcG9yICVzLg==
TVNJX0VOQ0hBTlRfTUFSS18x,RA==
TVNJX0VOQ0hBTlRfTUFSS18y,Qw==
TVNJX0VOQ0hBTlRfTUFSS18z,Qg==
TVNJX0VOQ0hBTlRfTUFSS180,VU0=
TVNJX1ZJRVdfQ09TVFVNRQ==,RXhpYmlyIFZpc3VhaXM=
TVNJX1NIT1JUQ1VUX1NLSUxMX1RPT0xUSVBfU1BfUEVSQ0VOVA==,ezB9IFVzZSBOw612ZWwgezF9IOKAi+KAiyhFc3A6IHsyfSUp
TVNJX1NIT1JUQ1VUX1NLSUxMX1RPT0xUSVBfU1BfVkFMVUU=,ezB9IFVzZSBOw612ZWwgezF9IOKAi+KAiyhFc3A6IHsyfSk=
TVNJX1NIT1JUQ1VUX1NLSUxMX1RPT0xUSVBfU1BfUEVSQ0VOVF9BUF9WQUxVRQ==,ezB9IFVzZSBOw612ZWwgezF9IOKAi+KAiyhTcDogezJ9JSwgQXA6IHszfSk=
TVNJX1NIT1JUQ1VUX1NLSUxMX1RPT0xUSVBfU1BfVkFMVUVfQVBfVkFMVUU=,ezB9IFVzZSBOw612ZWwgezF9IOKAi+KAiyhTcDogezJ9LCBBcDogezN9KQ==
TUlTX1NIT1JUQ1VUX1NLSUxMX1RPT0xUSVBfSE9US0VZX1NQX1BFUkNFTlQ=,ezB9IHsxfSBVc2FyIE7DrXZlbCB7Mn0gKEVzcDogezN9JSk=
TVNJX1NIT1JUQ1VUX1NLSUxMX1RPT0xUSVBfSE9US0VZX1NQX1ZBTFVF,ezB9IHsxfSBVc2UgTsOtdmVsIHsyfSAoRXNwOiB7M30p
TVNJX1NIT1JUQ1VUX1NLSUxMX1RPT0xUSVBfSE9US0VZX1NQX1BFUkNFTlRfQVBfVkFMVUU=,ezB9IHsxfSBVc2UgTsOtdmVsIHsyfSAoU3A6IHszfSUsIEFwOiB7NH0p
TVNJX1NIT1JUQ1VUX1NLSUxMX1RPT0xUSVBfSE9US0VZX1NQX1ZBTFVFX0FQX1ZBTFVF,ezB9IHsxfSBVc2UgTsOtdmVsIHsyfSAoU3A6IHszfSwgQXA6IHs0fSk=
TVNJX1FVRVNUSU5GT1dORF9RVUVTVF9USVRMRQ==,TUlTU8ODTzo=
TVNJX1NIT1dfRk9PVFBSSU5UX0VGRkVDVA==,VmVqYSBhcGVuYXMgbWluaGFzIHBlZ2FkYXM=
TVNJX05PX1NFQVJDSF9SRVNVTFRT,TmVuaHVtIGl0ZW0gY29tIGVzc2Ugbm9tZSBmb2kgZW5jb250cmFkby4=
TVNJX0NIRUNLX1BST0JBQklMSVRZ,SW5mb3JtYcOnw7Vlcw==
TVNJX1JFRklOSU5HX0JMQUNLU01JVEhfQmxFU1NJTkdfTVNHMQ==,QXZpc28=
TVNJX1JFRklOSU5HX0JMQUNLU01JVEhfQmxFU1NJTkdfTVNHMg==,Vm9jw6ogYWluZGEgbsOjbyBhcGxpY291IGEgQsOqbsOnw6NvIGRvIEZlcnJlaXJvLiBHb3N0YXJpYSBkZSBjb250aW51YXIgc2UgZm9ydGFsZWNlbmRvPw==
TVNJX1JFRklOSU5HX0JMQUNLU01JVEhfQmxFU1NJTkdfTVNHMw==,TsOjbyBzZXLDoSBhdmlzYWRvIG5vdmFtZW50ZSBkdXJhbnRlIG8gcmVmaW5hbWVudG8gZG8gZXF1aXBhbWVudG8u
TVNJX1BST0JBQklMSVRZX1RJVExF,SW5mb3JtYcOnw7VlcyBBZGljaW9uYWlz
TVNJX0NPTVBPTkVOVF9TRUFSQ0g=,QnVzY2FyIERyb3A=
TVNJX1BST0JBQklMSVRZ,Q2hhbmNl
TVNJX0lURU1fSElSRV9IT1VS,KHt9SG9yYSk=
TVNJX1JFRklOSU5HX1BST0JBQklMSVRZX1VSTA==,aHR0cHM6Ly9nb29nbGUuY29tLmJy
TVNJX0dSQURFX0VOQ0hBTlRfUFJPQkFCSUxJVFlfVVJM,aHR0cHM6Ly9nb29nbGUuY29tLmJy
TVNJX1NFTExJTkdTTE9UX1NVQ0NFU1M=,VW0gbm92byBzbG90IGRlIHBlcnNvbmFnZW0gZm9pIGNyaWFkby4=
TVNJX1NFTExJTkdTTE9UX0VSUk9SX1NZU1RFTQ==,TyBpdGVtIG7Do28gcMO0ZGUgc2VyIHVzYWRvIGRldmlkbyBhIHVtIGVycm8gZGVzY29uaGVjaWRvLg==
TVNJX1NFTExJTkdTTE9UX0VSUk9SX01BWFNMT1Q=,T3Mgc2xvdHMgZGUgcGVyc29uYWdlbnMgbsOjbyBwb2RlbSBtYWlzIHNlciBleHBhbmRpZG9zLg==
TVNJX0VUQ19QUk9CQUJJTElUWV9VUkw=,aHR0cHM6Ly9saW5rX2RhX3dpa2kuY29tLmJy
TVNJX0VUQ19QUk9CQUJJTElUWV9XRUJfQ09OTkVDVA==,RGVzZWphIGFjZXNzYXIgbm9zc2EgV2lraSBlIGZpY2FyIHBvciBkZW50cm8gZGUgdHVkbyBzb2JyZSBvIGpvZ28/
TVNJX0dFTkRFUl9DSEFOR0VfRkFJTEVEX0NBVVNFX0pPQg==,RXNzYSBjbGFzc2UgbsOjbyBwb2RlIHVzYXIgbyBpdGVtLg==
TVNJX0dFTkRFUl9DSEFOR0VfRkFJTEVEX0NBVVNFX0dST1VQ,TyBpdGVtIG7Do28gcG9kZSBzZXIgdXNhZG8gc2Ugdm9jw6ogZXN0aXZlciBlbSB1bSBncnVwbyBvdSBndWlsZGEu
TVNJX0dFTkRFUl9DSEFOR0VfRkFJTEVEX0NBVVNFX01BUlJJRUQ=,TyBpdGVtIG7Do28gcG9kZSBzZXIgdXNhZG8gZHVyYW50ZSBvIGNhc2FtZW50by4=
TVNJX0dFTkRFUl9DSEFOR0VfRkFJTEVEX0NBVVNFX01PTlNURVJfVFJBTlNGT1JN,QSBtdWRhbsOnYSBkZSBnw6puZXJvIG7Do28gcG9kZSBzZXIgcmVhbGl6YWRhIGR1cmFudGUgYSB0cmFuc2Zvcm1hw6fDo28u
TVNJX0dFTkRFUl9DSEFOR0VfTUVTU0FHRV9DT05GSVJN,Vm9jw6ogcXVlciBtdWRhciBvIGfDqm5lcm8gZG8gcGVyc29uYWdlbT9cbl5mZjAwMDBWb2PDqiBwcmVjaXNhIHNhaXIgZG8gZ3J1cG8gb3UgZ3VpbGRhIHBhcmEgbXVkYXIuXjAwMDAwMA==
TVNJX0dFTkRFUl9DSEFOR0VfTUVTU0FHRV9PSw==,SW5pY2lhciBtdWRhbsOnYSBkZSBnw6puZXJv
TVNJX0dFTkRFUl9DSEFOR0VfTUVTU0FHRV9DQU5DRUw=,TyB1c28gZG8gaXRlbSBmb2kgY2FuY2VsYWRvLg==
TVNJX0dFTkRFUl9DSEFOR0VfTUVTU0FHRV9DT01QTEVURQ==,TyBnw6puZXJvIGRvIHBlcnNvbmFnZW0gZm9pIGFsdGVyYWRvLg==
TVNJX01BQ1JPX0NIRUNLRVJfTUFQX05PVF9HTQ==,Vm9jw6ogbsOjbyB0ZW0gcGVybWlzc8OjbyBwYXJhIHVzYXIgZXN0ZSBjb21hbmRvLg==
TVNJX01BQ1JPX0NIRUNLRVJfTUFQX0JBTk5FRF9NQVA=,RXN0ZSBtYXBhIG7Do28gcGVybWl0ZSBhIGNyaWHDp8OjbyBkZSB2ZXJpZmljYWRvcmVzIGRlIG1hY3JvLg==
TVNJX01BQ1JPX0NIRUNLRVJfTUFQX0lTX0NPT0xUSU1F,Vm9jw6ogYWluZGEgbsOjbyBwb2RlIGNyaWFyIHVtIHZlcmlmaWNhZG9yIGRlIG1hY3JvLg==
TVNJX01BQ1JPX0NIRUNLRVJfTUFQX1NVQ0NFU1M=,VW0gdmVyaWZpY2Fkb3IgZGUgbWFjcm8gZm9pIGNyaWFkbyBuZXN0ZSBtYXBhLg==
TVNJX0dBTUVfU0VUVElOR1NfVEFCX0JBU0lD,QsOhc2ljbw==
TVNJX0dBTUVfU0VUVElOR1NfVEFCX0VGRkVDVA==,RWZlaXRvcw==
TVNJX0dBTUVfU0VUVElOR1NfVEFCX0NPTlRST0w=,Q29udHJvbGVz
TVNJX0dBTUVfU0VUVElOR1NfVEFCX0dSQVBISUNT,R3LDoWZpY29z
TVNJX0dBTUVfU0VUVElOR1NfRU1CTEVNX0ZSQU1F,Qm9yZGEgZG8gZW1ibGVtYQ==
TVNJX0dBTUVfU0VUVElOR1NfT04=,TGlnYXI=
TVNJX0dBTUVfU0VUVElOR1NfT0ZG,RGVzbGlnYXI=
TVNJX0dBTUVfU0VUVElOR1NfU0hPVw==,TW9zdHJhcg==
TVNJX0dBTUVfU0VUVElOR1NfSElERQ==,RXNjb25kZXI=
TVNJX0dBTUVfU0VUVElOR1NfUk9ERVhfU1BBTV9PTg==,UmVqZWl0YXIgdXN1w6FyaW9zIGFsZWF0w7NyaW9z
TVNJX0dBTUVfU0VUVElOR1NfUk9ERVhfU1BBTV9PRkY=,UmVjZWJlciB0b2RvcyBvcyB1c3XDoXJpb3M=
TVNJX0dBTUVfU0VUVElOR1NfUFJPQ0VTU19QUklPUklUWQ==,UHJpb3JpZGFkZSBCw6FzaWNh
TVNJX0dBTUVfU0VUVElOR1NfUFJPQ0VTU19QUklPUklUWV9ISUdI,QWx0YQ==
TVNJX0dBTUVfU0VUVElOR1NfUFJPQ0VTU19QUklPUklUWV9ISUdIX1RPT0xUSVA=,QXVtZW50ZSBhIHByaW9yaWRhZGUgZG8gcHJvY2Vzc28gZG8gUmFnbmFyb2sgcGFyYSB0b3JuYXIgbyBqb2dvIG1haXMgcsOhcGlkby4=
TVNJX0dBTUVfU0VUVElOR1NfUFJPQ0VTU19QUklPUklUWV9OT1JNQUw=,Tm9ybWFs
TVNJX0dBTUVfU0VUVElOR1NfUFJPQ0VTU19QUklPUklUWV9OT1JNQUxfVE9PTFRJUA==,RGVmaW5hIGEgcHJpb3JpZGFkZSBkbyBwcm9jZXNzbyBSYWduYXJvayBwYXJhIGEgY29uZmlndXJhw6fDo28gcGFkcsOjbyBOb3JtYWwu
TVNJX0dBTUVfU0VUVElOR1NfUFJPQ0VTU19QUklPUklUWV9JRExF,QmFpeGE=
TVNJX0dBTUVfU0VUVElOR1NfUFJPQ0VTU19QUklPUklUWV9JRExFX1RPT0xUSVA=,UmVkdXphIGEgcHJpb3JpZGFkZSBkbyBwcm9jZXNzbyBSYWduYXJvayBwYXJhIGZhY2lsaXRhciBzdWEgZXhlY3XDp8OjbyBjb20gb3V0cm9zIHByb2dyYW1hcy4=
TVNJX0dBTUVfU0VUVElOR1NfQVVSQQ==,TW9zdHJhciBBdXJh
TVNJX0dBTUVfU0VUVElOR1NfU0lNUExFX0FVUkE=,TW9zdHJhciBBdXJh
TVNJX0dBTUVfU0VUVElOR1NfU0lNUExFX0FVUkFfT0ZG,T3JpZ2luYWw=
TVNJX0dBTUVfU0VUVElOR1NfU0lNUExFX0FVUkFfT04=,TWluaSBBdXJh
TVNJX0dBTUVfU0VUVElOR1NfREFNQUdFX0VYUEFORA==,RXhpYmnDp8OjbyBkZSBkYW5vcw==
TVNJX0dBTUVfU0VUVElOR1NfREFNQUdFX0VYUEFORF9PTg==,RXhwYW5kaXIgZXhpYmnDp8Ojbw==
TVNJX0dBTUVfU0VUVElOR1NfREFNQUdFX0VYUEFORF9PRkY=,VmlzdWFsaXphw6fDo28gcGFkcsOjbw==
TVNJX0dBTUVfU0VUVElOR1NfTUFQX05BTUU=,QW8gc2UgbXVkYXIgcGFyYSB1bWEgcmVnacOjbw==
TVNJX0dBTUVfU0VUVElOR1NfTUFQX05BTUVfT04=,TW9zdHJhciBub21lIGRvIG1hcGE=
TVNJX0dBTUVfU0VUVElOR1NfTUFQX05BTUVfT0ZG,TsOjbyBtb3N0cmFyIG8gbm9tZSBkbyBtYXBh
TVNJX0dBTUVfU0VUVElOR1NfRk9H,RWZlaXRvIGRlIG5lYmxpbmE=
TVNJX0dBTUVfU0VUVElOR1NfRk9PVFBSSU5UX0VGRkVDVA==,RWZlaXRvIFBlZ2FkYQ==
TVNJX0dBTUVfU0VUVElOR1NfRk9PVFBSSU5UX0VGRkVDVF9BTEw=,VmVyIFRvZG9z
TVNJX0dBTUVfU0VUVElOR1NfU05BUA==,TW91c2UgU25hcA==
TVNJX0dBTUVfU0VUVElOR1NfU05BUF9BVFRBQ0s=,QWx2byBNb25zdHJv
TVNJX0dBTUVfU0VUVElOR1NfU05BUF9TS0lMTA==,QWx2byBkZSBIYWJpbGlkYWRl
TVNJX0dBTUVfU0VUVElOR1NfU05BUF9JVEVN,UGVnYXIgaXRlbQ==
TVNJX0dBTUVfU0VUVElOR1NfTk9fQ1RSTA==,U2VtIEN0cmw=
TVNJX0dBTUVfU0VUVElOR1NfTk9fQ1RSTF9URVhU,UXVhbmRvIG8gbW9uc3RybyBhdGFjYSBjb250aW51YW1lbnRlLCBuw6NvIHByZXNzaW9uZSBDdHJs
TVNJX0dBTUVfU0VUVElOR1NfTk9fU0hJRlQ=,U2VtIG11ZGFuw6dh
TVNJX0dBTUVfU0VUVElOR1NfTk9fU0hJRlRfVEVYVA==,UXVhbmRvIG8gbW9uc3RybyBhdGFjYXIgY29tIHVtYSBoYWJpbGlkYWRlIGRlIHJlY3VwZXJhw6fDo28sIG7Do28gcHJlc3Npb25lIFNoaWZ0Lg==
TVNJX0dBTUVfU0VUVElOR1NfWk9PTV9PVVRfVEVYVA==,UXVhbmRvIGFtcGxpYWRvLCBhIHRlbGEgw6kgZXhpYmlkYSB1bSBwb3VjbyBtYWlzIGFtcGxh
TVNJX0dBTUVfU0VUVElOR1NfTU9VU0VfRVhDTFVTSVZFX1RFWFQ=,Tm8gbW9kbyBqYW5lbGEsIG8gY3Vyc29yIGRvIG1vdXNlIG7Do28gc2FpIGRhIGphbmVsYQ==
TVNJX0dBTUVfU0VUVElOR1NfU0NSRUVOX01PREU=,TW9kbyBkZSB0ZWxh
TVNJX0dBTUVfU0VUVElOR1NfRlVMTFNDUkVFTl9NT0RF,TW9kbyB0ZWxhIGNoZWlh
TVNJX0dBTUVfU0VUVElOR1NfV0lORE9XX01PREU=,TW9kbyBqYW5lbGE=
TVNJX0dBTUVfU0VUVElOR1NfVFJJTElORUFS,RmlsdHJhZ2VtIHRyaWxpbmVhcg==
TVNJX01BQ1JPX0NIRUNLRVJfTUFQX05PVF9QUk9QRVJfTUFQ,QSByZWdpw6NvIGRlIGNvbWFuZG8gZXN0w6EgaW5jb3JyZXRhLg==
TVNJX1RBUkVOX1RSV1NES19GSUxURVJfU0VOU0lUSVZFV09SRFNfRVJST1I=,T2NvcnJldSB1bSBlcnJvIGRlIGludGVyZmFjZS4gVGVudGUgbm92YW1lbnRlIG1haXMgdGFyZGUu
TVNJX1RBUkVOX1RSV1NES19GSUxURVJfTk9fU0VORF9CRUNBVVNFX1NFTlNJVElWRVdPUkRTX0VSUk9S,T2NvcnJldSB1bSBlcnJvIGRlIGludGVyZmFjZS4gQSB0cmFuc21pc3PDo28gZm9pIGFib3J0YWRhLg==
TVNJX1JFRlVTRV9TREtfQVVUSF9GQUlMRUQ=,RmFsaGEgbmEgYXV0ZW50aWNhw6fDo28gZGFzIGluZm9ybWHDp8O1ZXMgZGUgbG9naW4gZG8gU0RLLiBUZW50ZSBub3ZhbWVudGUgbWFpcyB0YXJkZS4=
TVNJX0NIRUNLX0NIQVJfREVMRVRFX1RFWFQ=,Q29uZmlybWFyIGV4Y2x1c8OjbyBkbyBwZXJzb25hZ2Vt
TVNJX0JBTl9CTE9DS19DSEFSQ1RFUl9TRVJWRVJfU0VDT05EX1BBU1NXT1JEX0JS,QSBjb250YSBmb2kgcmVzdHJpbmdpZGEgZGUgYWNlc3NhciBvIGpvZ28gZGV2aWRvIGEgdW1hIHNlbmhhIHNlY3VuZMOhcmlhIGluY29ycmV0YS4gQSByZXN0cmnDp8OjbyBkZSBhY2Vzc28gc2Vyw6Egc3VzcGVuc2EgZW0gezI6MDJ9L3sxOjAyfS97MDowNH0gezM6MDJ9Ons0OjAyfS4gUGFyYSBzdXNwZW5kZXIgYSByZXN0cmnDp8OjbyBkZSBhY2Vzc28sIGFjZXNzZSBQw6FnaW5hIEluaWNpYWwgLT4gQWx0ZXJhciBJbmZvcm1hw6fDtWVzIFBlc3NvYWlzIC0+IFNlbmhhIFNlY3VuZMOhcmlhIGUgYXV0ZW50aXF1ZS1zZS4=
TVNJX1VTRVNLSUxMX0ZBSUxfTkVFRF9TSE9UR1VOX09SX0dBVExJTkdfT1JfR1JBTkFERQ==,Vm9jw6ogZGV2ZSBlc3RhciBlcXVpcGFkbyBjb20gdW1hIGVzcGluZ2FyZGEsIG1ldHJhbGhhZG9yYSBvdSBsYW7Dp2Fkb3IgZGUgZ3JhbmFkYXMu
TVNJX1RJUFRBR19GT0NVU19XQVJOSU5H,TsOjbyBow6EgbmVuaHVtIGxvY2FsIGVzcGVjaWZpY2FkbyBwYXJhIHVzYXIgYSB0YWcgPj4u
TVNJX05BVklHQVRJT05fTk9UX1NFQVJDSF9JTk1BUF9NU0c=,TmF2ZWdhw6fDo28gPjogbsOjbyBvZmVyZWNlIHN1cG9ydGUgw6AgcGVzcXVpc2Egbm8gbWFwYSBkbyBhbWJpZW50ZSBpbnRlcm5vLg==
TVNJX0VSUk9SUE9QVVBfVElUTEU=,Y8OzZGlnbyBkZSBlcnJvIC0gJTA4ZA==
TVNJX0VSUk9SUE9QVVBfREVUQUlM,UG9yIGZhdm9yLCB0aXJlIHVtYSBjYXB0dXJhIGRlIHRlbGEgZG8gY8OzZGlnbyBkZSBlcnJvIGUgZW50cmUgZW0gY29udGF0byBjb20gbyBHTS4=
TVNJX05BVklHQVRJT05fUlNfUkVGQUlMVEFSR0VUUk9VVEU=,Vm9jw6ogc2FpdSBkYSByb3RhLiBQb3IgZmF2b3IsIHJldG9ybmUu
TVNJX1JVTkVTWVNURU1fUkVXQVJEX05PVE1FVA==,UG9yIGZhdm9yLCByZXRpcmUgY29tIGFudGVjZWTDqm5jaWEu
TVNJX1JVTkVTWVNURU1fUkVXQVJEX0NPTVBMRVRF,RXN0YSDDqSB1bWEgcmVjb21wZW5zYSBkZSBjb2xlw6fDo28gcXVlIGrDoSBmb2kgb2J0aWRhLg==
TVNJX1JVTkVTWVNURU1fUkVXQVJEX0VNUFRZ,TsOjbyBow6EgcmVjb21wZW5zYXMgZGUgY29sZcOnw6NvLg==
TVNJX1JVTkVTWVNURU1fUkVXQVJEX0ZBSUw=,RmFsaGEgYW8gb2J0ZXIgcmVjb21wZW5zYSBkZSBjb2xldGEu
TVNJX1JVTkVTWVNURU1fUkVXQVJEX1RJVExF,UmVjb21wZW5zYSBkZSBjb2xlw6fDo28gZGUgY29uanVudG8gZGUgcnVuYXM=
TVNJX1NUT1JFX1BBU1NXT1JEX09OT0ZGX01TRw==,U2VuaGEgZG8gYXJtYXrDqW0gZGUgaXRlbnM=
TVNJX0NBU0hTSE9QX1BBU1NXT1JEX09OT0ZGX01TRw==,U2VuaGEgZGEgbG9qYSBkZSBkaW5oZWlybw==
TVNJX1NFQ09ORF9QQVNTV09SRF9PTk9GRl9USVBfTVNH,Q2xpcXVlIHBhcmEgdXNhciBzZW5oYQ==
TVNJX1JFTU9WRV9IRUFEX0NPTE9S,cmVtb8Onw6NvIGRlIGNvcmFudGU=
TVNJX0dFTkRFUl9DSEFOR0VfRkFJTEVEX0NBVVNFX1JJRElORw==,SXRlbnMgZGUgbXVkYW7Dp2EgZGUgZ8OqbmVybyBuw6NvIHBvZGVtIHNlciB1c2Fkb3Mg4oCL4oCLZHVyYW50ZSBhIGNvbmR1w6fDo28u
TVNJX1VTRV9JVEVNX0ZBSUxFRA==,SXRlbnMgY29uc3Vtw612ZWlzIG7Do28gcG9kZW0gc2VyIHVzYWRvcyDigIvigItlbSBzZXUgZXN0YWRvIGF0dWFsLg==
TVNJX1JVTkVTWVNURU1fUkVXQVJEX0NBTk5PVF9GSU5EX0lURU0=,QXMgaW5mb3JtYcOnw7VlcyBuw6NvIGNvaW5jaWRlbS4=
TVNJX1JVTkVTWVNURU1fUkVXQVJEX01BWF9JTlZFTlRPUlk=,TsOjbyBow6EgZXNwYcOnbyBkZSBpbnZlbnTDoXJpbyBzdWZpY2llbnRlLiBMaW1wZSBhbGd1bSBlc3Bhw6dvIG5vIGludmVudMOhcmlvIGUgdGVudGUgbm92YW1lbnRlLg==
TVNJX1JVTkVTWVNURU1fUkVXQVJEX0hFQVZZX0lOVkVOVE9SWQ==,QXMgcmVjb21wZW5zYXMgbsOjbyBwb2RlbSBzZXIgb2J0aWRhcyBkZXZpZG8gYW8gcGVzbyBleGNlc3Npdm8u
TVNJX1JVTkVTWVNURU1fUkVXQVJEX09WRVJfSVRFTV9DT1VOVA==,QSBxdWFudGlkYWRlIG3DoXhpbWEgZGUgaXRlbnMgw6kgc3VwZXJpb3IgYSAzMC4wMDAu
TVNJX1JVTkVTWVNURU1fUkVXQVJEX1JVTkVfVUlfTk9UX09QRU5FRA==,QSBJVSBuw6NvIGVzdMOhIGFiZXJ0YS4=
TVNJX1JVTkVTWVNURU1fUkVXQVJEX1RBQkxFX05PVF9FWElU,TsOjbyBleGlzdGUgaW5mb3JtYcOnw6NvLg==
TVNJX0NBTk5PVF9NT1ZFX0lORE9PUl9NQVA=,TyBtb3ZpbWVudG8gaW50ZXJubyBpbnN0YW50w6JuZW8gbsOjbyDDqSBzdXBvcnRhZG8u
TVNJX0dBTUVfU0VUVElOR1NfTE9HSU5PVVQ=,Tm90aWZpY2HDp8OjbyBkZSBsb2dpbg==
TVNJX0dBTUVfU0VUVElOR1NfVEFCX0VUQw==,T3V0cmFzIGNvbmZpZ3VyYcOnw7Vlcw==
TVNJX0dBTUVfU0VUVElOR1NfRk9HX09O,QXRpdmFyw6E=
TVNJX0dBTUVfU0VUVElOR1NfRk9HX09GRg==,RGVudGUgZGVzbGlnYWRv
TVNJX0NBTk5PVF9SRUNFSVZFX1dFQk1BTExfUk9ERVg=,Kk9zIHByb2R1dG9zIGFkcXVpcmlkb3Mgbm8gV2ViIE1hbGwgbsOjbyBwb2RlbSBzZXIgcmVjZWJpZG9zIGRlc3RlIHNlcnZpZG9yLg==
TVNJX0RBTUFHRURfSEVBRA==,Q2FwYWNldGU=